Title;Concept;Glossary term » Taxonomy term » Acronym (indexed field);Definition;Deliverable(s);Glossary term » Taxonomy term » Alternative labels (indexed field);term_id;node_id;Unnamed: 8;Unnamed: 9;Unnamed: 10;Unnamed: 11;Unnamed: 12;Unnamed: 13;Unnamed: 14;Unnamed: 15;Unnamed: 16;Unnamed: 17;Unnamed: 18
abiotic pollination_ppa;abiotic pollination;;Pollination (q.v.) without the agency of animal pollinators (q.v.), i.e. by wind, water or gravity.;Pollination assessment;;24513;40619.0;;;;;;;;;;;
abundance (ecological)_apa_ldr_ama_sua_eca;abundance (ecological);;The size of a population of a particular life form in a given area.;Asia-Pacific assessment, Land degradation and restoration assessment, Americas assessment, Sustainable use assessment, Europe and Central Asia assessment;;21524;16224.0;;;;;;;;;;;
abyssal plain_ga1;abyssal plain;;An extensive level area of the deep ocean floor typically situated between the foot of the continental rise or mid-ocean ridge and an oceanic trench and covered with fine sediments.;Global assessment (1st work programme);;24514;40621.0;;;;;;;;;;;
acaricide_ppa;acaricide;;A substance that kills mites and ticks (Acari). Acaricides may be synthetic chemicals, natural chemicals, or biological agents.;Pollination assessment;;24515;40622.0;;;;;;;;;;;
acceptance_afa_apa;acceptance;;Acceptance of the Platform’s outputs at a session of the Plenary signifies that the material has not been subjected to line-by-line discussion and agreement, but nevertheless presents a comprehensive and balanced view of the subject matter.;Africa assessment, Asia-Pacific assessment;;21525;16225.0;;;;;;;;;;;
access and benefit sharing_ga1_sua;access and benefit sharing;ABS;Access and benefit-sharing (ABS) refers to the way in which genetic resources may be accessed, and how the benefits that result from their use are shared between the people or countries using the resources (users) and the people or countries that provide them (providers). In some cases, this also includes valuable traditional knowledge associated with genetic resources that comes from Indigenous Peoples and Local Communities. The benefits to be shared can be monetary, such as sharing royalties when the resources are used to create a commercial product, or non-monetary, such as the development of research skills and knowledge.;Global assessment (1st work programme), Sustainable use assessment;;24516;40623.0;;;;;;;;;;;
accountability_afa;accountability;;Is an assurance that an individual or an organization will be evaluated on their performance or behaviour related to something for which they are responsible.;Africa assessment;;24518;40626.0;;;;;;;;;;;
acid deposition_ldr;acid deposition;;Precipitation with a low pH (acid) caused by atmospheric pollutants.;Land degradation and restoration assessment;;24519;40627.0;;;;;;;;;;;
acid sulfate soil_ldr;acid sulfate soil;;Common name for soils that contain metal sulphides.;Land degradation and restoration assessment;;24520;40628.0;;;;;;;;;;;
acidification_sua_eca_ga1_ama_ldr;acidification;;Ongoing decrease in pH away from neutral value of 7. Often used in reference to oceans, freshwater or soils, as a result of uptake of carbon dioxide from the atmosphere.;Sustainable use assessment, Europe and Central Asia assessment, Global assessment (1st work programme), Americas assessment, Land degradation and restoration assessment;;21526;16933.0;;;;;;;;;;;
active disruption_tca;active disruption;;Deliberative efforts to elicit and trigger destabilization or removal of one or more barriers and their related challenges resulting in long-term change in a part or whole system level of infrastructures, markets, regulations, actors and networks, practices, behaviours and views towards biodiversity restoration and living in harmony with nature (Kivimaa et al., 2021).;Transformative change assessment;;33925;87914.0;;;;;;;;;;;
active restoration_ldr;active restoration;;See restoration.;Land degradation and restoration assessment;;24521;40630.0;;;;;;;;;;;
actor_eca;actor;;Individual person or group representative that is involved in a specific decision- making context.;Europe and Central Asia assessment;;24522;40631.0;;;;;;;;;;;
adaptability_ga1;adaptability;;The capacity to adjust responses to changing external drivers and internal processes, and thereby channel development along the preferred trajectory in what is called a stability domain.;Global assessment (1st work programme);;24523;40634.0;;;;;;;;;;;
adaptation_eca_ama_apa;adaptation;;Adjustment in natural or human systems to a new or changing environment, whether through genetic or behavioural change.;Europe and Central Asia assessment, Americas assessment, Asia-Pacific assessment;;21527;16226.0;;;;;;;;;;;
adaptation response_apa;adaptation response;;Responsive outcome from adaptations, either antropogenic (such as adaptations to environmental change) or natural (such as species adaptations, possibly arising from selective pressures).;Asia-Pacific assessment;;24524;40636.0;;;;;;;;;;;
adaptive capacity_ldr_apa_ga1_ama_eca_nxs_tca;adaptive capacity;;The general ability of institutions, systems, and individuals to adjust to potential damage, to take advantage of opportunities, or to cope with the consequences.;Land degradation and restoration assessment;;21528;16227.0;;;;;;;;;;;
adaptive co-management_apa;adaptive co-management;;An extension of Co-management. A means of sustaining socio-ecological systems by building their resilience and adaptive capacity and establishing sustainable pathways as well as providing a novel institutional arrangement to generate adaptive responses.;Asia-Pacific assessment;;24525;40638.0;;;;;;;;;;;
adaptive governance_tca;adaptive governance;;Includes a range of interactions between actors, networks, organizations, and institutions emerging in pursuit of a desired state for social-ecological systems. It goes beyond top-down processes and explicitly requires processes of participatory co-evaluation and bottom-up evaluation, and responds to the uncertainties and complexities associated with global environmental change.;Transformative change assessment;;28631;87918.0;;;;;;;;;;;
adaptive learning_tca;adaptive learning;;Engagement in ongoing processes of evaluation, learning and adaptation, which allow for contestation, attentive care towards unfolding impacts and mitigation of unintended consequences (Barth et al., 2023).;Transformative change assessment;;33926;87919.0;;;;;;;;;;;
adaptive management_apa_ama_eca;adaptive management;;A systematic process for continually improving management policies and practices by learning from the outcomes of previously employed policies and practices. In active adaptive management, management is treated as a deliberate experiment for purposes of learning.;Asia-Pacific assessment, Americas assessment, Europe and Central Asia assessment;;21529;16228.0;;;;;;;;;;;
adaptive radiation_ga1;adaptive radiation;;The evolution of a number of divergent species from a common ancestor, each species becoming adapted to occupy a different ecological niche.;Global assessment (1st work programme);;24526;40641.0;;;;;;;;;;;
adoption_afa_apa;adoption;;Adoption of an IPBES report is a process of section-by-section (and not line-by-line) endorsement, as described in section 3.9, at a session of the Plenary.;Africa assessment, Asia-Pacific assessment;;21530;16229.0;;;;;;;;;;;
aeorobic_ldr;aeorobic;;A condition in which molecular oxygen is freely available.;Land degradation and restoration assessment;;24527;40642.0;;;;;;;;;;;
aerosol_ga1_sua;aerosol;;A collection of solid or liquid particles suspended in a gas. They include dust, smoke, mist, fog, haze, clouds, and smog.;Global assessment (1st work programme), Sustainable use assessment;;24528;40643.0;;;;;;;;;;;
affected actor_va;affected actor;;People and organizations who are directly involved in (and dependent on) the implementation of biodiversity related decisions and have their own stakes and interests.;Values assessment;;24529;40644.0;;;;;;;;;;;
afforestation_ama;afforestation;;Converting grasslands or shrublands into tree plantations. Afforestation is sometimes suggested as a tool to sequester carbon, but it can have negative impacts on biodiversity and ecosystem function.;Americas assessment;;21531;16934.0;;;;;;;;;;;
agency_tca;agency;;The capacity of individual and collective actors to change the course of events or the outcome of processes (Otto et al., 2020). For transformative change, agency can be exercised through a range of roles with individuals working to enact change within their own spheres of influence. Agency can also apply to non-human entities (Watts, 2013). In this assessment, agency is recognized as something that can be created, shaped and constrained by political-economic processes, cultural and social norms, dominant system paradigms and education and knowledge systems (chapter 3).;Transformative change assessment;;33927;87923.0;;;;;;;;;;;
agenda setting_scm_ldr_ama_eca;agenda setting;;One of four phases in the policy cycle. Agenda setting motivates and sets the direction for policy design and implementation.;Scenarios and models assessment, Land degradation and restoration assessment, Americas assessment, Europe and Central Asia assessment;;21532;16230.0;;;;;;;;;;;
agri-environmental scheme_ppa_eca;agri-environmental scheme;;Schemes that provide funding to farmers and land managers to farm in ways that support biodiversity, enhance the landscape, and improve the quality of water, air and soil (see also agroecology as integral to such schemes).;Pollination assessment, Europe and Central Asia assessment;;21535;16233.0;;;;;;;;;;;
agribusiness_ldr;agribusiness;;Collective business activities that are performed from farm to table. It covers agricultural input suppliers, producers, agroprocessors, distributors, traders, exporters, retailers and consumers. Agro- industry refers to the establishment of linkages between enterprises and supply chains for developing, transforming and distributing specific inputs and products in the agriculture sector. Consequently, agro-industries are a subset of the agribusiness sector. Agribusiness and agro-industry both involve commercialization and value addition of agricultural and post-production enterprises, and the building of linkages among agricultural enterprises. The terms agribusiness and agro-industries are often associated with large-scale farming enterprises or enterprises involved in large-scale food production, processing, distribution and quality control of agricultural products.;Land degradation and restoration assessment;;24530;40645.0;;;;;;;;;;;
agricultural biodiversity_nxs;agricultural biodiversity;;A broad term that includes all components of biological diversity of relevance to food and agriculture, and all components of biological diversity that constitute the agricultural ecosystems (agroecosystems). Includes the variety and variability of animals, plants and micro-organisms, at the genetic, species and ecosystem levels, which are necessary to sustain key functions of the agroecosystem, its structure and processes (CBD, 2000).;Nexus assessment;;33928;87924.0;;;;;;;;;;;
agricultural commodity_ldr;agricultural commodity;;A primary agricultural product that can be bought and sold.;Land degradation and restoration assessment;;24531;40646.0;;;;;;;;;;;
agricultural ecosystem / agroecosystem_nxs;agricultural ecosystem / agroecosystem;;Communities of plants and animals interacting with their physical and chemical environments that have been modified by people to produce food, fibre, fuel and other products for human consumption and processing (Altieri et al., 2015).;Nexus assessment;;33929;87925.0;;;;;;;;;;;
agricultural extensification_ga1_ldr;agricultural extensification;;The process (or trend) of developing a more extensive production system, i.e. one which utilizes large areas of land, but with minimal inputs and expenditures of capital and labour.;Global assessment (1st work programme), Land degradation and restoration assessment;;24532;40647.0;;;;;;;;;;;
agricultural extension_ppa_apa;agricultural extension;;A service whereby knowledge about agricultural practices, technologies, tools, and innovations is conveyed to farmers and rural people.;Pollination assessment, Asia-Pacific assessment;;21533;16231.0;;;;;;;;;;;
agricultural intensification_ga1_ama_eca_ldr_apa_ga1;agricultural intensification;;An increase in agricultural production per unit of inputs (which may be labour, land, time, fertilizer, seed, feed or cash).;Global assessment (1st work programme), Americas assessment, Europe and Central Asia assessment, Land degradation and restoration assessment, Asia-Pacific assessment, Global assessment (1st work programme);;21534;16232.0;;;;;;;;;;;
agricultural orientation index_ldr;agricultural orientation index;AOI;The Agriculture Orientation Index (AOI) for Government Expenditures is defined as the Agriculture Share of Government Expenditures, divided by the Agriculture Share of Gross Domestic Product (GDP), where Agriculture refers to the agriculture, forestry, fishing and hunting sector.;Land degradation and restoration assessment;;24533;40650.0;;;;;;;;;;;
agricultural production landscapes_apa;agricultural production landscapes;;See Agro ecological zones.;Asia-Pacific assessment;;24534;40651.0;;;;;;;;;;;
agrisilvicultural system_ldr;agrisilvicultural system;;A land-use system in which growing of trees and agriculture crops occur together in same lands.;Land degradation and restoration assessment;;24535;40652.0;;;;;;;;;;;
agrisilvipastoral system_ldr;agrisilvipastoral system;;A land-use system, implying the combination or deliberate association of a woody component (trees or shrubs) with cattle in the same site.;Land degradation and restoration assessment;;24536;40653.0;;;;;;;;;;;
agro-deforestation_apa;agro-deforestation;;The removal of trees or de-emphasis on the planting and/or protection of trees in the context of existing agroecosystems.;Asia-Pacific assessment;;24538;40659.0;;;;;;;;;;;
agro-ecological zone_afa_ama_ppa_ga1;agro-ecological zone;;Geographic areas with homogeneous sets of climatic parameters and natural resource characteristics, such as rainfall, solar radiation, soil types and soil qualities, which correspond to a level of agricultural potential.;Africa assessment, Americas assessment, Pollination assessment, Global assessment (1st work programme);;21537;16234.0;;;;;;;;;;;
agrobiodiversity_ldr;agrobiodiversity;;A broad term that includes all components of biological diversity of relevance to food and agriculture, and all components of biological diversity that constitute the agricultural ecosystems, also named agro-ecosystems: the variety and variability of animals, plants and micro-organisms, at the genetic, species and ecosystem levels, which are necessary to sustain key functions of the agro-ecosystem, its structure and processes (CBD COP decision V/5, appendix). Agricultural biodiversity is the outcome of the interactions among genetic resources, the environment and the management systems and practices used by farmers, in some cases over millennia.;Land degradation and restoration assessment;;21536;40654.0;;;;;;;;;;;
agrochemical_ldr;agrochemical;;Any substance used to help manage an agricultural ecosystem, or the community of organisms in a farming area. Agrochemicals include: (i) fertilizers;;;;;;;;;;;;;;;
agroecological agriculture_ppa;agroecological agriculture;;An approach that aims to regenerate functionally interacting biodiversity leading to sustainable, resilient systems. Methods are knowledge, management and labour- intensive rather than input intensive, and are often rooted in traditional farming practices and/or are co-developed by farmers and scientists working together.;Pollination assessment;;24539;40660.0;;;;;;;;;;;
agroecology_ama;agroecology;;The science and practice of applying ecological concepts, principles and knowledge (i.e. the interactions of, and explanations for, the diversity, abundance and activities of organisms) to the study, design and management of sustainable agroecosystems. It includes the roles of human beings as a central organism in agroecology by way of social and economic processes in farming systems. Agroecology examines the roles and interactions among all relevant biophysical, technical and socioeconomic components of farming systems and their surrounding landscapes.;Americas assessment;;21538;16235.0;;;;;;;;;;;
agroecosystem_apa;agroecosystem;;A human activity system that provides specific services and possesses certain characteristics such as defined biodiversity, a determined ecological succession and food webs and nutrient cycles.;Asia-Pacific assessment;;21539;40662.0;;;;;;;;;;;
agroforestry_ldr;agroforestry;;A collective name for land-use systems and technologies where woody perennials (trees, shrubs, palms, bamboos and so on) are deliberately used on the same land-management units as agricultural crops and/or animals, in some form of spatial arrangement or temporal sequence. Agroforestry can enhance the food supply, income and health of smallholder farmers and other rural people.;Land degradation and restoration assessment;;21540;40664.0;;;;;;;;;;;
ahimsā_tca;ahimsā;;"Principle of non-violence in the context of a cosmology where ""all lives are integrated and to harm other is to hurt the community as a whole"" (Singh, 2014). Origin: India";Transformative change assessment;;34209;88326.0;;;;;;;;;;;
Aichi (biodiversity) targets_eca_ama_ldr_ga1_sua_apa_scm;Aichi (biodiversity) targets;;The 20 targets set by the Conference of the Parties to the Convention for Biological Diversity (CBD) at its tenth meeting, under the Strategic Plan for Biodiversity 2011-2020.;Europe and Central Asia assessment, Americas assessment, Land degradation and restoration assessment, Global assessment (1st work programme), Sustainable use assessment, Asia-Pacific assessment, Scenarios and models assessment;;21541;16236.0;;;;;;;;;;;
albedo_ga1;albedo;;The fraction of solar radiation reflected by a surface or object, often expressed as a percentage.;Global assessment (1st work programme);;24540;40668.0;;;;;;;;;;;
alien invasive species_ppa;alien invasive species;;Alien species that becomes established in natural or semi-natural ecosystems or habitat, are agents of change, and threaten native biological diversity.;Pollination assessment;;24541;40669.0;;;;;;;;;;;
alien species_ama_ldr_eca;alien species;;See invasive alien species.;Americas assessment, Land degradation and restoration assessment, Europe and Central Asia assessment;;21542;16237.0;;;;;;;;;;;
alliance for zero extinction sites_afa;alliance for zero extinction sites;;Refer to sites containing 95% or more of the remaining population of one or more species listed as endangered or critically endangered on the IUCN Red List of Threatened Species.;Africa assessment;;24542;40671.0;;;;;;;;;;;
alluvial soil_ldr;alluvial soil;;Soils deposited by water.;Land degradation and restoration assessment;;24543;40672.0;;;;;;;;;;;
alpha diversity_ga1;alpha diversity;;The diversity of species within a particular area or ecosystem, expressed by the number of species (species richness) present there.;Global assessment (1st work programme);;24544;40673.0;;;;;;;;;;;
alternative futures_apa;alternative futures;;Plausible future pathways either arising from or forming scenario assessments, often presented as narratives that explore or articulate possibilities.;Asia-Pacific assessment;;24545;40674.0;;;;;;;;;;;
alternative trajectories_apa;alternative trajectories;;Variable pathways or routes leading to plausible Alternative Futures.;Asia-Pacific assessment;;24546;40675.0;;;;;;;;;;;
ameliorative policy arrangements_apa;ameliorative policy arrangements;;Policy combinations that act to improve condistions or situations.;Asia-Pacific assessment;;24547;40676.0;;;;;;;;;;;
amorphous_ldr;amorphous;;Without a clearly defined shape or form.;Land degradation and restoration assessment;;24548;40677.0;;;;;;;;;;;
anaerobic_ldr;anaerobic;;Descriptive of a condition in which molecular oxygen is not available.;Land degradation and restoration assessment;;24549;40678.0;;;;;;;;;;;
animism_apa;animism;;The attribution of a soul to plants, inanimate objects, and natural phenomena.;Asia-Pacific assessment;;21543;40679.0;;;;;;;;;;;
annual_ppa;annual;;adj. Referring to events that occur once each year. Botanical meaning refers to plants that grow from seed to maturity, reproduction and death in one year. Related terms are biennial (plants that take two years to complete their life cycles), and perennial (plants that take several to many years to complete their life cycles).;Pollination assessment;;21544;40680.0;;;;;;;;;;;
anoxic_ldr;anoxic;;Depleted of dissolved oxygen.;Land degradation and restoration assessment;;24550;40682.0;;;;;;;;;;;
anoxic event_ga1;anoxic event;;Extreme coastal hypoxic conditions (dissolved oxygen &lt;;;;;;;;;;;;;;;
anthrome_ga1;anthrome;;A shortened form for 'anthropogenic biome', also known as 'human biome'. Describes the contemporary, human-altered form of biomes. Transformation to an anthrome occurs where people capture one or more nature's contributions to people into anthropogenic pathways to a high degree. The four IPBES anthromes are broader and more aggregated than many formally described anthromes. Since anthromes are transformed parts of a biome, the pre-transformation extent of the biome may be relevant for analysis.;Global assessment (1st work programme);;24552;40684.0;;;;;;;;;;;
anthropocene_ga1;anthropocene;;A proposed term for the present time interval, which recognizes humanity’s profound imprint on and role in the functioning of the Earth system. Since it was first proposed in 2000, the term has evolved in breadth and diversely, now ranging from a proposed definition of a new geological epoch, a widely-used metaphor for global change, a novel analytical framework, a meme about the relationship of society to nature, and the framing for new and contested cultural narratives. Different starting periods have been proposed for the geological definition of the Anthropocene, including early agriculture and domestication, colonial species exchange, the onset of the industrial revolution, nuclear bomb deployment in 1945, and the post-WWII period characterized by the great acceleration of global changes and the spread of techno-fossils. A proposal to formalize the ‘Anthropocene’ as a defined geological unit within the Geological Time Scale remains under discussion by the ‘Anthropocene’ Working Group for consideration by the International Commission on Stratigraphy.;Global assessment (1st work programme);;24553;40686.0;;;;;;;;;;;
anthropocentric_ga1_sua;anthropocentric;;Anthropocentric qualifies an action or a perception of a given situation that is interpreted by humans or consider humans as the main focus. Nature's contributions to people are fundamentally anthropocentric.;Global assessment (1st work programme), Sustainable use assessment;;24554;40688.0;;;;;;;;;;;
anthropocentric value_ldr_eca;anthropocentric value;;See values.;Land degradation and restoration assessment, Europe and Central Asia assessment;;21545;16239.0;;;;;;;;;;;
anthropocentrism_tca;anthropocentrism;;The ethical belief that humans alone possess intrinsic value (Goralnik &amp;;;;;;;;;;;;;;;
anthropogenic_ldr;anthropogenic;;Originating from human activity.;Land degradation and restoration assessment;;24555;40692.0;;;;;;;;;;;
anthropogenic assets_eca_ama;anthropogenic assets;;Built-up infrastructure, health facilities, or knowledge - including indigenous and local knowledge systems and technical or scientific knowledge - as well as formal and non-formal education, work, technology (both physical objects and procedures), and financial assets. Anthropogenic assets have been highlighted to emphasize that a good quality of life is achieved by a co-production of benefits between nature and people.;Europe and Central Asia assessment, Americas assessment;;21546;16240.0;;;;;;;;;;;
anthropogenic biome_ga1;anthropogenic biome;;See 'Anthrome'.;Global assessment (1st work programme);;24556;40696.0;;;;;;;;;;;
anthropogenic drivers_scm;anthropogenic drivers;;Drivers associated with human actions/activities that drive changes in biodiversity and ecosystems.;Scenarios and models assessment;;24557;40697.0;;;;;;;;;;;
anthropogenic impact_ama;anthropogenic impact;;Impacts resulting from human activities.;Americas assessment;;24558;40698.0;;;;;;;;;;;
anthropogenic landscape_ga1;anthropogenic landscape;;Areas of Earth's terrestrial surface where direct human alteration of ecological patterns and processes is significant, ongoing, and directed toward servicing the needs of human populations for food, shelter and other resources and services including recreation and aesthetic needs.;Global assessment (1st work programme);;24559;40699.0;;;;;;;;;;;
anthropogenic pressure_apa;anthropogenic pressure;;Caused or influenced by humans.;Asia-Pacific assessment;;24560;40700.0;;;;;;;;;;;
anthropogenic value_scm;anthropogenic value;;A concept or construct generated by humans. While it can be argued that all principles and preferences are anthropogenic (human-generated), this does not mean they are all anthropocentric (human-centred).;Scenarios and models assessment;;24561;40701.0;;;;;;;;;;;
aphotic zone_apa;aphotic zone;;Aphotic zone is the portion of a lake or ocean where there is little or no sunlight. It is formally defined as the depths beyond which less than 1% of sunlight penetrates.;Asia-Pacific assessment;;24562;40702.0;;;;;;;;;;;
apiculture_ppa;apiculture;;(see Beekeeping).;Pollination assessment;;24563;40703.0;;;;;;;;;;;
approval_afa_ama_ga1_apa;approval;;Approval of the Platform's outputs signifies that the material has been subject to detailed, line-by-line discussion and agreement by consensus at a session of the Plenary.;Africa assessment, Americas assessment, Global assessment (1st work programme), Asia-Pacific assessment;;21547;16241.0;;;;;;;;;;;
aquaculture_eca_apa_ama;aquaculture;;The farming of aquatic organisms, including fish, molluscs, crustaceans and aquatic plants, involving interventions such as regular stocking, feeding, protection from predators, to enhance production. (In contrast, aquatic organisms which are exploitable by the public as a common property resource, are classed as fisheries, not aquaculture).;Europe and Central Asia assessment, Asia-Pacific assessment, Americas assessment;;21548;16873.0;;;;;;;;;;;
aqueous slurries_ldr;aqueous slurries;;A semi-liquid mixture, typically of fine particles of manure, cement, or coal suspended in water.;Land degradation and restoration assessment;;24564;40705.0;;;;;;;;;;;
aquifer_ldr;aquifer;;A body of permeable rock which can contain or transmit groundwater.;Land degradation and restoration assessment;;24565;40706.0;;;;;;;;;;;
arable_ppa;arable;;adj. Pertaining to land that can be farmed.;Pollination assessment;;24566;40707.0;;;;;;;;;;;
archetype_afa_apa_ama_eca_ga1_sua;archetype;;In the context of scenarios, an over-arching scenario that embodies common characteristics of a number of more specific scenarios.;Africa assessment, Asia-Pacific assessment, Americas assessment, Europe and Central Asia assessment, Global assessment (1st work programme), Sustainable use assessment;;24567;16242.0;;;;;;;;;;;
arenas of engagement_nxs;arenas of engagement;;Refers to the many different settings, places, spaces and contexts within which governance actors interact to shape nexus approaches and initiatives. These governance interactions are not confined to political or policy domains but rather occur in diverse arenas, such as socio-cultural and ecological;;;;;;;;;;;;;;;
arid ecosystem_afa_apa_ama_ldr;arid ecosystem;;Those in which water availability severely constrains ecological activity.;Africa assessment, Asia-Pacific assessment, Americas assessment, Land degradation and restoration assessment;;24568;16243.0;;;;;;;;;;;
arid region_apa;arid region;;A region is arid when it is characterized by a severe lack of available water, to the extent of hindering or preventing the growth and development of plant and animal life. Environments subject to arid climates tend to lack vegetation and are called xeric or desertic.;Asia-Pacific assessment;;24569;40708.0;;;;;;;;;;;
aridification_ldr_eca_afa;aridification;;A chronic reduction in soil moisture caused by an increase of mean annual temperature or a decrease in yearly precipitation.;Land degradation and restoration assessment, Europe and Central Asia assessment, Africa assessment;;21551;16244.0;;;;;;;;;;;
article 8(j) of the CBD_ga1;article 8(j) of the CBD;;Article 8(j) states that each contracting Party of the Convention on Biological Diversity shall, as far as possible and as appropriate, subject to national legislation, respect, preserve and maintain knowledge, innovations and practices of indigenous and local communities embodying traditional lifestyles relevant for the conservation and sustainable use of biological diversity and promote their wider application with the approval and involvement of the holders of such knowledge, innovations and practices and encourage the equitable sharing of the benefits arising from the utilization of such knowledge innovations and practices.;Global assessment (1st work programme);;24570;40709.0;;;;;;;;;;;
asia-pacific region_apa;asia-pacific region;;One of 4 regions defined in the IPBES framework and includes 62 countries or territories from five subregions, namely Oceania (American Samoa*, Australia, Commonwealth of the Northern Mariana Islands*, Cook Islands, Fiji, French Polynesia*, Guam*, Hawai’i*, Kiribati, Marshall Islands, Federated States of Micronesia, Nauru, New Caledonia*, New Zealand, Niue*, Palau, Papua New Guinea, Pitcairn Island*, Samoa, Solomon Islands, *Tokelau, Tonga, Tuvalu, Vanuatu, Wallis and Futuna, and oceanic and sub-Antarctic islands in the Pacific and Indian Oceans*), South-East Asia (Brunei Darussalam, Cambodia, Indonesia, Lao People’s Democratic Republic, Malaysia, Myanmar, Philippines, Singapore, Thailand, Timor-Leste, and Viet Nam), North-East Asia (China, Democratic People’s Republic of Korea, Japan, Mongolia, and Republic of Korea), South Asia (Afghanistan, Bangladesh, Bhutan, India, Iran (Islamic Republic of), Maldives, Nepal, Pakistan and Sri Lanka), Western Asia (Bahrain, Iraq, Jordan, Lebanon, Kuwait, Oman, Palestine (State of), Qatar, Saudi Arabia, Syrian Arab Republic, United Arab Emirates, and Yemen). *Overseas territory.;Asia-Pacific assessment;;24571;40710.0;;;;;;;;;;;
assessment report_eca_apa_sua;assessment report;;Assessment reports are published outputs of scientific, technical and socioeconomic issues that take into account different approaches, visions and knowledge systems, including global assessments of biodiversity and ecosystem services with a defined geographical scope, and thematic or methodological assessments based on the standard or the fast-track approach. They are composed of two or more sections including a summary for policymakers, an optional technical summary, and individual chapters and their executive summaries. Assessments are the major output of IPBES, and they contain syntheses of findings on topics that have been selected by the IPBES Plenary.;Europe and Central Asia assessment;;21552;40712.0;;;;;;;;;;;
assisted colonization_ldr;assisted colonization;;Also known as assisted migration or managed relocation, is the act of deliberately moving plants or animals to a different habitat. The destination habitat may have either historically held the species or it may not have hosted the species, but the habitat provides the bioclimatic requirements to support it. Assisted colonization may also supplement an existing population in a site where their numbers are dwindling. This is especially the case where the assisted species are unable to disperse at a rate which keeps pace with the shifting bio-climatic, bio-physical envelope.;Land degradation and restoration assessment;;24572;40716.0;;;;;;;;;;;
asymmetry (in plant-pollinator networks (q.v.))_ppa;asymmetry (in plant-pollinator networks (q.v.));;The tendency for plant (or pollinator) species with few links to interact with pollinator (or plant) species with many links. In mutualistic networks, such as pollination, nestedness (q.v.) is often asymmetrical with specialists of one group (plants or pollinators) linked to the generalists of the partner group (pollinators or plants).;Pollination assessment;;24573;40717.0;;;;;;;;;;;
available water capacity_ldr;available water capacity;;Soil water content useable by plants, based on the effective root penetration depth.;Land degradation and restoration assessment;;24574;40718.0;;;;;;;;;;;
average genetic variation_ga1;average genetic variation;;The condition of having two different alleles at a gene locus.;Global assessment (1st work programme);;24575;40719.0;;;;;;;;;;;
avoided deforestation in conjunction with afforestation and reforestation_ga1;avoided deforestation in conjunction with afforestation and reforestation;ADAFF;Land-based climate change mitigation strategy based on maintaining and expanding global forest area, and thus the carbon uptake of forest ecosystems in biomass and soil.;Global assessment (1st work programme);;24576;40720.0;;;;;;;;;;;
ayni_tca;ayni;;Refers to how things get in balance or out of balance in the cycle of life. Even though it is often translated into reciprocity in English, the word ayni carries a much broader meaning (IPBES, 2019b). Origin: the Andes.;Transformative change assessment;;33934;87934.0;;;;;;;;;;;
backcasting_scm_apa_ama;backcasting;;An analytical technique used to search for target-seeking scenarios that fulfil a predefined goal, or set of goals.;Scenarios and models assessment, Asia-Pacific assessment, Americas assessment;;21553;16246.0;;;;;;;;;;;
badland_ldr;badland;;Areas where most soil has been eroded away.;Land degradation and restoration assessment;;24577;40721.0;;;;;;;;;;;
ballast water_apa;ballast water;;Ballast water is water carried in ships’ ballast tanks to improve stability, balance and trim. It is taken up or discharged when cargo is unloaded or loaded, or when a ship needs extra stability in foul weather. When ships take on ballast water, plants and animals that live in the ocean are also picked up.;Asia-Pacific assessment;;24578;40722.0;;;;;;;;;;;
bare soil_ldr;bare soil;;A land cover class that includes any geographic area dominated by natural abiotic surfaces (bare soil, sand, rocks and so on) where the natural vegetation is absent or almost absent (covers less than 2%).;Land degradation and restoration assessment;;24579;40723.0;;;;;;;;;;;
barrier_nxs;barrier;;Specific characteristic or context that obstructs the implementation, operationalization or effectiveness of a response option(s). These barriers need not necessarily be nexus-related.;Nexus assessment;;33935;87935.0;;;;;;;;;;;
basal area_ga1;basal area;;Area occupied by the cross-section of tree trunks and stems at base height (130cm from the ground). It is used to characterize different variables in forest ecology and management, e.g. forest structure, productivity and growth rate.;Global assessment (1st work programme);;24580;40724.0;;;;;;;;;;;
baseline_scm_apa_ama_afa_nxs;baseline;;A minimum or starting point with which to compare other information (e.g. for comparisons between past and present or before and after an intervention).;Scenarios and models assessment;;21554;16247.0;;;;;;;;;;;
beekeeping_ppa;beekeeping;;The husbandry of bees, especially honey bees (the genus Apis) but can be applied to other bees (see Managed pollinators).;Pollination assessment;;24581;40726.0;;;;;;;;;;;
behaviour change_va;behaviour change;;interventions can close or ‘bridge’ the gap between values and behaviour by ensuring that the various conditions are met that together enable people to act consistently with sustainability-aligned values. These conditions can be categorized as providing (i) capability, (ii) opportunity and (iii) motivation to act.;Values assessment;;24582;40727.0;;;;;;;;;;;
behavioural economics_ldr;behavioural economics;;The study of the influence of emotions and opinions on the decisions people and organizations make in spending and saving. Behavioural economics suggests that human decisions are strongly influenced by context, including the way in which choices are presented to us. Behaviour varies across time and space, and it is subject to cognitive biases, emotions, and social influences. Decisions are the result of less deliberative, linear and controlled processes.;Land degradation and restoration assessment;;24583;40728.0;;;;;;;;;;;
benchmarking (of models)_scm;benchmarking (of models);;The process of systematically comparing sets of model predictions against measured data in order to evaluate model performance.;Scenarios and models assessment;;21555;40729.0;;;;;;;;;;;
beneficiary_eca;beneficiary;;Different social actors and groups who may be benefiting from nature and its contributions to people in different ways and to different degrees, including individual, household or collective levels.;Europe and Central Asia assessment;;24584;40730.0;;;;;;;;;;;
beneficiary pays principle_ldr;beneficiary pays principle;;The beneficiary pay principle aims to compensate providers for costs involved in production of beneficial environmental goods and services.;Land degradation and restoration assessment;;24585;40731.0;;;;;;;;;;;
benefit_ama_ga1_ldr;benefit;;Advantage that contributes to wellbeing from the fulfilment of needs and wants. In the context of nature's contributions to people (see Nature's contributions to people), a benefit is a positive contribution. (There may also be negative contributions, dis-benefits, or costs, from Nature, such as diseases).;Americas assessment, Global assessment (1st work programme), Land degradation and restoration assessment;;21557;16250.0;;;;;;;;;;;
benefit sharing_apa_ama_ga1_ldr_sua_eca_nxs;benefit sharing;;Distribution of benefits between stakeholders.;Asia-Pacific assessment;;21556;16249.0;;;;;;;;;;;
benthic_eca_sua_ama_apa;benthic;;Occurring at the bottom of a body of water;;;;;;;;;;;;;;;
benthos_ama_apa;benthos;;A group of organisms, other invertebrates, that live in or on the bottom in aquatic habitats.;Americas assessment, Asia-Pacific assessment;;21559;16252.0;;;;;;;;;;;
bequest value_scm;bequest value;;The satisfaction of preserving the option of future generations to enjoy nature’s benefits.;Scenarios and models assessment;;24586;40736.0;;;;;;;;;;;
best practice_ppa;best practice;;A method or technique that consistently shows results superior to those achieved by other means, and that can be used as a benchmark. Best practices evolve agro-ecosystem properties (soil health, water storage, pest and disease resistance) by incorporating benefits of with improvements. Best practices can be used to maintain quality as an alternative to mandatory legislated standards and may be based on self-assessment or benchmarking.;Pollination assessment;;24587;40737.0;;;;;;;;;;;
bio-prospectors_sua;bio-prospectors;;Exploration of biodiversity for commercially, scientifically, or culturally valuable genetic and biochemical resources.;Sustainable use assessment;;24622;40791.0;;;;;;;;;;;
bio-technical stabilization_ldr;bio-technical stabilization;;A method for mitigating land degradation using mechanical (structures) and biological elements to prevent severe erosion.;Land degradation and restoration assessment;;21573;16266.0;;;;;;;;;;;
bioaccumulation_ama;bioaccumulation;;Some contaminants that enter biological systems are preferentially stored (usually in fat tissue) in organisms resulting in an accumulation over time. This process is called bioaccumulation.;Americas assessment;;24588;40738.0;;;;;;;;;;;
biocapacity_apa;biocapacity;;The definition that follows is for the purpose of this assessment only: Biocapacity has a variety of definitions, but is defined by the Global Footprint Network the as the ecosystems' capacity to produce biological materials used by people and to absorb waste material generated by humans, under current management schemes and extraction technologies. The ‘biocapacity' indicator used in this report is based on the Global Footprint Network unless otherwise specified.;Asia-Pacific assessment;;24589;40740.0;;;;;;;;;;;
biocentric perspectives_eca;biocentric perspectives;;Recognizing the importance of non- human life.;Europe and Central Asia assessment;;24590;40743.0;;;;;;;;;;;
biocentric worldview_ga1;biocentric worldview;;Ethical perspective holding that all life (including humans, fauna, flora and domestic animals) deserves equal moral consideration or has equal moral standing. It contrasts with worldviews characterized as anthropocentric, which places humans at the center.;Global assessment (1st work programme);;24591;40744.0;;;;;;;;;;;
biocentrism_ldr;biocentrism;;See Ecocentrism.;Land degradation and restoration assessment;;24592;40745.0;;;;;;;;;;;
biochar_ldr;biochar;;Charcoal made from biomass via pyrolysis and used for soil enhancement.;Land degradation and restoration assessment;;21561;40746.0;;;;;;;;;;;
biochemical oxygen demand_ga1;biochemical oxygen demand;BOD;A measure of the amount of oxygen required or consumed for the microbiological decomposition (oxidation) of organic material in water. The purpose of this indicator is to assess the quality of water available to consumers in localities or communities for basic and commercial needs. It is also one of a group of indicators of ecosystem health.;Global assessment (1st work programme);;24593;40747.0;;;;;;;;;;;
biocultural approaches to conservation_ga1;biocultural approaches to conservation;;Conservation actions made in the service of sustaining the biophysical and sociocultural components of dynamic, interacting, and interdependent social-ecological systems.;Global assessment (1st work programme);;24594;40748.0;;;;;;;;;;;
biocultural community protocol_ias;biocultural community protocol;;a biocultural community protocol is a document that is developed after a community under-takes a consultative process to outline their core cultural and spiritual values and customary laws relating to their traditional knowledge and resources;Invasive alien species assessment;;28632;69550.0;;;;;;;;;;;
biocultural diversity_ga1;biocultural diversity;;The diversity exhibited by interacting natural systems and human cultures. The concept rests on three propositions: firstly, that the diversity of life includes human cultures and languages;;;;;;;;;;;;;;;
biocultural management_ias;biocultural management;;actions made in the service of sustaining the biophysical and sociocultural components of dynamic, interacting, and interdependent social–ecological systems;Invasive alien species assessment;;28633;69551.0;;;;;;;;;;;
biodegradation_ldr;biodegradation;;Physical and chemical breakdown of a substance by living organisms, mainly bacteria and/or fungi.;Land degradation and restoration assessment;;24595;40754.0;;;;;;;;;;;
biodiesel_ldr;biodiesel;;A fuel that is similar to diesel fuel and is derived from usually vegetable sources (such as soybean oil).;Land degradation and restoration assessment;;24596;40755.0;;;;;;;;;;;
biodiversity_ga1_sua_ipbes-ipccco-sponsoredworkshoponbiodiversityandclimatechange_ama_afa_eca_nxs_tca;biodiversity;;The variability among living organisms from all sources including terrestrial, marine and other aquatic ecosystems and the ecological complexes of which they are a part. This includes variation in genetic, phenotypic, phylogenetic, and functional attributes, as well as changes in abundance and distribution over time and space within and among species, biological communities and ecosystems.;Global assessment (1st work programme);;21564;16257.0;;;;;;;;;;;
biodiversity conservation_sua_ga1_tca;biodiversity conservation;;The management of human interactions with genes, species, and ecosystems so as to provide the maximum benefit to the present generation while maintaining their potential to meet the needs and aspirations of future generations;;;;;;;;;;;;;;;
biodiversity dilution effect_ldr;biodiversity dilution effect;;A high number of species present in defined areas protects humans from infection from pathogens with an animal reservoir.;Land degradation and restoration assessment;;24598;40760.0;;;;;;;;;;;
biodiversity finance_nxs;biodiversity finance;;All financial resources mobilized to deliver biodiversity outcomes, including: · Biodiversity funding sources: the source of financial expenditures (can include either public, private or a blend of both);;;;;;;;;;;;;;;
biodiversity finance (blended)_nxs;biodiversity finance (blended);;Refers to the strategic use of public or philanthropic finance to help mobilize private capital flows by reducing risks or increasing returns to investments with benefits beyond private market interests (Flammer et al., 2023).;Nexus assessment;;33937;87941.0;;;;;;;;;;;
biodiversity finance (private)_nxs;biodiversity finance (private);;Financing provided by private businesses, corporations, financial organizations or individuals to any activity related to delivering biodiversity outcomes. This includes biodiversity and water offsets, the certification of sustainable commodities, conservation non-governmental organizations, philanthropic foundations, financing mobilized by countries' development finance institutions (e.g., development banks or agencies), financing leveraged by the Global Environment Facility, carbon financing and payments for ecosystem services (OECD, 2020).;Nexus assessment;;33938;88328.0;;;;;;;;;;;
biodiversity finance (public domestic)_nxs;biodiversity finance (public domestic);;Financing provided within a country by national and subnational governments, public agencies and public financial institutions to any activity related to delivering biodiversity outcomes (OECD, 2020).;Nexus assessment;;33939;87943.0;;;;;;;;;;;
biodiversity finance (public international)_nxs;biodiversity finance (public international);;Financing provided by governments, public agencies or public financial institutions in one (or more) country(ies) to support the pursuit of biodiversity objectives in another country(ies). This includes official development assistance, other official flows, as well as both bilateral and multilateral flows (OECD, 2020). See also Official development assistance, Official development finance, and Other official flows.;Nexus assessment;;33940;87944.0;;;;;;;;;;;
biodiversity financing gap_nxs;biodiversity financing gap;;Can either refer to 1) the gap between stated financial resource commitments and those actually delivered or provided, or 2) the gap between the existing scale of biodiversity finance and the scale of financial flows needed (including redirecting flows that are directly or indirectly harmful to biodiversity and sustainable development) (OECD, 2020).;Nexus assessment;;33941;87945.0;;;;;;;;;;;
biodiversity footprint hotspot_ama;biodiversity footprint hotspot;;Biodiversity threat hotspots driven by global consumption of goods and services.;Americas assessment;;24599;40761.0;;;;;;;;;;;
biodiversity hotspot_eca_afa_ama;biodiversity hotspot;;A generic term for an area high in such biodiversity attributes as species richness or endemism. It may also be used in assessments as a precise term applied to geographic areas defined according to two criteria: (i) containing at least 1,500 species of the world's 300,000 vascular plant species as endemics, and (ii) being under threat, in having lost 70% of its primary vegetation.;Europe and Central Asia assessment, Africa assessment, Americas assessment;;21565;16258.0;;;;;;;;;;;
biodiversity intactness index_ga1_nxs;biodiversity intactness index;;An indicator of the average abundance of a large and diverse set of organisms in a given geographical area, relative to their reference populations.;Global assessment (1st work programme);;24600;40764.0;;;;;;;;;;;
biodiversity loss_eca_apa_ama_ldr;biodiversity loss;;The reduction of any aspect of biological diversity (i.e. diversity at the genetic, species and ecosystem levels) is lost in a particular area through death (including extinction), destruction or manual removal;;;;;;;;;;;;;;;
biodiversity offset_apa_ama_eca_ppa;biodiversity offset;;A biodiversity offset is a tool proposed by developers and planners for compensating for the loss of biodiversity in one place by biodiversity gains in another.;Asia-Pacific assessment, Americas assessment, Europe and Central Asia assessment, Pollination assessment;;21567;16260.0;;;;;;;;;;;
biodiversity offsets_tca;biodiversity offsets;;Measurable conservation outcomes resulting from actions designed to compensate for significant residual adverse biodiversity impacts arising from project development (Business and Biodiversity Offsets Programme, 2012).;Transformative change assessment;;33942;87947.0;;;;;;;;;;;
biodynamic agriculture_ldr;biodynamic agriculture;;A holistic, ecological, and ethical approach to farming, gardening, food, and nutrition. Biodynamic agriculture has been practiced for nearly a century, on every continent on Earth. Biodynamic principles and practices are based on the spiritual insights and practical suggestions of Dr. Rudolf Steiner, and have been developed through the collaboration of many farmers and researchers since the early 1920s. See also Conservation Agriculture.;Land degradation and restoration assessment;;24601;40767.0;;;;;;;;;;;
bioeconomy_sua_nxs;bioeconomy;;The bioeconomy is the production, utilization, conservation, and regeneration of biological resources, including related knowledge, science, technology, and innovation, to provide sustainable solutions (information, products, processes and services) within and across all economic sectors and enable a transformation to a sustainable economy.;Sustainable use assessment;;24602;40768.0;;;;;;;;;;;
bioenergy_ldr_ga1;bioenergy;;Energy for industrial or commercial use that is derived from biological sources (such as plant matter or animal waste).;Land degradation and restoration assessment, Global assessment (1st work programme);;24603;40769.0;;;;;;;;;;;
bioenergy with carbon capture and storage_ga1;bioenergy with carbon capture and storage;BECCS;Land-based climate change mitigation strategy involving the planting of bioenergy crops or trees, which are burned in power stations or converted to biofuels, and the released CO2 being captured for long-term underground storage in geological reservoirs.;Global assessment (1st work programme);;24604;40770.0;;;;;;;;;;;
bioethanol_ga1;bioethanol;;See 'Biofuel'.;Global assessment (1st work programme);;24605;40772.0;;;;;;;;;;;
biofuel_eca_ga1_ama_apa_ldr;biofuel;;Fuel made from biomass.;Europe and Central Asia assessment, Global assessment (1st work programme), Americas assessment, Asia-Pacific assessment, Land degradation and restoration assessment;;21568;16261.0;;;;;;;;;;;
biogas_ga1;biogas;;See 'Biofuel'.;Global assessment (1st work programme);;24606;40773.0;;;;;;;;;;;
biogenic volatile organic compound_ga1;biogenic volatile organic compound;BVOC;Compounds that include organic atmospheric trace gases other than carbon dioxide and carbon monoxide;;;;;;;;;;;;;;;
biogeochemical cycle_ga1;biogeochemical cycle;;Biogeochemical cycles involve the fluxes of chemical elements among different parts of the Earth: from living to non-living, from atmosphere to land to sea, and from soils to plants.;Global assessment (1st work programme);;24608;40775.0;;;;;;;;;;;
biogeochemistry_sua;biogeochemistry;;The field of biogeochemistry deals with the effect of biological organisms on the chemistry of the Earth.;Sustainable use assessment;;24609;40776.0;;;;;;;;;;;
biological conservation_ga1;biological conservation;;See also 'Biodiversity conservation'. Application of science to conservation problems addressing the biology of species, communities and the ecosystem that are perturbed either directly or indirectly by human or other agents. Its goal is to provide principles and tools for preserving biological diversity. The branch of biology that deals with threats to biodiversity and with preserving the biologic and genetic diversity of animals and plants.;Global assessment (1st work programme);;24610;40777.0;;;;;;;;;;;
biological control_ldr;biological control;;A method of controlling pests such as insects, mites, weeds and plant diseases using other organisms. It relies on predation, parasitism, herbivory, or other natural mechanisms, but typically also involves an active human management role. It can be an important component of integrated pest management (IPM) programs.;Land degradation and restoration assessment;;24611;40778.0;;;;;;;;;;;
biological diversity_eca;biological diversity;;See biodiversity.;Europe and Central Asia assessment;;24612;40779.0;;;;;;;;;;;
biological invasion_ias;biological invasion;;a process involving the transport of a native species outside of its natural range, intentionally or unintentionally, by human activities to new regions where it may become established, spread and ultimately adversely impact nature, nature’s contributions to people, and good quality of life;Invasive alien species assessment;;28634;69553.0;;;;;;;;;;;
biological oxygen demand_ga1;biological oxygen demand;BOD;See 'Biochemical Oxygen Demand (BOD)'.;Global assessment (1st work programme);;24613;40780.0;;;;;;;;;;;
biological pump_ga1;biological pump;;The fixation of carbon at the oceans' surface by photosynthesizing organisms and subsequent sinking of a sizable fraction (15-20%) of total productivity creates a strong vertical transport that dominates the distribution of carbon, nutrients, and oxygen in the ocean, known as the ‘biological pump’.;Global assessment (1st work programme);;24614;40781.0;;;;;;;;;;;
biological resource_sua_ga1;biological resource;;Biological resources include genetic resources, organisms or parts thereof, populations, or any other biotic component of ecosystems with actual or potential use or value for humanity.;Sustainable use assessment, Global assessment (1st work programme);;24615;40782.0;;;;;;;;;;;
biological sustainable level (fished within)_sua;biological sustainable level (fished within);;In fisheries organizations, biological sustainable levels are usually defined according to MSY, which is the Maximum Sustainable Yield (or catch) that can be continuously taken from a stock under existing environmental conditions without affecting its reproductive potential. Two key levels are considered: to assess the sustainability of fishing on a given stock: FMSY which is the fishing mortality that is consistent with achieving MSY and BMSY that is the biomass that results from fishing at FMSY for a long time.;Sustainable use assessment;;24616;40783.0;;;;;;;;;;;
biomass (ecology)_afa_ldr_apa_ga1_ama_eca;biomass (ecology);;The mass of non-fossilized and biodegradable organic material originating from plants, animals and micro-organisms in a given area or volume.;Africa assessment, Land degradation and restoration assessment, Asia-Pacific assessment, Global assessment (1st work programme), Americas assessment, Europe and Central Asia assessment;;24617;16262.0;;;;;;;;;;;
biomass (for production)_ga1;biomass (for production);;Biological material that can be used as fuel or for industrial production. Includes solid biomass such as wood, plant and animal products, gases and liquids derived from biomass, industrial waste and municipal waste.;Global assessment (1st work programme);;24618;40786.0;;;;;;;;;;;
biome_eca_apa_afa;biome;;Biomes are global-scale zones, generally defined by the type of plant life that they support in response to average rainfall and temperature patterns. For example, tundra, coral reefs or savannas.;Europe and Central Asia assessment, Asia-Pacific assessment, Africa assessment;;21570;16263.0;;;;;;;;;;;
biophysical system_apa;biophysical system;;An assemblage of interacting biological and physical processes.;Asia-Pacific assessment;;24619;40788.0;;;;;;;;;;;
biophysical value_scm;biophysical value;;Measures of the importance of components of nature (living being or non-living element), of the processes that are derived from the interactions among these components, or of particular properties of those components and processes.;Scenarios and models assessment;;24620;40789.0;;;;;;;;;;;
bioprospecting_ga1_ldr;bioprospecting;;The process of searching for and subsequently developing new drugs based on biological resources.;Global assessment (1st work programme), Land degradation and restoration assessment;;24621;40790.0;;;;;;;;;;;
bioremediation_ldr;bioremediation;;The use of microorganisms to clean up polluted soil and water.;Land degradation and restoration assessment;;24623;40792.0;;;;;;;;;;;
biosecurity_ldr;biosecurity;;Strategy, efforts and planning to protect human, animal and environmental health against biological threats.;Land degradation and restoration assessment;;24624;40793.0;;;;;;;;;;;
biosphere_scm_apa_sua_eca_ldr_ama;biosphere;;The sum of all the ecosystems of the world. It is both the collection of organisms living on the Earth and the space that they occupy on part of the Earth's crust (the lithosphere), in the oceans (the hydrosphere) and in the atmosphere. The biosphere is all the planet's ecosystems.;Scenarios and models assessment, Asia-Pacific assessment, Sustainable use assessment, Europe and Central Asia assessment, Land degradation and restoration assessment, Americas assessment;;21571;16264.0;;;;;;;;;;;
biota_eca_ama_sua_ldr_apa;biota;;All living organisms of an area;;;;;;;;;;;;;;;
biotechnology_ga1_ldr;biotechnology;;A method for mitigating land degradation using mechanical (structures) and biological elements.;Global assessment (1st work programme), Land degradation and restoration assessment;;24625;40794.0;;;;;;;;;;;
biotechnology (modern)_sua;biotechnology (modern);;Modern biotechnology means the application of: In vitro nucleic acid techniques, including recombinant deoxyribonucleic acid (DNA) and direct injection of nucleic acid into cells or organelles, or Fusion of cells beyond the taxonomic family, that overcome natural physiological reproductive or recombination barriers and that are not techniques used in traditional breeding and selection.;Sustainable use assessment;;24626;40796.0;;;;;;;;;;;
bioterrorism_ldr;bioterrorism;;The deliberate, private use of biological agents to harm and frighten the people of a state or society, is related to the military use of biological, chemical, and nuclear weapons.;Land degradation and restoration assessment;;24627;40797.0;;;;;;;;;;;
biotic facilitation_ias;biotic facilitation;;any interaction where the action of one species has a beneficial effect on another. This includes mutualistic interactions where both the facilitated and facilitator benefit (+/+), those which are commensal (+/0) when the effects of the facilitated on the facilitator are neutral as well as those which are antagonistic (+/?) when the facilitated negatively impact the facilitator. Note that this concept partially overlaps with that of mutualism, ecological engineering and niche construction;Invasive alien species assessment;;28635;69555.0;;;;;;;;;;;
biotic homogenization_eca;biotic homogenization;;See homogenization.;Europe and Central Asia assessment;;24628;40798.0;;;;;;;;;;;
biotic resistance to invasion_ias;biotic resistance to invasion;;the ability of species in a community to limit the recruitment or invasion of other species (Catford et al., 2009;;;;;;;;;;;;;;;
birgejupmi_tca;birgejupmi;;A concept that means 'to have a good life according to what one has access to', living in a modest way with interactions between humans and non-humans based on care and respect (Rybråten et al., 2024). Origin: North-Sámi.;Transformative change assessment;;33944;88329.0;;;;;;;;;;;
black carbon_apa;black carbon;;Black carbon is a carbonaceous aerosol. It is produced both naturally and by human activities as a result of the incomplete combustion of fossil fuels, biofuels, and biomass. Primary sources include emissions from diesel engines, cook stoves, wood burning and forest fires. Black carbon particles strongly absorb sunlight and give soot its black color. Thus, black carbon has emerged as a major contributor to global climate change, possibly second only to CO2 as the main driver of change.;Asia-Pacific assessment;;24629;40799.0;;;;;;;;;;;
blue carbon_ga1;blue carbon;;The carbon stored in marine and coastal ecosystems.;Global assessment (1st work programme);;24630;40800.0;;;;;;;;;;;
blue carbon ecosystem_nxs;blue carbon ecosystem;;Marine habitats composed of rooted vegetation namely mangroves, salt marshes and seagrasses that act as carbon sinks in the oceans (Nellemann et al., 2009).;Nexus assessment;;33945;87952.0;;;;;;;;;;;
bog_ldr;bog;;An entirely rainfed wetland area that typically accumulates peat.;Land degradation and restoration assessment;;24631;40801.0;;;;;;;;;;;
Bonn challenge_ama;Bonn challenge;;A global effort to restore 150 million hectares of the world’s degraded and deforested lands by 2020 and 350 million hectares by 2030. It is overseen by the Global Partnership on Forest Landscape Restoration, with the International Union for Conservation of Nature as its Secretariat.;Americas assessment;;24632;40802.0;;;;;;;;;;;
bottom-up_apa;bottom-up;;Systems driven by basic or lower- order processes.;Asia-Pacific assessment;;24633;40803.0;;;;;;;;;;;
bottom-up control of the food web_ga1;bottom-up control of the food web;;A mode of control of trophic interactions by resources, in which organisms on each trophic level are food limited, as opposed to a top-down control (by predators), in which organisms at the top of food chains are food limited, and at successive lower levels, they are alternately predator, then food limited.;Global assessment (1st work programme);;24634;40804.0;;;;;;;;;;;
boundary object_ama;boundary object;;Objects and/or processes plastic enough to adapt to local needs and to the constraints of the several parties employing them, yet robust enough to maintain a common identity across sites. Their meanings may differ in different social contexts, but their structure is common enough and recognizable across contexts.;Americas assessment;;24635;40805.0;;;;;;;;;;;
brackish water_ldr;brackish water;;Inland water with a high salt concentration.;Land degradation and restoration assessment;;24636;40806.0;;;;;;;;;;;
breadth_va;breadth;;refers to change across multiple spheres, with emerging consensus that transformation requires co-evolutionary change across different spheres of society, including personal, economic, political, institutional and technological ones.;Values assessment;;24637;40808.0;;;;;;;;;;;
bridging organizations_ias;bridging organizations;;offer a means to improve environmental management outcomes by spanning the science-policy interface to allow for the effective sharing of data, information, and knowledge. Bridging organizations are institutions that use specific mechanisms such as working groups to link and facilitate interactions among individual actors in a management setting.;Invasive alien species assessment;;28637;69558.0;;;;;;;;;;;
broad values_va;broad values;;They refer to life goals, general guiding principles and orientations towards the world that are informed by people’s beliefs and worldviews. Broad values include moral principles, such as justice, belonging, freedom, but also life goals, like enjoyment, health, prosperity. Broad values influence specific values and provide them with a general context and meaning.;Values assessment;;24638;40809.0;;;;;;;;;;;
buen vivir_ga1_ama;buen vivir;;Although no universal definition of buen vivir has been attained yet, it has four common constitutive elements: (a) the idea of harmony with nature (including its abiotic components);;;;;;;;;;;;;;;
buen vivir (sumak kawsay in quechua; suma qamaña in aymara)_tca;buen vivir (sumak kawsay in quechua, suma qamaña in aymara);;An alternative to economic development-centred approaches, generally defined as forming part of the Andean indigenous cosmology, based on the belief that true wellbeing is only possible as part of a community in a broad sense, including people, nature and the Earth, linked by mutual responsibilities and obligations and that the wellbeing of the community is above that of the individual (IPBES, 2021).;Transformative change assessment;;34210.0;88330.0;;;;;;;;;;
buffer (ecology)_ga1;buffer (ecology);;A natural or anthropogenic feature which separates land uses.;Global assessment (1st work programme);;24640;40812.0;;;;;;;;;;;
buffer zones (protected areas)_ga1;buffer zones (protected areas);;Areas between core protected areas and the surrounding landscape or seascape which protect the network from potentially damaging external influences and which are essentially transitional areas.;Global assessment (1st work programme);;24641;40813.0;;;;;;;;;;;
built environment_ldr;built environment;;Comprises urban design, land use and the transportation system, and encompasses patterns of human activity within the physical environment.;Land degradation and restoration assessment;;24642;40814.0;;;;;;;;;;;
bumble bee_ppa;bumble bee;;Members of the bee genus Bombus;;;;;;;;;;;;;;;
burden_sua_ga1;burden;;The resulting negative impacts of ecosystem use and management on people and nature, including distant, diffuse and delayed impacts.;Sustainable use assessment, Global assessment (1st work programme);;24644;40816.0;;;;;;;;;;;
burden of disease_nxs;burden of disease;;The burden of disease is a measurement of the gap between a population's current health and the optimal state where all people attain full life expectancy without suffering major ill-health (WHO, 2021).;Nexus assessment;;33947;88331.0;;;;;;;;;;;
bureau_scm;Bureau;;Within the context of IPBES - a subsidiary body established by the Plenary which carries out the administrative functions agreed upon by the Plenary, as articulated in the document on functions, operating principles and institutional arrangements of the Platform.;Scenarios and models assessment;;21574;40817.0;;;;;;;;;;;
bush encroachment_ldr;bush encroachment;;An increase in density of shrubby or bushy tree vegetation in savannah or grassland systems.;Land degradation and restoration assessment;;24645;40820.0;;;;;;;;;;;
bushmeat_apa_afa_eca_ldr_ama;bushmeat;;Meat for human consumption derived from wild animals.;Asia-Pacific assessment, Africa assessment, Europe and Central Asia assessment, Land degradation and restoration assessment, Americas assessment;;21575;16268.0;;;;;;;;;;;
bushmeat hunting_sua_afa;bushmeat hunting;;Bushmeat (or wild meat) hunting is a form of hunting that entails the harvesting of wild animals for food and for non-food purposes, including for medicinal use.;Sustainable use assessment, Africa assessment;;21576;16269.0;;;;;;;;;;;
business-as-uSUAl_apa;business-as-usual;BAU;IPCC term case assumes that future developments follow those of the past and no changes in policies will take place.;Asia-Pacific assessment;;24646;40824.0;;;;;;;;;;;
bycatch_eca_ama_apa;bycatch;;The commercially undesirable species caught during a fishing process.;Europe and Central Asia assessment, Americas assessment, Asia-Pacific assessment;;21577;16270.0;;;;;;;;;;;
c3 photosynthesis_ga1;c3 photosynthesis;;The major of the metabolic pathways for CO2 fixation by plants, involving a 3-carbon organic intermediate molecule. C3 photosynthetic plants possess a specific leaf structure, and are not adapted to non-optimal conditions.;Global assessment (1st work programme);;24647;40826.0;;;;;;;;;;;
c3 plants_ga1;c3 plants;;Plants that use C3 photosynthesis to capture CO2.;Global assessment (1st work programme);;24648;40827.0;;;;;;;;;;;
c4 photosynthesis_ga1;c4 photosynthesis;;C4 photosynthesis is an evolved metabolic mechanism for plant carbon fixation, in which atmospheric CO2 is first incorporated into a 4-carbon intermediate molecule. It allows for a more efficient process compared to C3 photosynthesis, especially in non-optimal water availability conditions and in the presence of high solar radiation.;Global assessment (1st work programme);;24649;40828.0;;;;;;;;;;;
c4 plants_ga1;c4 plants;;Plants that use C4 photosynthesis to capture CO2. The Poaceae family (grasses) accounts for about half of the C4 species.;Global assessment (1st work programme);;24650;40829.0;;;;;;;;;;;
calibration (of models)_scm_apa;calibration (of models);;The use of observations, or in some cases a reference model, during model development to ensure that the model output compares favourably with the properties of the system being modelled.;Scenarios and models assessment, Asia-Pacific assessment;;21578;16271.0;;;;;;;;;;;
canned hunting_sua;canned hunting;;Hunting of animals in confined enclosures where they are unable to escape.;Sustainable use assessment;;24651;40830.0;;;;;;;;;;;
cap-and-trade_eca_ldr;cap-and-trade;;An economic policy instrument in which the State sets an overall environmental target (the cap) and assigns environmental impact allowances (or quotas) to actors that they can trade among each other.;Europe and Central Asia assessment, Land degradation and restoration assessment;;21580;16273.0;;;;;;;;;;;
capacity development_va;capacity development;;Process through which individuals, organizations and society obtain, strengthen and maintain their capability to set and achieve their own development objectives over time.;Values assessment;;24652;40831.0;;;;;;;;;;;
capacity dimensions_va;capacity dimensions;;Capacity development can be described across six broad capacity dimensions. Motivational capacity builds awareness and desire to consider multiple values. Analytical capacity provides knowledge and tools to analyse multiple values. Bridging capacity brings together different ways of knowing and doing, often creating new knowledge in the process. Negotiation capacity navigates trade-offs and mainstreams into policy and practice. Social network capacity is the capacity to learn together, act and adapt or transform. Governance capacity creates formal and informal mechanisms for a socially just governance environment. These dimensions embody many concepts and principles for capacity development and recognition in decision making.;Values assessment;;24653;40832.0;;;;;;;;;;;
capacity-building_ama_apa_ga1_ldr_eca;capacity-building;;Defined by the United Nations Development Programme as the process through which individuals, organizations and societies obtain, strengthen and maintain their capabilities to set and achieve their own development objectives over time. IPBES promotes and facilitates capacity-building, to improve the capacity of countries to make informed policy decisions on biodiversity and ecosystem-services.;Americas assessment, Asia-Pacific assessment, Global assessment (1st work programme), Land degradation and restoration assessment, Europe and Central Asia assessment;;24654;16272.0;;;;;;;;;;;
capital_ppa;capital;;A type of good that can be consumed now. However, if consumption is deferred there becomes an increased supply of that good which is likely to remain available. In a fundamental sense, capital consists of any produced thing that can enhance a person’s power to perform economically useful or other beneficial work. Capital may be monetary, well-being or environmental or any combination of those goods.;Pollination assessment;;24655;40835.0;;;;;;;;;;;
capitalism_tca;capitalism;;A configuration of society based on an economic logic that includes the following key elements: 1) the pursuit of profit and its private appropriation, 2) free enterprise and the competitive market, 3) wage labour and the production of commodities, 4) property rights, 5) the financial infrastructure of money and investment that makes possible credit and debt, 6) a highly variable degree of state regulation and 7) a propensity for growth as the productive re-investment of profit. Despite the significant transformation in capitalism historically, the dynamic of profit remains a prime shaper of society.;Transformative change assessment;;33948;88332.0;;;;;;;;;;;
carbon capture and storage_nxs;carbon capture and storage;CCS;Also known as carbon capture and sequestration, is a set of technologies and processes designed to capture carbon dioxide (CO2) emissions from industrial and energy-related sources, transport the captured CO2 to suitable storage sites and securely store it underground to prevent its release into the atmosphere (IEA, 2022). See also Bioenergy with carbon capture and storage (BECCS).;Nexus assessment;;33949;87956.0;;;;;;;;;;;
carbon cycle_apa_ga1_eca_ama;carbon cycle;;The carbon cycle is the process by which carbon is exchanged among the ecosystems of the Earth.;Asia-Pacific assessment, Global assessment (1st work programme), Europe and Central Asia assessment, Americas assessment;;21581;16274.0;;;;;;;;;;;
carbon footprint_afa_ama;carbon footprint;;A measure of the total amount of carbon dioxide emissions, including carbon dioxide equivalents, that is directly and indirectly caused by an activity or is accumulated over the life stages of a product.;Africa assessment, Americas assessment;;21582;16275.0;;;;;;;;;;;
carbon offset_apa;carbon offset;;A compensation for carbon dioxide emissions resulting from industrial or other human activity;;;;;;;;;;;;;;;
carbon sequestration_eca_ldr_ama_sua_nxs;carbon sequestration;;The long-term storage of carbon in plants, soils, geologic formations, and the ocean. Carbon sequestration occurs both naturally and as a result of anthropogenic activities and typically refers to the storage of carbon that has the immediate potential to become carbon dioxide gas.;Europe and Central Asia assessment;;21583;16874.0;;;;;;;;;;;
carbon sink_ga1;carbon sink;;Any process, activity or mechanism that removes carbon dioxide from the atmosphere.;Global assessment (1st work programme);;24658;40840.0;;;;;;;;;;;
carbon storage_sua_ama;carbon storage;;The biological process by which carbon in the form carbon dioxide is taken up from the atmosphere and incorporated through photosynthesis into different compartments of ecosystems, such as biomass, wood, or soil organic carbon. Also, the technological process of capturing waste carbon dioxide from industry or power generation, and storing it so that it will not enter the atmosphere.;Sustainable use assessment, Americas assessment;;21584;16276.0;;;;;;;;;;;
carbon tax_apa;carbon tax;;A compulsory contribution to state revenue, levied by the governments on business profits, or added to the cost of goods, services, and transactions in proportion to the consequential amounts of carbon released into the atmosphere.;Asia-Pacific assessment;;24659;40842.0;;;;;;;;;;;
carbon uptake_ga1;carbon uptake;;See 'Carbon sequestration'.;Global assessment (1st work programme);;24660;40843.0;;;;;;;;;;;
carbon-lock-in phase_afa;carbon-lock-in phase;;Refers to the tendency for certain carbon-intensive technological systems to persist over time, ‘locking out' lower-carbon alternatives, and owing to a combination of linked technical, economic, and institutional factors.;Africa assessment;;21585;16277.0;;;;;;;;;;;
carrying capacity_ldr_sua_eca_ama;carrying capacity;;In ecology, the carrying capacity of a species in an environment is the maximum population size of the species that the environment can sustain indefinitely. The term is also used more generally to refer to the upper limit of habitats, ecosystems, landscapes, waterscapes or seascapes to provide tangible and intangible goods and services (including aesthetic and spiritual services) in a sustainable way.;Land degradation and restoration assessment, Sustainable use assessment, Europe and Central Asia assessment, Americas assessment;;21586;16875.0;;;;;;;;;;;
cascading impact_nxs;cascading impact;;In the scope of this assessment, defined as when a change in one nexus element results in chain of negative impacts on other elements (Source: this assessment, Chapter 1). Similar to a domino effect, it can occur when a change in one variable, particularly if it surpasses a certain threshold, results in consequences and changes in other variables and/or thresholds. These changes can also interact with one another and propagate across different spatial scales, either from larger to smaller or vice versa (Brovkin et al., 2021;;;;;;;;;;;;;;;
caSUAl species_ias;casual species;;species that do not have self-sustaining populations and which rely on repeated introductions for their persistence i.e., not yet an established species;Invasive alien species assessment;;28638;69559.0;;;;;;;;;;;
Catalogue of policy support tools and methodologies_ldr_eca;Catalogue of policy support tools and methodologies;;The IPBES catalogue of policy support tools and methodologies is an evolving online resource with two main goals. The first goal is to enable decision-makers to gain easy access to information on policy support tools and methodologies to better inform and assist the different phases of policy-making and implementation. The second goal is to allow a range of users to provide input to the catalogue and assess the usability of tools and methodologies in their specific contexts, including resources required and types of outputs that can be obtained, thus helping to identify and bridge gaps with respect to available tools and methodologies.;Land degradation and restoration assessment, Europe and Central Asia assessment;;21587;16278.0;;;;;;;;;;;
causal chains_ldr;causal chains;;When the cause produces its effects in a remote and indirect manner, an explanation has to rely on causal chains, i.e. a continuous chain of causal mechanisms, where each step links a cause or combination of causes with its direct outcome, the latter being a direct cause of the subsequent outcome.;Land degradation and restoration assessment;;24661;40845.0;;;;;;;;;;;
causal effect_ldr;causal effect;;A causal effect can be defined in many ways, but essentially it amounts to the change in an outcome Y brought about by the change in a factor X. If X is a cause of Y then knowing something about X should help to predict something about Y that cannot be provided by another variable.;Land degradation and restoration assessment;;24662;40846.0;;;;;;;;;;;
century_ppa;century;;One hundred years.;Pollination assessment;;24663;40847.0;;;;;;;;;;;
ceremonial uses (of wild species)_sua;ceremonial uses (of wild species);;Ceremonial uses are defined as uses of wild species in spiritual observances and practices valued for their role in maintaining cultural identity and social reproduction.;Sustainable use assessment;;24664;40848.0;;;;;;;;;;;
certainty_ama;certainty;;In the context of IPBES, the summary terms to describe the state of knowledge are the following: Well established (Certainty term (q.v.)): comprehensive meta-analysis or other synthesis or multiple independent studies that agree.;;;;;;;;;;;;;;;
certainty terminology_ppa;certainty terminology;;In this document the authors and reviewers have assigned categories of certainty to the information that is included. These are: Well established (q.v.);;;;;;;;;;;;;;;
certification (environmental)_sua_ga1;certification (environmental);;A procedure by which a third party gives written assurance that a product, process or service is in conformity with certain environmental standards.;Sustainable use assessment, Global assessment (1st work programme);;24666;40851.0;;;;;;;;;;;
certification principles and standards_ga1;certification principles and standards;;A list of principles that certification schemes need to satisfy in order to be effective and credible.;Global assessment (1st work programme);;24667;40852.0;;;;;;;;;;;
challenge_tca;challenge;;Something that involves great effort to be done successfully. In this assessment, it refers to situations and/or issues that impede or prevent transformative change, either by exacerbating the difficulties inherent in transformation or introducing new or intentional obstacles to change. Challenges embody what people think and feel (views and values), what people do (practices) and how society is organized (structures) and they can be manifested in a multitude of ways across contexts (see Chapter 4).;Transformative change assessment;;33951;87958.0;;;;;;;;;;;
charismatic species_ga1;charismatic species;;Any species that has popular appeal and is used to focus attention on conservation campaigns.;Global assessment (1st work programme);;24668;40853.0;;;;;;;;;;;
chemosynthesis_ga1;chemosynthesis;;Synthesis of organic compounds (as in living cells) by energy derived from inorganic chemical reactions.;Global assessment (1st work programme);;21589;16876.0;;;;;;;;;;;
chemosynthetic ecosystem_apa;chemosynthetic ecosystem;;Ecosystems including hot vents, cold seeps, mud volcanoes and sulphidic brine pools are highly fractured and diverse deep-water habitats shaped by dynamic, small- and large-scale geological processes, which vary substantially in time and space.;Asia-Pacific assessment;;24669;40855.0;;;;;;;;;;;
circular economy_ga1_nxs_tca;circular economy;;A regenerative system in which resource input and waste, emission, and energy leakage are minimized by slowing, closing, and narrowing material and energy loops. This can be achieved through long-lasting design, maintenance, repair, reuse, remanufacturing, refurbishing, and recycling.;Global assessment (1st work programme);;24670;40856.0;;;;;;;;;;;
citizen science_ga1_sua;citizen science;;Citizen science refers to research collaborations in which volunteers and scientists partner to answer real-world questions, typically through a connected interface. A major setback of citizen science projects is that they require some level of computer l.;Global assessment (1st work programme), Sustainable use assessment;;24671;40857.0;;;;;;;;;;;
citizens_eca;citizens;;Actors living in the area / context of interest that are directly or indirectly impacted by decisions / recommendations and hold their own (subjective) interest.;Europe and Central Asia assessment;;24672;40858.0;;;;;;;;;;;
civil society_ldr;civil society;;Civil society, according to Gramsci, is broader than the institutionally recognized organizations, unions, associations and other pressure groups. It considers citizens as historical subjects capable of both understanding and changing the world around them, instead of being passive recipients of a readymade ideology. The Internet and other new information and communication technologies facilitate the rise of self-organized, leaderless movements, allowing a rapid and efficient mobilization of citizens.;Land degradation and restoration assessment;;24673;40859.0;;;;;;;;;;;
clade_ga1;clade;;A group of organisms believed to comprise all the evolutionary descendants of a common ancestor.;Global assessment (1st work programme);;24674;40860.0;;;;;;;;;;;
classical biological control_ias;classical biological control;;the intentional introduction of an alien species, usually co-evolved, as a biological control agent for permanent establishment and long-term control;Invasive alien species assessment;;28639;69562.0;;;;;;;;;;;
clean development mechanism_ldr;clean development mechanism;CDM;Defined in Article 12 of the Protocol, allows a country with an emission-reduction or emission-limitation commitment under the Kyoto Protocol (Annex B Party) to implement an emission-reduction project in developing countries. Such projects can earn saleable certified emission reduction (CER) credits, each equivalent to one tone of CO2, which can be counted towards meeting Kyoto targets.;Land degradation and restoration assessment;;24675;40861.0;;;;;;;;;;;
clean technology_tca;clean technology;;A procedural approach or method that promotes sustainable development for companies, emphasising that all production phases be addressed such that environmental risks are minimized and underlain by the philosophies of eco-efficiency and eco-friendliness to enhance competitiveness, social responsibility and organizational sustainability (Brahmana &amp;;;;;;;;;;;;;;;
climate_nxs;climate;;The average weather, or more rigorously, its statistical description in terms of the mean and variability of relevant quantities over a period of time ranging from months to thousands or millions of years. The classical period for averaging these variables is 30 years, as defined by the World Meteorological Organization. The relevant quantities are most often surface variables such as temperature, precipitation and wind. Climate in a wider sense is the state, including a statistical description, of the climate system.;Nexus assessment;;24676;88335.0;;;;;;;;;;;
climate action_nxs;climate action;;Refers to any actions taken for climate change adaptation and/or mitigation. (Source: this assessment, Chapter 1).;Nexus assessment;;33953;87960.0;;;;;;;;;;;
climate change_sua;climate change;;As defined in Article 1 of the United Nations Framework Convention on Climate Change, a change of climate which is attributed directly or indirectly to human activity that alters the composition of the global atmosphere and which is in addition to natural climate variability observed over comparable time periods.;Sustainable use assessment;;21590;16877.0;;;;;;;;;;;
climate change adaptation_ldr;climate change adaptation;;Adjustment in natural or human systems in response to actual or expected climatic stimuli or their effects, which moderates harm or exploits beneficial opportunities.;Land degradation and restoration assessment;;24677;40867.0;;;;;;;;;;;
climate change impacts_nxs;climate change impacts;;The consequences of climate change affecting an element of society or ecosystems. Depending on system tolerance, these impacts can be detrimental, beneficial, neutral or a mixture of each across interacting system elements and regions (IPCC, 2022b).;Nexus assessment;;33954;87962.0;;;;;;;;;;;
climate change mitigation_ldr;climate change mitigation;;A set of actions to limit the magnitude or rate of long-term climate change. Climate change mitigation generally involves reductions in human (anthropogenic) emissions of greenhouse gases (GHGs). Mitigation may also be achieved by increasing the capacity of carbon sinks, e.g. through reforestation. Mitigation policies can substantially reduce the risks associated with human-induced global warming.;Land degradation and restoration assessment;;24678;40868.0;;;;;;;;;;;
climate envelope_ldr;climate envelope;;A subset of the more general family of species distribution models that correlate species occurrence or abundance with climate variables to make spatially-explicit predictions of potential distribution.;Land degradation and restoration assessment;;24679;40869.0;;;;;;;;;;;
climate regulation_ldr;climate regulation;;The influence of land cover and biological mediated processes that regulate atmospheric processes and weather patterns which in turn create the microclimate in which different plants and animals (including humans) live and function.;Land degradation and restoration assessment;;24680;40870.0;;;;;;;;;;;
climate smart agriculture_ldr;climate smart agriculture;CSA;Aims to tackle three main objectives: sustainably increasing agricultural productivity and incomes;;;;;;;;;;;;;;;
climate variability_afa;climate variability;;Is defined as variations in the mean state and other statistics of the climate on all temporal and spatial scale, beyond individual weather events.;Africa assessment;;24682;40873.0;;;;;;;;;;;
climatological anomalies_nxs;climatological anomalies;;Variation in a climate variable relative to a baseline value, i.e., climatological normal (see also Climatological normal). For example, a positive anomaly of temperature means that the observed temperature was warmer than the baseline. A negative temperature anomaly indicates that the observed temperature was cooler than the long-term average. Similarly, positive and negative anomalies for precipitation indicate that it rained more or less, respectively, than the baseline (Copernicus Climate Change Service, n.d.).;Nexus assessment;;33955;87966.0;;;;;;;;;;;
climatological normal_nxs;climatological normal;;The long-term average of a climatic variable. The normal is typically computed by calculating a climatology over a period of at least 30 years (the climate normal period). The current climate normal period is January 1981 to December 2010. (Copernicus Climate Change Service, n.d.).;Nexus assessment;;33956;87967.0;;;;;;;;;;;
closed water systems_ias;closed water systems;;in the context of management of biological invasions, bodies of water that do not directly or indirectly drain with continuous and intensive flow into an ocean or river, recognizing that no natural systems may be entirely closed (e.g., some inland surface waters and water bodies/freshwater).;Invasive alien species assessment;;28640;69563.0;;;;;;;;;;;
co-benefit_afa;co-benefit;;Refers to benefits of development plans or sectoral policies and measures.;Africa assessment;;24685;40876.0;;;;;;;;;;;
co-benefit strategies_apa;co-benefit strategies;;Practices in response to problems that provide added benefits, above and beyond the direct benefits. They are referred to as multiple benefits or synergies”.;Asia-Pacific assessment;;24686;40877.0;;;;;;;;;;;
co-creation_tca;co-creation;;A collaborative process of creation of knowledge between academic and non-academic actors encompassing the co-design of the problem framing, the co-production of knowledge, the co-implementation and dissemination of results (Hakkarainen et al., 2022;;;;;;;;;;;;;;;
co-management_apa_ama_eca_ldr_sua;co-management;;Process of management in which government shares power with resource users, with each given specific rights and responsibilities relating to information and decision-making.;Asia-Pacific assessment, Americas assessment, Europe and Central Asia assessment, Land degradation and restoration assessment, Sustainable use assessment;;21591;16878.0;;;;;;;;;;;
co-production_ga1_sua;co-production;;In the context of the IPBES conceptual framework, this is the joint contribution by nature and anthropogenic assets in generating nature's contributions to people.;Global assessment (1st work programme);;21595;16282.0;;;;;;;;;;;
coastal squeeze_apa;coastal squeeze;;It refers to intertidal habitat loss which arises due to the high water mark being fixed by a defense, and the low water mark migrating landwards in response to sea level rise.;Asia-Pacific assessment;;24684;40875.0;;;;;;;;;;;
cold seep_apa;cold seep;;Area of the seafloor where gases and fluids are released without incurring a significant temperature rise in the surrounding environment.;Asia-Pacific assessment;;24687;40878.0;;;;;;;;;;;
collaborative governance_apa;collaborative governance;;Governing arrangement where one or more public agencies directly engage non-state stakeholders in a collective decision-making process that is formal, consensus-oriented, and deliberative and that aims to make or implement public policy or manage public programs or assets.;Asia-Pacific assessment;;24688;40879.0;;;;;;;;;;;
collapse (socioecological system)_sua_ga1;collapse (socioecological system);;The rapid and durable loss of a defined socio-ecological system as such, resulting in substantial loss of social-ecological capital (e.g. biomass).;Sustainable use assessment, Global assessment (1st work programme);;24689;40880.0;;;;;;;;;;;
collecting_sua;collecting;;See “Gathering”.;Sustainable use assessment;;24690;40881.0;;;;;;;;;;;
collective action_ias;collective action;;action taken together by a group of people whose goal is to achieve a common objective. It is a term that is used in many areas of the social sciences including psychology, sociology, anthropology, political science and economics;Invasive alien species assessment;;28641;69564.0;;;;;;;;;;;
colonialism_tca;colonialism;;The combination of territorial, juridical, cultural, linguistic, political, mental/epistemic and/or economic domination of one group of people or groups of people by another (external) group of people (Murrey, 2020).;Transformative change assessment;;33958;87972.0;;;;;;;;;;;
coloniality_tca;coloniality;;Enduring ways of thinking and pervasive structures and patterns of power, inequality and domination established in different eras of colonialism. These have continued to shape modern societies in cultural, political and knowledge aspects beyond the end of formal colonial rule, becoming a pervasive force. This includes recognition that the legacies of historic injustices, such as the displacement of Indigenous Peoples and local communities and the disruption of their land management practices, are still present and contribute to today's biodiversity challenges (Deringil, 2003;;;;;;;;;;;;;;;
colonization pressure_ias;colonization pressure;;the number of species introduced or released to a single location, some of which will go on to establish a self-sustaining population and some of which will not;Invasive alien species assessment;;28642;69565.0;;;;;;;;;;;
comminution_ldr;comminution;;The action of reducing a material, especially a mineral ore, to minute particles or fragments.;Land degradation and restoration assessment;;24691;40882.0;;;;;;;;;;;
common pool resource_ldr;common pool resource;CPR;Resources for which the exclusion of users is difficult (referred to as excludability), and the use of such a resource by one user decreases resource benefits for other users (referred to as subtractability). Common CPR examples include fisheries, forests, irrigation systems, and pastures. Global CPR examples include the earth’s oceans and atmosphere. Difficulty in excluding users, combined with a CPR’s subtractability, create management vulnerabilities that can result in resource degradation, often referred to as the tragedy of the commons. See also Tragedy of commons” and Commons”.;Land degradation and restoration assessment;;24692;40883.0;;;;;;;;;;;
common property theory_sua;common property theory;CPT;Common property theory (CPT) refers to a body of cross-disciplinary literature that deals with the historical and contemporary institutional governance and management of valued resources ranging from fisheries and forests to atmospheric sinks, oceans, and genetic materials. CPT was originally developed to understand the problems of managing what are termed common-pool resources.;Sustainable use assessment;;24693;40884.0;;;;;;;;;;;
commons_ldr;commons;;A concept whereby some forms of wealth belong to all, and that these community resources must be actively protected and managed for the good of all. It consists of land and services of common property (forests, rivers, fields and arable land) used and managed by a given community (mainly traditional, local or indigenous). The commons also consist of gifts of nature such as air, oceans and wildlife (global commons) as well as shared social creations such as libraries, public spaces, scientific research and creative works. See also Common Pool Resources” and Tragedy of the commons”.;Land degradation and restoration assessment;;24694;40885.0;;;;;;;;;;;
communication_va;communication;;“A two-way process aimed at mutual understanding, sharing of values and action”.;Values assessment;;24695;40886.0;;;;;;;;;;;
community (ecological)_ga1_sua;community (ecological);;An assemblage of populations of at least two different species which coexist, and to various degrees interact directly and indirectly within a defined local geographic area and in a particular time;;;;;;;;;;;;;;;
community (social)_sua;community (social);;A group of people who inhabit or perform ongoing activities in a shared geographic space, who interact with one another, share similar values, identity, and heritage that form a basis for communal rules regulating collective behavior.;Sustainable use assessment;;24697;40888.0;;;;;;;;;;;
community forestry_sua_ga1;community forestry;;A broad term used to describe models of forest management that give local people the majority say in making decisions. Similar terms include participatory forest management, collaborative forest management, social forestry, and community-based forest management. With an aim to reduce poverty, community forestry is participatory and should serve all community members equitably.;Sustainable use assessment, Global assessment (1st work programme);;24698;40889.0;;;;;;;;;;;
community-based conservation_ga1;community-based conservation;;Institutions and/or processes involving Indigenous Peoples and Local Communities in the protection of biodiversity aimed at promoting the coexistence of people and nature. This includes -but is not restricted to- Indigenous Peoples’ and community conserved territories and areas (see 'ICCAs').;Global assessment (1st work programme);;24699;40890.0;;;;;;;;;;;
community-based forest management_apa;community-based forest management;;See Community Based Natural Resource Management.;Asia-Pacific assessment;;24700;40891.0;;;;;;;;;;;
community-based monitoring_ga1;community-based monitoring;;Processes involving the participation of community members in a range of observation and measurement activities to maintain awareness of ecological and social factors affecting a community .;Global assessment (1st work programme);;24701;40892.0;;;;;;;;;;;
community-based monitoring and information systems_eca;community-based monitoring and information systems;CBMIS;Initiatives by indigenous peoples and local community organizations to monitor their community’s well-being and the state of their territories and natural resources, applying a mix of traditional knowledge and innovative tools and approaches. It is a system that promotes evidence-based policymaking while empowering communities to participate in the process.;Europe and Central Asia assessment;;24702;40893.0;;;;;;;;;;;
community-based natural resource management_afa;community-based natural resource management;CBNRM;Community-based natural resource management: an approach to natural resource management that involves the full participation of indigenous peoples' and local communities and resource users in decision-making activities, and the incorporation of local institutions, customary practices, and knowledge systems in management, regulatory, and enforcement processes. Under this approach, community-based monitoring and information systems are initiatives by indigenous peoples and local community organisations to monitor their community's well-being and the state of their territories and natural resources, applying a mix of traditional knowledge and innovative tools and approaches.;Africa assessment;;21592;16280.0;;;;;;;;;;;
community-based tourism_sua;community-based tourism;;Community-based tourism is defined as an approach to tourism development which prioritizes the needs and desires of the host community.;Sustainable use assessment;;24703;40897.0;;;;;;;;;;;
community-managed forest_ga1_sua;community-managed forest;;Decentralized system of forest resource management designed to promote more equitable outcomes for stakeholders’ livelihoods changing relationships between stakeholders and government agencies.;Global assessment (1st work programme);;24704;40899.0;;;;;;;;;;;
compensation_ama;compensation;;A given project attains zero net biodiversity loss when its unavoidable impacts on biodiversity are balanced out or compensated by actions such as conservation, rehabilitation, restoration and/or compensation of residual impacts that avoid or minimize losses. In this case, compensation refers to environmental compensation and not socioeconomic compensation to the people who are affected by the project’s impact.;Americas assessment;;24705;40900.0;;;;;;;;;;;
compounding impact_nxs;compounding impact;;In the scope of this assessment, defined as when changes in one or several nexus elements (i.e., biodiversity, water, food, health and/or climate change) exacerbate negative impacts on another nexus element (Source: this assessment, Chapter 1). Changes in a response variable result from the combined effects of multiple variables or drivers, which may be non-linear and not follow additive patterns (Pidgen &amp;;;;;;;;;;;;;;;
concepts_ldr;concepts;;The second stage of cognitive process. Perceptions are selected, organized, classified and hierarchized into concepts. This process is influenced by collective filters which are human systems of values, norms, and beliefs. Concepts do not come alone, but as integrated networks. See also ‘Reality’;;;;;;;;;;;;;;;
conceptual framework_apa_ldr;conceptual framework;;The Platform's conceptual framework is a tool for building shared understanding across disciplines, knowledge systems and stakeholders of the interplay between biodiversity and ecosystem drivers, and of the role they play in building a good quality of life.;Asia-Pacific assessment, Land degradation and restoration assessment;;24707;40902.0;;;;;;;;;;;
confidence_eca_ldr;confidence;;See certainty.;Europe and Central Asia assessment, Land degradation and restoration assessment;;24708;40903.0;;;;;;;;;;;
conflict_sua;conflict;;Conflict is defined as when levels of armed violence due to political insecurity, instability, or civil or international war are substantially higher than in non-conflict times. This leads to a disruption of economies, government services and the extensive movement of people to flee conflict zones for personal safety and/or better opportunities.;Sustainable use assessment;;24709;40904.0;;;;;;;;;;;
connectance (in plant-pollinator networks (q.v.))_ppa;connectance (in plant-pollinator networks (q.v.));;The proportion of possible links between species that actually occur (or have been observed to occur).;Pollination assessment;;24710;40906.0;;;;;;;;;;;
connected water systems_ias;connected water systems;;in the context of management of biological invasions, bodies of water that are directly or indirectly connected to an ocean or a main river (e.g., cryosphere, shelf ecosystems and coastal areas).;Invasive alien species assessment;;28643;69566.0;;;;;;;;;;;
conservation agriculture_ppa_eca;conservation agriculture;;Approach to managing agro-ecosystems for improved and sustained productivity, increased profits and food security while preserving and enhancing the resource base and the environment. It is characterized by three linked principles, namely: 1) continuous minimum mechanical soil disturbance;;;;;;;;;;;;;;;
conservation benefit_ga1_sua;conservation benefit;;The positive impacts on people and ecosystems due to conservation.;Global assessment (1st work programme), Sustainable use assessment;;24711;40908.0;;;;;;;;;;;
conservation biology_ga1_sua;conservation biology;;The branch of biological science concerned with the conservation, management, and protection of vulnerable species, populations, and ecosystems. Also see 'Biological conservation'.;Global assessment (1st work programme), Sustainable use assessment;;24712;40909.0;;;;;;;;;;;
conservation easement_ama;conservation easement;;Voluntary, typically permanent, partial interest in property created through agreement between a landowner and a nonprofit land trust or government agency in which a landowner agrees to land-use restrictions, usually in exchange for a payment, tax reduction, or permit.;Americas assessment;;24713;40910.0;;;;;;;;;;;
conservation tender_ldr;conservation tender;;A financial mechanism to deliver funding to community groups and individuals for conservation works and, sometimes, permanently protect biodiversity (Australian Government, Department of the Environment and Energy).;Land degradation and restoration assessment;;24714;40911.0;;;;;;;;;;;
consumer surplus_ppa;consumer surplus;;The difference between the total amount that consumers are willing and able to pay for a good or service (indicated by the demand curve) and the total amount that they actually do pay (i.e. the market price), or the difference between the consumers' willingness to pay for a commodity and the actual price (equilibrium price) they pay.;Pollination assessment;;21594;16281.0;;;;;;;;;;;
consumerism_tca;consumerism;;The relentless economic pursuit of consumption, based on liberal economic theory that increasing consumption is economically beneficial. It describes the effect of the market economy, advertising and mass media on individuals, creating a 'consumer culture' and 'mass consumption' (Wong &amp;;;;;;;;;;;;;;;
containment_ias;containment;;the application of measures in and around an infested area to prevent spread of invasive alien species. Containment may also apply in the context of keeping an invasive alien species out of a defined geographic region within a broader infestation (in pest management this is also termed area-wide management) (FAO, 2019). Any action taken to delimit the distribution of an invasive alien species through whatever means possible.;Invasive alien species assessment;;28644;69567.0;;;;;;;;;;;
contaminant_ldr;contaminant;;Substance or agent present in the soil as a result of human.;Land degradation and restoration assessment;;24715;40912.0;;;;;;;;;;;
continental shelf_ga1;continental shelf;;The gently sloping, shelf-like part of the seabed adjacent to the coast extending to a depth of about 200m.;Global assessment (1st work programme);;24716;40913.0;;;;;;;;;;;
continental slope_ga1;continental slope;;The often steep, slope-like part of the seabed extending from the edge of the continental shelf to a depth of about 2,000m.;Global assessment (1st work programme);;24717;40914.0;;;;;;;;;;;
contingent valuation_apa;contingent valuation;;The contingent valuation method is used to estimate economic values for all kinds of ecosystem and environmental services. It can be used to estimate both use and non-use values.;Asia-Pacific assessment;;24718;40915.0;;;;;;;;;;;
control_ias;control;;direct action(s) taken to reduce or suppress the distribution, abundance, spread and impacts of invasive alien species within a defined geographic area (FAO, 1995) (see management).;Invasive alien species assessment;;28645;69568.0;;;;;;;;;;;
convention on international trade in endangered species of wild fauna and flora_apa;convention on international trade in endangered species of wild fauna and flora;CITES;Convention on International Trade in Endangered Species of Wild Fauna and Flora (CITES) is an international agreement between governments. Its aim is to ensure that international trade in specimens of wild animals and plants does not threaten their survival.;Asia-Pacific assessment;;24719;40916.0;;;;;;;;;;;
conventional agricultural_ppa;conventional agricultural;;Farming methods that rely on high inputs of machinery, fossil fuels and synthetic chemicals, including fertilizers and pesticides. Genetically modified organisms (GMOs) may also be used. Despite the term conventional, such agricultural methods have evolved only since the industrial revolution (19th century) and became widespread after the mid-20th century. It is also referred to sometimes as industrial agriculture”.;Pollination assessment;;24720;40917.0;;;;;;;;;;;
conventions_va;conventions;;They refer to practical rules about how to undertake certain actions. They simplify interaction and facilitate coordination. Examples are the language, measurement scales (e.g. money, weight., length) and directions in the sky. Management systems, professional codes and dressing codes are other forms.;Values assessment;;24721;40918.0;;;;;;;;;;;
coral bleaching_ga1;coral bleaching;;When water is too warm, corals will expel the algae (zooxanthellae) living in their tissues causing the coral to turn completely white. Corals can survive a bleaching event, but they are under more stress and are subject to mortality.;Global assessment (1st work programme);;24723;40921.0;;;;;;;;;;;
coral triangle_apa;coral triangle;;Geographical term for a roughly triangular area of tropical ocean that includes the coastal waters of Malaysia, Indonesia, Timor-Leste, Philippines, Papua New Guinea and Solomon Islands and is recognised as the global centre of coral reef and marine biodiversity and a global conservation priority.;Asia-Pacific assessment;;24724;40922.0;;;;;;;;;;;
correlative model_scm;correlative model;;A model in which available empirical data are used to estimate values for parameters that do not have predefined ecological meaning, and for which processes are implicit rather than explicit.;Scenarios and models assessment;;21596;40923.0;;;;;;;;;;;
corridor_ldr_afa_ama_ppa_eca_apa;corridor;;A geographically defined area which allows species to move between landscapes, ecosystems and habitats, natural or modified, and ensures the maintenance of biodiversity and ecological and evolutionary processes.;Land degradation and restoration assessment, Africa assessment, Americas assessment, Pollination assessment, Europe and Central Asia assessment, Asia-Pacific assessment;;21597;16284.0;;;;;;;;;;;
cosmic model_ga1;cosmic model;;see cosmocentric.;Global assessment (1st work programme);;24725;40925.0;;;;;;;;;;;
cosmologies_ga1;cosmologies;;The ways any society develops worldviews that aim at explaining the content and the dynamics of the universe, its spatial and temporal properties, the types of living beings that inhabits it, the principles and energies that explains its origin and its future.;Global assessment (1st work programme);;24726;40926.0;;;;;;;;;;;
cosmovision_nxs;cosmovision;;The philosophies, perceptions and worldviews held by Indigenous Peoples regarding physical and spiritual connections with the environment, often expressed in a coherent body of myths, rituals, values and artistic expressions. Related to the Western term metaphysics in that it describes perceptions and understandings of the universe (López Austin, 2000).;Nexus assessment;;33962;88341.0;;;;;;;;;;;
cost-benefit analysis_ppa;cost-benefit analysis;;A procedure for estimating all costs involved and possible profits (benefits) to be derived from a business or development opportunity or proposal.;Pollination assessment;;24727;40927.0;;;;;;;;;;;
cost-effectiveness analysis_ias;cost-effectiveness analysis;;an analytical tool to identify the best activity, process, or intervention that justifies/minimizes resource use to achieve a desired result;Invasive alien species assessment;;28646;69570.0;;;;;;;;;;;
country of origin of genetic resources_ga1;country of origin of genetic resources;;Country possessing genetic resources in in-situ conditions (CBD, 1992).;Global assessment (1st work programme);;24728;40929.0;;;;;;;;;;;
country providing genetic resources_ga1;country providing genetic resources;;Country supplying genetic resources collected from in-situ sources, including populations of both wild and domesticated species, or taken from ex-situ sources, which may or may not have originated in that country (CBD, 1992).;Global assessment (1st work programme);;24729;40930.0;;;;;;;;;;;
coupled social-ecological systems_apa;coupled social-ecological systems;CSES;Social-ecological systems are complex, integrated systems in which humans are part of nature.;Asia-Pacific assessment;;24730;40931.0;;;;;;;;;;;
crop intensification_apa;crop intensification;;Increasing yields, area of extent and/or environmental impacts of agricultural production.;Asia-Pacific assessment;;24731;40932.0;;;;;;;;;;;
crop wild relative_ga1;crop wild relative;;See ‘Wild relative’.;Global assessment (1st work programme);;24732;40933.0;;;;;;;;;;;
cropland_ldr_apa_eca_ama;cropland;;A land cover/use category that includes areas used for the production of crops for harvest.;Land degradation and restoration assessment, Asia-Pacific assessment, Europe and Central Asia assessment, Americas assessment;;21599;16880.0;;;;;;;;;;;
cropping system_ppa;cropping system;;The pattern of crops produced on a given piece of land, or sequence in which the crops are cultivated on pieces of land over a fixed period, and their interaction with farm resources and other farm enterprises.;Pollination assessment;;24733;40934.0;;;;;;;;;;;
cross pollination_ppa_ga1;cross pollination;;The movement of pollen between the flowers of two distinct plants.;Pollination assessment, Global assessment (1st work programme);;24734;40935.0;;;;;;;;;;;
cross-scale analysis_ldr_eca_afa_ama_apa;cross-scale analysis;;Cross-scale effects are the result of spatial and/or temporal processes interacting with other processes at another scale. These interactions create emergent effects that can be difficult to predict.;Land degradation and restoration assessment, Europe and Central Asia assessment, Africa assessment, Americas assessment, Asia-Pacific assessment;;21600;16286.0;;;;;;;;;;;
cross-sectoral_ga1_sua_ldr_eca_nxs;cross-sectoral;;Relating to interactions between sectors (that is, the distinct parts of society, or of a nation's economy), such as how one sector affects another sector, or how a factor affects two or more sectors.;Global assessment (1st work programme);;21601;16287.0;;;;;;;;;;;
crowding out_va;crowding out;;It has been hypothesized that the rise of economic incentive approaches (so-called ‘market-based’ approaches) in environmental policy making, could lead to a change in values towards a commercialization of nature (i.e. people putting more weight on instrumental values and less on intrinsic values of nature in decision-making). This risks undermining intrinsic motivation or pro-nature values and mindsets.;Values assessment;;24735;40937.0;;;;;;;;;;;
cryosphere_ga1_apa;cryosphere;;The cryosphere is those portions of Earth's surface where water is in solid form, including sea ice, lake ice, river ice, snow cover, glaciers, ice caps, ice sheets, and frozen ground (which includes permafrost).;Global assessment (1st work programme), Asia-Pacific assessment;;24736;40939.0;;;;;;;;;;;
cryptogenic species_ias;cryptogenic species;;a species, which cannot be reliably demonstrated as being either alien or native;Invasive alien species assessment;;28647;69571.0;;;;;;;;;;;
cultural change_ga1_sua;cultural change;;Cultural change is a continuous process in any society, which can vary from gradual to stochastic, resulting from interactions between processes that are internal (ex. needs, local changes, crisis, mobility, ideas, invention and innovation, conflicts, etc.) and external (ex. diffusion, external agents, political and economic forces, conflicts, etc.) (Berry, 2008;;;;;;;;;;;;;;;
cultural continuity_sua;cultural continuity;;Cultural continuity has been conceptualized within Indigenous health research that builds on cultural connectedness to emphasize the importance of intergenerational cultural connectedness, which is maintained through intact families and the engagement of elders, who pass traditions to subsequent generations. Cultural continuity also situates culture as being dynamic through the maintenance of collective memory, which may change over time.;Sustainable use assessment;;24738;40941.0;;;;;;;;;;;
cultural diversity_sua;cultural diversity;;As stated in the UNESCO Universal Declaration on Cultural Diversity, Culture takes diverse forms across time and space. This diversity is embodied in the uniqueness and plurality of the identities of the groups and societies making up humankind. As a source of exchange, innovation and creativity, cultural diversity is as necessary for humankind as biodiversity is for nature. In this sense, it is the common heritage of humanity and should be recognized and affirmed for the benefit of present and future generations..Cultural diversity widens the range of options open to everyone;;;;;;;;;;;;;;;
cultural ecosystem services_ldr;cultural ecosystem services;;The Millennium Ecosystem Assessment (Sarukhán &amp;;;;;;;;;;;;;;;
cultural identity_sua;cultural identity;;Cultural identity is the identity or feeling of belonging to, as part of the self-conception and self-perception to nationality, ethnicity, religion, social class, generation, locality and any kind of social group that have its own distinct culture. In this way that cultural identity is both characteristic of the individual but also to the culturally identical group that has its members sharing the same cultural identity.;Sustainable use assessment;;24741;40947.0;;;;;;;;;;;
cultural keystone species_ga1;cultural keystone species;;The culturally salient species that shape in a major way the cultural identity of a people, as reflected in the fundamental roles these species have in diet, materials, medicine, and/or spiritual practices.;Global assessment (1st work programme);;24742;40948.0;;;;;;;;;;;
cultural landscape_ga1_sua;cultural landscape;;Cultural landscapes express the long-term co-evolution and relationships between people and nature, influenced by internal and external forces affecting the aesthetic and productive configuration of land management, water bodies, wildlife, property systems, infrastructure and human settlements, and which are both a source and a product of changing social, institutional, economic, and cultural systems.;Global assessment (1st work programme), Sustainable use assessment;;24743;40950.0;;;;;;;;;;;
cultural values_ga1_sua;cultural values;;Cultural values are shared social values and norms, which are learned and dynamic, and which underpin attitudes and behavior and how people respond to events and opportunities, and affects the hierarchy of values people assign to objects, knowledge, stories, feelings, other beings, forms of social expressions, and behaviors.;Global assessment (1st work programme), Sustainable use assessment;;24744;40951.0;;;;;;;;;;;
culture_ga1_tca;culture;;A commonly accepted definition of culture refers to the system of shared beliefs, values, customs, behaviours, and artifacts that the members of society use to cope with their world and with one another, and that are transmitted from generation to generation through learning.;Global assessment (1st work programme);;24745;40952.0;;;;;;;;;;;
cumulative impacts_ldr;cumulative impacts;;An impact produced over a period of time.;Land degradation and restoration assessment;;24746;40954.0;;;;;;;;;;;
customary land tenure_sua_ga1;customary land tenure;;The socially-embedded systems and institutions used within communities to regulate and manage land use and access, and which derive from the community itself rather than from the state.;Sustainable use assessment, Global assessment (1st work programme);;24747;40955.0;;;;;;;;;;;
customary law_sua_nxs;customary law;;Law consisting of customs that are accepted as legal requirements or obligatory rules of conduct;;;;;;;;;;;;;;;
customary practices_ldr;customary practices;;See Customary law.;Land degradation and restoration assessment;;24748;40959.0;;;;;;;;;;;
customary rights_ga1_sua;customary rights;;Rights, such as land rights or political rights, that are granted by either customary or statutory law. Customary rights exist where there is a consensus of relevant actors considering them to be ‘law’.;Global assessment (1st work programme), Sustainable use assessment;;24749;40960.0;;;;;;;;;;;
customary sustainable use_sua_ga1;customary sustainable use;;Uses of biological resources in accordance with traditional cultural practices that are compatible with conservation or sustainable use requirements.;Sustainable use assessment, Global assessment (1st work programme);;24750;40961.0;;;;;;;;;;;
daoism_apa;daoism;;A Chinese philosophy based on the writings of Lao-tzu, advocating humility and religious piety.;Asia-Pacific assessment;;24751;40962.0;;;;;;;;;;;
decadal_ppa;decadal;;adj. Ten years.;Pollination assessment;;24752;40963.0;;;;;;;;;;;
decision context_scm;decision context;;The characteristics and needs of any particular policy or decision-making process.;Scenarios and models assessment;;24753;40964.0;;;;;;;;;;;
decision support tools_ldr;decision support tools;;Approaches and techniques based on science and other knowledge systems, including indigenous and local knowledge, that can inform, assist and enhance relevant decisions, policy-making and implementation at the local, national, regional and international levels.;Land degradation and restoration assessment;;24754;40965.0;;;;;;;;;;;
decision uncertainty_scm;decision uncertainty;;Variation in subjective human judgments, preferences, beliefs, world views (Section 1.6.3).;Scenarios and models assessment;;24755;40966.0;;;;;;;;;;;
decision-making_va;decision-making;;The process of making decisions can happen at the individual level or amongst groups and entails the prioritisation of certain values. This prioritization greatly influences which issues are found worthy of consideration, do and do not become part of the agenda, as well as determine which decision-makers are considered socially legitimate to participate in the process.;Values assessment;;24756;40967.0;;;;;;;;;;;
decision-making framework_apa;decision-making framework;;System for logical interpretation of evidence leading to decision options that can be objectively evaluated.;Asia-Pacific assessment;;24757;40968.0;;;;;;;;;;;
decomposition_apa_ldr_ga1_eca_ama_sua;decomposition;;Breakdown of complex organic substances into simpler molecules or ions by physical, chemical and/or biological processes.;Asia-Pacific assessment, Land degradation and restoration assessment, Global assessment (1st work programme), Europe and Central Asia assessment, Americas assessment, Sustainable use assessment;;21603;16882.0;;;;;;;;;;;
decorative and aesthetic uses_sua;decorative and aesthetic uses;;Decorative and aesthetic uses are defined as the uses of wild species in order to produce handicrafts and objects of adornment, beauty, and/or entertainment.;Sustainable use assessment;;24758;40969.0;;;;;;;;;;;
deflation (wind)_ldr;deflation (wind);;Wind erosion.;Land degradation and restoration assessment;;24759;40970.0;;;;;;;;;;;
deforestation_eca_apa_ama_ldr_afa;deforestation;;Human-induced conversion of forested land to non-forested land. Deforestation can be permanent, when this change is definitive, or temporary when this change is part of a cycle that includes natural or assisted regeneration.;Europe and Central Asia assessment, Asia-Pacific assessment, Americas assessment, Land degradation and restoration assessment, Africa assessment;;21604;16288.0;;;;;;;;;;;
degraded land_ama_eca_ldr_apa;degraded land;;Land in a state that results from persistent decline or loss of biodiversity and ecosystem functions and services that cannot fully recover unaided.;Americas assessment, Europe and Central Asia assessment, Land degradation and restoration assessment, Asia-Pacific assessment;;21605;16289.0;;;;;;;;;;;
degraded lands_ga1;degraded lands;;Land in a state that results from persistent decline or loss of biodiversity and ecosystem functions and services that cannot fully recover unaided within decadal timescales.;Global assessment (1st work programme);;24760;40971.0;;;;;;;;;;;
degrowth_ama;degrowth;;Started as an activist movement around 2008 and turned into an academic discipline, it starts from the premise that economic growth cannot be sustained ad infinitum on a resource constraint planet. It demands a deep societal change, denying the need for economic growth. It is unclear whether degrowth should be considered as a collectively consented choice or an environmentally-imposed inevitability.;Americas assessment;;24761;40972.0;;;;;;;;;;;
demographic change_sua;demographic change;;A model describing transition in demographic profile of a population, which has been associated with the development process that transforms an agricultural society into an industrial one and characterized by a rapid population growth due to a decline in the death rate while fertility remains high initially;;;;;;;;;;;;;;;
demographic transition_ga1;demographic transition;;A model describing transition in demographic profile of a population, which has been associated with the development process that transforms an agricultural society into an industrial one and characterized by a rapid population growth due to a decline in the death rate while fertility remains high initially;;;;;;;;;;;;;;;
denitrification_ga1_ldr;denitrification;;A heterotrophic process of anaerobic microbial respiration conducted by bacteria. Denitrification is the microbial oxidation of organic matter in which nitrate or nitrite is the terminal electron acceptor, and the end product is N2.;Global assessment (1st work programme), Land degradation and restoration assessment;;21606;40975.0;;;;;;;;;;;
densification_ldr;densification;;The increase in woody plants in a savanna, grassland or woodland.;Land degradation and restoration assessment;;24763;40976.0;;;;;;;;;;;
deoxygenation (ocean)_ga1;deoxygenation (ocean);;Decreased oxygen concentrations in the ocean, as a result of climate change and other anthropogenic stressors, e.g. nutrient input due to inefficient fertilizer use.;Global assessment (1st work programme);;24764;40977.0;;;;;;;;;;;
depositional sites_ldr;depositional sites;;The places where eroded soils are deposited.;Land degradation and restoration assessment;;24765;40978.0;;;;;;;;;;;
depth_va;depth;;refers to change that goes beyond addressing the symptoms of environmental change or their proximate drivers, such as new technologies, incentive systems or protected areas, to include changes to underlying drivers, including consumption preferences, beliefs, ideologies and social inequalities.;Values assessment;;24766;40979.0;;;;;;;;;;;
descriptive scenarios_scm;descriptive scenarios;;see exploratory scenarios.;Scenarios and models assessment;;24767;40980.0;;;;;;;;;;;
desertification_ldr;desertification;;Land degradation in arid, semi-arid and dry sub-humid areas resulting from various factors, including climatic variations and human activities.;Land degradation and restoration assessment;;21607;40981.0;;;;;;;;;;;
development pathways_apa;development pathways;;Plausible future options either arising from or forming scenario assessments, often presented as narratives that explore or articulate possibilities for human economic development.;Asia-Pacific assessment;;24768;40983.0;;;;;;;;;;;
diet (healthy)_nxs;diet (healthy);;A health-promoting and disease-preventing diet. It provides adequacy without excess of nutrients and health promoting substances from nutritious foods and avoids the consumption of health-harming substances (United Nations, n.d.). A healthy diet helps to protect against malnutrition in all its forms, as well as non-communicable diseases, including diabetes, heart disease, stroke and cancer (WHO, 2020). See also Diet (sustainable healthy).;Nexus assessment;;33964;87981.0;;;;;;;;;;;
diet (sustainable healthy)_nxs;diet (sustainable healthy);;Dietary patterns that promote all dimensions of individuals' health and well-being;;;;;;;;;;;;;;;
dietary diversity_nxs;dietary diversity;;A qualitative measure of food consumption representing the number of different food groups or foods consumed in a given period, reflecting household access to a variety of foods, and is also a proxy for nutrient adequacy of the diet of individuals (FAO, 2011).;Nexus assessment;;33966;87983.0;;;;;;;;;;;
direct drivers_scm;direct drivers;;Drivers (both natural and anthropogenic) that operate directly on nature (sometimes also called pressures).;Scenarios and models assessment;;33967;40984.0;;;;;;;;;;;
direct drivers (of environmental change)_ppa;direct drivers (of environmental change);;Natural direct drivers are those that are not the result of human activities and are beyond human control (e.g. natural climate and weather patterns, geological events). Anthropogenic direct drivers result from human decisions.;Pollination assessment;;24770;40986.0;;;;;;;;;;;
disability-adjusted life year_ldr;disability-adjusted life year;DALY;One DALY can be thought of as one lost year of healthy life. The sum of these DALYs across the population, or the burden of disease, can be thought of as a measurement of the gap between current health status and an ideal health situation where the entire population lives to an advanced age, free of disease and disability.;Land degradation and restoration assessment;;24771;40987.0;;;;;;;;;;;
disaster risk reduction_ldr;disaster risk reduction;;The concept and practice of reducing disaster risks through systematic efforts to analyze and manage the causal factors of disasters, including through reduced exposure to hazards, lessened vulnerability of people and property, wise management of land and the environment, and improved preparedness for adverse events.;Land degradation and restoration assessment;;24772;40988.0;;;;;;;;;;;
discourse_tca;discourse;;A form of language use, public speeches or spoken language and ways of speaking. Can also refer to the ideas or philosophies propagated by different groups, including who uses language, how, why and when. It also refers to a web of meanings, ideas, interactions, practices expressed or represented in texts (spoken and written, gesture and viSUAl imagery) within institutional everyday settings (Bischoping &amp;;;;;;;;;;;;;;;
disease_nxs;disease;;The clinical and/or pathological manifestation of infection (CBD, n.d.).;Nexus assessment;;33969;87986.0;;;;;;;;;;;
disease (zoonotic)_nxs;disease (zoonotic);;Diseases that are directly transmitted from animals to humans via various routes of transmission (e.g., air - influenza;;;;;;;;;;;;;;;
dispersal_ga1_sua;dispersal;;Movement of individuals (and in some species, their gametes) that has the potential for moving genes through space.;Global assessment (1st work programme), Sustainable use assessment;;24773;40989.0;;;;;;;;;;;
distributional equity_eca;distributional equity;;Allocation of costs, benefits, risks and responsibilities as well as of the products of nature requiring the disaggregation of values to highlight who benefits and who loses, and to demonstrate the consequences for those affected.;Europe and Central Asia assessment;;24774;40990.0;;;;;;;;;;;
distributive justice_va;distributive justice;;Focuses on the allocation among stakeholders of costs and benefits, include intergenerational and intragenerational justice.;Values assessment;;24775;40991.0;;;;;;;;;;;
diverse values_va;diverse values;;Diverse values arise from the different lenses through which people interpret human-nature relationships (i.e. worldviews), and as a result, diverse values have had different meanings across disciplines, knowledge systems, cultures, languages and social-ecological contexts. This assessment focuses on the diverse values of nature which emerge from the different ways in which people perceive nature and build their relations with it.;Values assessment;;24776;40992.0;;;;;;;;;;;
diversified farming_ppa;diversified farming;;Any system that uses a mix of crops, trees, livestock and fish to ensure variety of food, fodder and fibre sources and complementary use of natural resources. The diversity of crops and animals helps to achieve stability of production and stability of ecosystem processes.;Pollination assessment;;24777;40993.0;;;;;;;;;;;
diversified farming system_ppa;diversified farming system;;Emphasizes use of a suite of farming practices that promote agro-biodiversity across scales (from within the farm to the surrounding landscape), leading to the generation and regeneration of key ecosystem services (soil fertility, water use efficiency, pest and disease control, pollination, climate resilience, and others) and reducing the need for off-farm inputs.;Pollination assessment;;24778;40994.0;;;;;;;;;;;
diversity_ppa;diversity;;The condition of having or comprising differing elements or qualities (peoples, organisms, methodologies, organisations, viewpoints, etc.).;Pollination assessment;;24779;40995.0;;;;;;;;;;;
dna barcoding_ias;dna barcoding;;a commonly used molecular method (e.g., for detection of species, revealing species interactions and assessment of diversity of community assemblages) that involves the amplification of a short section of DNA from a specific gene or genes. Recent advances have extended the application of this approach from the identification of individual specimens to identification of multiple specimens within mixed samples through DNA metabarcoding;Invasive alien species assessment;;28648;69572.0;;;;;;;;;;;
domain_scm;domain;;A specified sphere of activity or knowledge.;Scenarios and models assessment;;24780;40996.0;;;;;;;;;;;
domesticated species_sua_ga1;domesticated species;;Species in which the evolutionary process has been influenced by humans to meet their needs.;Sustainable use assessment, Global assessment (1st work programme);;24781;40997.0;;;;;;;;;;;
domestication_ga1_sua;domestication;;Evolutionary process driven by human (whether conscious or unconscious) selection but also involving natural processes applied to wild plants or animals and leading to adaptation to cultivation and consumption or utilization. Domestication can be complete, whereby organisms become entirely dependent on humans for their continued existence or can be partial or incipient, whereby they still reproduce independently of human intervention (Gepts, 2014). In traditional systems, farmer practices still shape the genetic structure of crops and their evolution (Vigouroux et al., 2011).;Global assessment (1st work programme);;24782;40998.0;;;;;;;;;;;
domestication of agreements’ commitment_afa;domestication of agreements’ commitment;;Refer to measures taken to give global agreement the power and the force of national legal systems and regulations to enable and facilitate their applicability in the national context while ensuring full compliance with international commitments.;Africa assessment;;24783;41000.0;;;;;;;;;;;
double counting of services_eca;double counting of services;;Erroneously including the same ecosystem service more than once in an economic analysis.;Europe and Central Asia assessment;;24784;41001.0;;;;;;;;;;;
double materiality_nxs;double materiality;;"Refers to the fact that businesses and other organizations have both impacts and dependencies on nature and biodiversity. For example, physical risks that impact businesses and financial institutions relate to their dependence on nature. In addition, the same organizations will have impacts on nature through their activities which, in turn, present a different set of risks should policy and public sentiment change, known as transition and reputational risks. Transition risks relate to the uncertainty around costs which may be faced by such organizations in adapting to the changing landscape in which they operate. Both of these types of risks create a ""double materiality"" issue for financial institutions (e.g., lenders, central banks) that are increasingly being modelled in scenario work. Source: this assessment, Chapter 6.";Nexus assessment;;33971;88343.0;;;;;;;;;;;
downscaling_scm_apa_eca_ldr_ama;downscaling;;The transformation of information from coarser to finer spatial scales through statistical modelling or spatially nested linkage of structural models.;Scenarios and models assessment, Asia-Pacific assessment, Europe and Central Asia assessment, Land degradation and restoration assessment, Americas assessment;;21609;16292.0;;;;;;;;;;;
driver_afa;driver;;In the context of IPBES, drivers of change are all the factors that, directly or indirectly, cause changes in nature, anthropogenic assets, nature's contributions to people and a good quality of life. Direct drivers of change can be both natural and anthropogenic. Direct drivers have direct physical (mechanical, chemical, noise, light etc.) and behaviour-affecting impacts on nature. They include, inter-alia, climate change, pollution, different types of land use change, invasive alien species and zoonoses, and exploitation. Indirect drivers are drivers that operate diffusely by altering and influencing direct drivers as well as other indirect drivers. They do not impact nature directly. Rather, they do it by affecting the level, direction or rate of direct drivers. Interactions between indirect and direct drivers create different chains of relationship, attribution, and impacts, which may vary according to type, intensity, duration, and distance. These relationships can also lead to different types of spill- over effects. Global indirect drivers include economic, demographic, governance, technological and cultural ones, among others. Special attention is given, among indirect drivers, to the role of institutions (both formal and informal) and impacts of the patterns of production, supply and consumption on nature, nature's contributions to people and good quality of life.;Africa assessment;;21610;41002.0;;;;;;;;;;;
drivers of change_scm_ppa;drivers of change;;All the external factors that cause change in nature, anthropogenic assets, nature's benefits to people and a good quality of life. They include institutions and governance systems and other indirect drivers, and direct drivers (both natural and anthropogenic).;Scenarios and models assessment, Pollination assessment;;24787;41011.0;;;;;;;;;;;
drivers; anthropogenic direct_ppa;drivers, anthropogenic direct;;Those that are the result of human decisions and actions, namely, of institutions and governance systems and other indirect drivers (e.g. land degradation and restoration, freshwater pollution, ocean acidification, climate change produced by anthropogenic carbon emissions, species introductions). Some of these drivers, such as pollution, can have negative impacts on nature;;;;;;;;;;;;;;
drivers; natural direct_ppa;drivers, natural direct;;Drivers that are not the result of human activities and whose occurrence is beyond human control (e.g. natural climate and weather patterns, extreme events such as prolonged drought or cold periods, cyclones and floods, earthquakes, volcanic eruptions).;Pollination assessment;;24790.0;41017.0;;;;;;;;;;
drought_nxs;drought;;An exceptional period of water shortage for existing ecosystems and the human population (due to low rainfall, high temperature and/or wind) (IPCC, 2022a).;Nexus assessment;;33972;87992.0;;;;;;;;;;;
dry forest_ldr;dry forest;;Tropical and sub-tropical dry forests occur in climates that are warm year-round, and may receive several hundred centimetres or rain per year, they deal with long dry seasons which last several months and vary with geographic location.;Land degradation and restoration assessment;;24791;41018.0;;;;;;;;;;;
drylands_eca;drylands;;Arid, semi-arid and dry sub-humid areas. The term excludes hyper-arid areas, also known as deserts. Drylands are characterized by water scarcity and cover approximately 40% of the world's terrestrial surface.;Europe and Central Asia assessment;;21611;41019.0;;;;;;;;;;;
dynamic downscaling_scm;dynamic downscaling;;Downscaling based on mechanistic models, which may be more appropriate than statistical downscaling in systems where the relationship between coarse scale and fine scale dynamics are complex and non-linear, or observational data are insufficient.;Scenarios and models assessment;;21612;16295.0;;;;;;;;;;;
dynamic model_scm;dynamic model;;A model that describes changes through time of a specific process. See also process-based model.;Scenarios and models assessment;;21613;41023.0;;;;;;;;;;;
dynamics and processes_va;dynamics and processes;;refer to the emergent patterns of change across ‘depths’, ‘breadths’ and time that unfold as non-linear pathways. These may be characterised by ‘punctuated equilibrium’ in which more stable periods of incremental change are punctuated by bursts of change in which underlying structures are reorganised into new states.;Values assessment;;24792;41024.0;;;;;;;;;;;
e-commerce_ias;e-commerce;;“online ordering, sale, communication and payment, in particular, business to consumer and consumer to consumer transactions but can also be applicable to business-to-business transactions”;Invasive alien species assessment;;28649;69574.0;;;;;;;;;;;
earth jurisprudence_ga1;earth jurisprudence;;An emerging field of law that seeks to develop a philosophy and practice of law that gives greater consideration to nature, by recognizing the interconnectedness of Earth's natural systems, the inherent rights and value of nature, and the dependence of humanity and all living beings on a healthy Earth.;Global assessment (1st work programme);;24793;41025.0;;;;;;;;;;;
earth system justice_nxs;earth system justice;;An emerging concept that calls for equitable distribution of nature's benefits, risks and responsibilities within safe and just Earth system boundaries, aiming to ensure the well-being of all people and maintain a stable and supportive environment for life across generations. It integrates principles of fairness in access, decision-making and the allocation of resources and responsibilities, emphasizing the importance of including diverse knowledge systems and prioritizing the needs of the most marginalized (Gupta et al., 2023). See also Justice, Equity and Equality.;Nexus assessment;;33973;87993.0;;;;;;;;;;;
eco-certification_ama;eco-certification;;Programmes designed to accredit goods and services that meet defined process standards designed to improve environmental performance and, in some cases, also to improve social welfare in places of production.;Americas assessment;;24795;41027.0;;;;;;;;;;;
eco-communalism_apa;eco-communalism;;Shorthand for ecological communalism, an environmental philosophy based on simple living, self-sufficiency, sustainability, and local economies.;Asia-Pacific assessment;;24796;41028.0;;;;;;;;;;;
eco-evolutionary dynamics_ias;eco-evolutionary dynamics;;reciprocal interactions between ecological and evolutionary processes. Ecological and evolutionary time-scales can be so similar that evolutionary change might be rapid enough to influence ecological dynamics;Invasive alien species assessment;;28650;69573.0;;;;;;;;;;;
eco-informatics_scm;eco-informatics;;A discipline which envisions building ecological data sets in the context of a data life cycle that encompasses all facets of data generation to knowledge creation, including planning, collection and organization of data, quality assurance and quality control, metadata creation, preservation, discovery, integration, and analysis and visualization.;Scenarios and models assessment;;21614;16297.0;;;;;;;;;;;
eco-social contracts_tca;eco-social contracts;;A social contract incorporating the ecological dimension to achieve sustainable development for all. Eco-social contracts are grounded in a broad consensus between different stakeholders, embarking on a democratic, inclusive and participatory decision-making process at multiple levels and feeding evidence-based policy proposals into decision-making forums, to arrive at a shared vision, concrete objectives and commitments and accountability mechanisms (UNRISD, 2022).;Transformative change assessment;;33974;87994.0;;;;;;;;;;;
ecocentrism_ldr;ecocentrism;;"A concept that nature and natural things have a value in and of themselves, independent of any benefits they may have for human beings. See also Anthropocentrism and Reality"".";Land degradation and restoration assessment;;24794;41026.0;;;;;;;;;;;
ecocide_tca;ecocide;;Refers to severe and either widespread or long-term environmental harm that is caused by unlawful or wanton acts committed with knowledge that there is a substantial likelihood of such harm (Higgins et al., 2013;;;;;;;;;;;;;;;
ecohealth_nxs;ecohealth;;A principle that is committed to fostering the health of humans, animals and ecosystems and to conducting research which recognizes the inextricable linkages between the health of all species and their environments. A basic tenet held is that health and well-being cannot be sustained in a resource depleted, polluted and socially unstable planet. Adapted from (Lerner &amp;;;;;;;;;;;;;;;
ecolabelling_sua;ecolabelling;;Ecolabelling is defined as a voluntary approach to environmental certification practiced around the world. Ecolabel is defined as a product that meets a wide range of environmental performance criteria or standards.;Sustainable use assessment;;24797;41029.0;;;;;;;;;;;
ecological breakpoint or threshold_sua_scm_ppa_ldr_ama;ecological breakpoint or threshold;;The point at which a relatively small change in external conditions causes a rapid change in an ecosystem. When an ecological threshold has been passed, the ecosystem may no longer be able to return to its state by means of its inherent resilience.;Sustainable use assessment, Scenarios and models assessment, Pollination assessment, Land degradation and restoration assessment, Americas assessment;;21615;16298.0;;;;;;;;;;;
ecological civilization_tca;ecological civilization;;A concept rooted in Chinese traditional wisdom based on the Unity of Nature and Humanity. It has been used to harmonize the apparent contradiction between economic development and environmental protection, including biodiversity conservation (Ma &amp;;;;;;;;;;;;;;;
ecological community_ldr_eca;ecological community;;An assemblage or association of populations of two or more different species occupying the same geographical area and in a particular time.;Land degradation and restoration assessment, Europe and Central Asia assessment;;21616;16299.0;;;;;;;;;;;
ecological connectivity_ga1;ecological connectivity;;See 'Habitat connectivity'.;Global assessment (1st work programme);;24798;41031.0;;;;;;;;;;;
ecological crisis_tca;ecological crisis;;Potential destruction of conditions that sustain human life on earth owing to exacerbated levels of human interventions;;;;;;;;;;;;;;;
ecological destruction_apa;ecological destruction;;See Ecosystem degradation.;Asia-Pacific assessment;;24799;41032.0;;;;;;;;;;;
ecological disturbance (natural and anthropogenic)_ga1;ecological disturbance (natural and anthropogenic);;An event that can disrupt any ecological level, environmental component as well as the organizational status of a biological cycle of organisms. Disturbances are an important aspect in the natural selection and the whole biological evolution, as they modify the environment in which every living being performs its vital functions.;Global assessment (1st work programme);;24800;41033.0;;;;;;;;;;;
ecological footprint_apa_ga1;ecological footprint;;Ecological footprint has a variety of definitions, but is defined by the Global Footprint Network the as a measure of how much area of biologically productive land and water an individual, population or activity requires to produce all the resources it consumes and to absorb the waste it generates, using prevailing technology and resource management practices. The ecological footprint indicator used in this report is based on the Global Footprint Network unless otherwise specified.;Asia-Pacific assessment;;21617;41034.0;;;;;;;;;;;
ecological infrastructure_ama;ecological infrastructure;;Ecological infrastructure refers to the natural or semi-natural structural elements of ecosystems and landscapes that are important in delivering ecosystem services. It is similar to ‘green infrastructure', a term sometimes applied in a more urban context. The ecological infrastructure needed to support pollinators and improve pollination services includes patches of semi-natural habitats, including hedgerows, grassland and forest, distributed throughout productive agricultural landscapes, providing nesting and floral resources. Larger areas of natural habitat are also ecological infrastructure, although these do not directly support agricultural pollination in areas more than a few kilometers away from pollinator- dependent crops.;Americas assessment;;21618;41035.0;;;;;;;;;;;
ecological integrity_ldr;ecological integrity;;The ability of an ecosystem to support and maintain ecological processes and a diverse community of organisms.;Land degradation and restoration assessment;;24801;41038.0;;;;;;;;;;;
ecological intensification_nxs;ecological intensification;;Environmentally friendly replacement of anthropogenic inputs (such as pesticides and fertilizers) while maintaining or enhancing crop productivity, by including regulating and supporting ecosystem services management in agricultural practices.;Nexus assessment;;33979;88002.0;;;;;;;;;;;
ecological justice_va;ecological justice;;Non-human entities as subjects of justice (rights-holders). Rights of nature vs. rights to nature.;Values assessment;;24802;41039.0;;;;;;;;;;;
ecological marginalization_ldr;ecological marginalization;;The take-over of local natural resources by private and/or state interests, and the gradual or immediate disorganization of the ecosystem via withdrawals and additions.;Land degradation and restoration assessment;;24803;41040.0;;;;;;;;;;;
ecological processes_apa;ecological processes;;The physical and biological actions or events that link organisms and their environment.;Asia-Pacific assessment;;24804;41041.0;;;;;;;;;;;
ecological solidarity_ldr;ecological solidarity;;As explained by Thompson et al. (2011): From ecology based on interactions to solidarity based on links between individuals united around a common goal and conscious of their common interests and their moral obligation and responsibility to help others, we define ecological solidarity as the reciprocal interdependence of living organisms amongst each other and with spatial and temporal variation in their physical environment.;Land degradation and restoration assessment;;24805;41042.0;;;;;;;;;;;
ecologically intensified agriculture_ppa;ecologically intensified agriculture;;Any system that maintains efficient production by optimal management of naturally occurring ecological functions and biodiversity. To be put in place, understandings are required of the relations between land use at different scales and the community composition of ecosystem service-providing organisms above- and below-ground, and the flow, stability, contribution to yield, and management costs of the multiple services delivered by these organisms.;Pollination assessment;;24806;41043.0;;;;;;;;;;;
ecologically unequal exchange_tca;ecologically unequal exchange;;The theory of ecologically unequal exchange goes beyond monetary flows and explicitly considers flows of materials, energy, labour, water and land embodied in international trade. Ecologically unequal exchange refers to asymmetric net transfers of these resources from peripheral to core areas of the global economic system, which can lead to environmental distribution conflicts (Dorninger et al., 2021;;;;;;;;;;;;;;;
ecology_ppa;ecology;;The study of interrelations of the diversity (q.v.) of life, the abundance (q.v.) of life forms, and the interplay of their activities within and between life forms and the physical environment.;Pollination assessment;;24807;41044.0;;;;;;;;;;;
economic and financial instruments_apa;economic and financial instruments;;Economic and financial instruments can be used to change people's behavior towards desired policy objectives. Instruments typically encompass a wide range of designs and implementation approaches. They include traditional fiscal instruments, including for example subsidies, taxes, charges and fiscal transfers. Additionally, instruments such as tradable pollution permits or tradable land development rights rely on the creation of new markets. Further instruments represent conditional and voluntary incentive schemes such as payments for ecosystem services. All these can in principle be used to correct for policy or/and market failures and reinstate full-cost pricing. They aim at reflecting social costs or benefits of the conservation and use of biodiversity and ecosystem services of a public good nature (getting the price right). Financial instruments, in contrast, are often extra-budgetary and can be financed from domestic sources or foreign aid, external borrowing, debt for nature swaps, etc. It should be noted that economic instruments do not necessarily imply that commodification of environmental functions is promoted. Generally, they are meant to change behavior of individuals (e.g. consumers and producers) and public actors (e.g. local and regional governments).;Asia-Pacific assessment;;21619;41045.0;;;;;;;;;;;
economic valuation_eca_ldr_ppa;economic valuation;;See values.;Europe and Central Asia assessment, Land degradation and restoration assessment, Pollination assessment;;24808;41047.0;;;;;;;;;;;
economic value_scm;economic value;;Economists group values in terms of their use or non-use. Use values can be both direct and indirect, and can relate to current or future (option) uses.;Scenarios and models assessment;;24809;41049.0;;;;;;;;;;;
economic vulnerability_ppa;economic vulnerability;;Degree to which people, property, resources, systems, and cultural, economic, environmental, and social activity are susceptible to harm, degradation, or destruction on being exposed to an economic or environmental hostile agent or factor.;Pollination assessment;;24810;41050.0;;;;;;;;;;;
ecoregion_eca_ga1_ldr_ama_apa_afa;ecoregion;;A large area of land or water that contains a geographically distinct assemblage of natural communities that: (a). Share a large majority of their species and ecological dynamics;;;;;;;;;;;;;;;
ecosystem_ppa;ecosystem;;A community of living organisms (plants, animals, fungi and various microbes) in conjunction with the nonliving components of their environment (such as energy, air, water and mineral soil), all interacting as a system.;Pollination assessment;;21621;41052.0;;;;;;;;;;;
ecosystem accounting_eca;ecosystem accounting;;The process of constructing formal accounts for ecosystems.;Europe and Central Asia assessment;;24812;41054.0;;;;;;;;;;;
ecosystem approach_ga1_sua;ecosystem approach;;See 'Ecosystem-based approach'.;Global assessment (1st work programme), Sustainable use assessment;;24813;41055.0;;;;;;;;;;;
ecosystem degradation_ama_sua;ecosystem degradation;;A long-term reduction in an ecosystem's structure, functionality, or capacity to provide benefits to people.;Americas assessment;;21622;41056.0;;;;;;;;;;;
ecosystem disservices_nxs;ecosystem disservices;;Functions or properties of ecosystems that cause effects that are perceived as harmful, unpleasant or unwanted. Examples of ecosystem disservices include pest damages to agriculture, pollen causing allergic reactions or fear related to night-time urban parks (Lyytimäki, 2015).;Nexus assessment;;33981;88349.0;;;;;;;;;;;
ecosystem ecology_sua_ga1;ecosystem ecology;;The integrated study of biotic and abiotic components of ecosystems and their interactions within an ecosystem framework. This science examines physical and biological structures and examines how these ecosystem characteristics interact with each other.;Sustainable use assessment, Global assessment (1st work programme);;24814;41058.0;;;;;;;;;;;
ecosystem engineer_ga1;ecosystem engineer;;Organism that changes the abiotic environment by physically altering structure, which often have effects on other biota and their interactions, and on ecosystem processes.;Global assessment (1st work programme);;24815;41059.0;;;;;;;;;;;
ecosystem function_sua_ppa_apa_afa_eca_ldr_ama;ecosystem function;;The flow of energy and materials through the biotic and abiotic components of an ecosystem. It includes many processes such as biomass production, trophic transfer through plants and animals, nutrient cycling, water dynamics and heat transfer.;Sustainable use assessment, Pollination assessment, Asia-Pacific assessment, Africa assessment, Europe and Central Asia assessment, Land degradation and restoration assessment, Americas assessment;;21623;16305.0;;;;;;;;;;;
ecosystem functioning_scm_ppa;ecosystem functioning;;The flow of energy and materials through the arrangement of biotic and abiotic components of an ecosystem. It includes many processes such as biomass production, trophic transfer through plants and animals, nutrient cycling, water dynamics and heat transfer. The concept is used here in the broad sense and it can thus be taken as being synonymous with ecosystem properties or ecosystem structure and function.;Scenarios and models assessment, Pollination assessment;;24816;41060.0;;;;;;;;;;;
ecosystem goods_scm;ecosystem goods;;According to the Millennium Ecosystem Assessment, they are included in the general definition of ecosystem services. According to other approaches, they are objects from ecosystems that people value through experience, use or consumption. The use of this term in the context of this document goes well beyond a narrow definition of goods simply as physical items that are bought and sold in markets, and includes objects that have no market price.;Scenarios and models assessment;;24817;41061.0;;;;;;;;;;;
ecosystem health_apa;ecosystem health;;A state or condition of an ecosystem that expresses attributes of biodiversity within normal ranges, relative to its ecological stage of development. Ecosystem health depends inter alia on ecosystem resilience and resistance.;Asia-Pacific assessment;;21624;41062.0;;;;;;;;;;;
ecosystem integrity_ga1;ecosystem integrity;;The ability of an ecosystem to support and maintain ecological processes and a diverse community of organisms. It is measured as the degree to which a diverse community of native organisms is maintained, and is used as a proxy for ecological resilience, intended as the capacity of an ecosystem to adapt in the face of stressors, while maintaining the functions of interest.;Global assessment (1st work programme);;24818;41065.0;;;;;;;;;;;
ecosystem management_ldr;ecosystem management;;An approach to maintaining or restoring the composition, structure, function and delivery of services of natural and modified ecosystems for the goal of achieving sustainability. It is based on an adaptive, collaboratively developed vision of desired future conditions that integrates ecological, socioeconomic, and institutional perspectives, applied within a geographic framework, and defined primarily by natural ecological boundaries.;Land degradation and restoration assessment;;21625;41066.0;;;;;;;;;;;
ecosystem restoration_ama;ecosystem restoration;;Policies and practices that are necessarily focused on recovery of a self-sustaining living system characteristic of past or least- disturbed landscapes.;Americas assessment;;24819;41067.0;;;;;;;;;;;
ecosystem sensitivity_ga1;ecosystem sensitivity;;The degree to which an ecosystem is affected, either adversely or beneficially, by climate related stimuli, including mean (average) climate characteristics, climate variability and the frequency and magnitude of extremes.;Global assessment (1st work programme);;24820;41068.0;;;;;;;;;;;
ecosystem service_ppa;ecosystem service;;A service that is provided by an ecosystem as an intrinsic property of its functionality (e.g. pollination, nutrient cycling, nitrogen fixation, fruit and seed dispersal). The benefits (and occasionally disbenefits) that people obtain from ecosystems. These include provisioning services such as food and water;;;;;;;;;;;;;;;
ecosystem services_tca;ecosystem services;;The benefits people obtain from ecosystems, which include supporting, regulating, provisioning and cultural services (IPBES, 2019a).;Transformative change assessment;;33982;88010.0;;;;;;;;;;;
ecosystem structure_ga1;ecosystem structure;;The individuals and communities of plants and animals of which an ecosystem is composed, their age and spatial distribution, and the non- living natural resources present.;Global assessment (1st work programme);;24822;41076.0;;;;;;;;;;;
ecosystem-based adaptation_ga1_nxs;ecosystem-based adaptation;;The conservation, sustainable management and restoration of natural ecosystems to help people adapt to climate change.;Global assessment (1st work programme);;24823;41077.0;;;;;;;;;;;
ecosystem-based adaptation to climate change_ama;ecosystem-based adaptation to climate change;;The use of biodiversity and ecosystem services as part of an overall adaptation strategy to help people to adapt to the adverse effects of climate change (CBD, 2012). It refers to actions that mix the use of biodiversity and ecosystem services policy instruments with socio-economic and development policy instruments to help people adapt to the adverse effects of climate change.;Americas assessment;;24824;41078.0;;;;;;;;;;;
ecosystem-based approach_sua_ga1_nxs_tca;ecosystem-based approach;;A strategy for the integrated management of land, water and living resources that promotes conservation and sustainable use in an equitable way. An ecosystem approach is based on the application of appropriate scientific methods, focused on levels of biological organization that encompass the essential structure, processes, functions and interactions among and between organisms and their environment. It recognizes that humans, with their cultural diversity, are an integral component of many ecosystems.;Sustainable use assessment;;24825;41079.0;;;;;;;;;;;
ecosystem-based disaster risk reduction_ama;ecosystem-based disaster risk reduction;;The concept and practice of reducing disaster risks through systematic efforts to analyze and manage the causal factors of disasters, including through reduced exposure to hazards, lessened vulnerability of people and property, wise management of land and the environment, and improved preparedness for adverse events.;Americas assessment;;33983;88011.0;;;;;;;;;;;
ecosystem-based management_ias;ecosystem-based management;;an environmental management approach that recognizes the full array of interactions within an ecosystem, including humans, rather than considering single issues, species, or ecosystem services in isolation;Invasive alien species assessment;;28651;69575.0;;;;;;;;;;;
ecotone_ldr;ecotone;;A transition area between two biomes or vegetation types.;Land degradation and restoration assessment;;24826;41080.0;;;;;;;;;;;
ecotourism_afa_eca_apa_ama_ga1_ldr;ecotourism;;Sustainable travel undertaken to access sites or regions of unique natural or ecological quality, promoting their conservation, low visitor impact, and socio- economic involvement of local populations.;Africa assessment, Europe and Central Asia assessment, Asia-Pacific assessment, Americas assessment, Global assessment (1st work programme), Land degradation and restoration assessment;;21627;41081.0;;;;;;;;;;;
ectotherm_ga1;ectotherm;;Often referred to as cold-blooded and applied to organisms that cannot regulate their body temperature relative to the surrounding environment, i.e. deriving heat from outside the body.;Global assessment (1st work programme);;24827;41082.0;;;;;;;;;;;
edge effect_sua_ga1;edge effect;;A change in species composition, physical conditions or ecological factors at the boundary between two or more habitats.;Sustainable use assessment, Global assessment (1st work programme);;24828;41083.0;;;;;;;;;;;
el nino_apa;el nino;;An irregularly recurring flow of unusually warm surface waters from the Pacific Ocean toward and along the western coast of South America that prevents upwelling of nutrient- rich cold deep water and that disrupts typical regional and global weather patterns.;Asia-Pacific assessment;;24829;41084.0;;;;;;;;;;;
el niño / la niña_sua_ga1;el niño / la niña;;The term El Niño was initially used to describe a warm-water current that periodically flows along the coast of Ecuador and Perú, disrupting the local fishery. It has since become identified with a basin-wide warming of the tropical Pacific Ocean east of the dateline. This oceanic event is associated with a fluctuation of a global-scale tropical and subtropical surface pressure pattern called the Southern Oscillation. This coupled atmosphere-ocean phenomenon, with preferred time scales of two to about seven years, is collectively known as the El Niño-Southern Oscillation (ENSO).;Sustainable use assessment, Global assessment (1st work programme);;24830;41085.0;;;;;;;;;;;
empowerment_ga1_sua;empowerment;;The process by which people gain control over the factors and decisions that shape their lives. It is the process by which they increase their assets and attributes and build capacities to gain access, partners, networks and/or a voice, in order to gain control.;Global assessment (1st work programme), Sustainable use assessment;;24831;41086.0;;;;;;;;;;;
enabler_nxs;enabler;;Specific characteristic or context that facilitates the implementation, operationalization or effectiveness of a response option(s). These enablers need not necessarily be nexus-related (Source: this assessment, Chapters 1 and 4).;Nexus assessment;;33984;88013.0;;;;;;;;;;;
enabling conditions_sua;enabling conditions;;Enabling conditions are defined as conditions that facilitate approaches to addressing social and ecological challenges. They can be defined as factors that increase the likelihood of an intended change in the governance approach, strategy, or management regime. The presence of enabling conditions can facilitate the emergence of a particular environmental policy, whereas the absence of key enabling conditions can present a barrier to management or sustained policy action.;Sustainable use assessment;;24832;41088.0;;;;;;;;;;;
endangered species_ga1_afa_ama_apa_eca_sua;endangered species;;A species at risk of extinction in the wild.;Global assessment (1st work programme), Africa assessment, Americas assessment, Asia-Pacific assessment, Europe and Central Asia assessment, Sustainable use assessment;;21628;16310.0;;;;;;;;;;;
endemic species_apa_ama_ga1_eca;endemic species;;Plants and animals that exist only in one geographic region.;Asia-Pacific assessment, Americas assessment, Global assessment (1st work programme), Europe and Central Asia assessment;;21629;16885.0;;;;;;;;;;;
endemism_ldr_eca_apa_afa_ama;endemism;;The ecological state of a species being unique to a defined geographic location, such as an island, nation, country or other defined zone, or habitat type;;;;;;;;;;;;;;;
endogenous drivers_scm;endogenous drivers;;Drivers that can be influenced by a particular policy or decision context, and are therefore regarded as endogenous or policy- relevant”. (Section 1.3.2.2).;Scenarios and models assessment;;24833;41089.0;;;;;;;;;;;
energy security_apa;energy security;;A.The uninterrupted availability of energy sources at an affordable price;;;;;;;;;;;;;;;
energy source_ga1_sua;energy source;;Primary energy sources take many forms, including nuclear energy, fossil energy -like oil, coal and natural gas- and renewable sources like wind, solar, geothermal and hydropower. These primary sources are converted to electricity, a secondary energy source.;Global assessment (1st work programme), Sustainable use assessment;;24834;41091.0;;;;;;;;;;;
energy system_nxs;energy system;;The energy system comprises all components related to the production, conversion, delivery and use of energy (Allwood et al., 2014).;Nexus assessment;;33985;88014.0;;;;;;;;;;;
environmental additionality_ama;environmental additionality;;The positive effect resulting from an activity or program on environmental service flows.;Americas assessment;;24835;41092.0;;;;;;;;;;;
environmental asset_apa_afa;environmental asset;;Naturally occurring living and non-living entities of the Earth, together comprising the bio-physical environment, that jointly deliver ecosystem services to the benefit of current and future generation.;Asia-Pacific assessment, Africa assessment;;21632;16312.0;;;;;;;;;;;
environmental crime_nxs;environmental crime;;In the context of this assessment, refers to the illegal wildlife trade, illegal mining and extraction, and illegal forestry and fishing. These illegal activities are estimated to be valued between $100 to 300 billion per year (Source: this assessment, Chapter 6).;Nexus assessment;;33986;88015.0;;;;;;;;;;;
environmental education_ga1_sua;environmental education;;The facilitation of an integrated perception of the problems of the environment, enabling more rational actions capable of meeting social needs to be taken.;Global assessment (1st work programme), Sustainable use assessment;;24836;41093.0;;;;;;;;;;;
environmental envelope_ga1;environmental envelope;;The environmental envelope of a species is defined as the set of environments within which it is believed that the species can persist: that is where its environmental requirements can be satisfied (see niche). Many large-scale vegetation or species models are based on environmental envelope techniques.;Global assessment (1st work programme);;24837;41094.0;;;;;;;;;;;
environmental governance_sua;environmental governance;;Environmental governance, as a subclass of the broader governance concept, has been defined as “the set of regulatory processes, mechanisms and organizations through which political actors influence environmental actions and outcomes” (Lemos &amp;;;;;;;;;;;;;;;
environmental gradient_sua_ga1;environmental gradient;;Environmental characteristics that explain the distribution of organisms and ecosystems in terms of environmental tolerances.;Sustainable use assessment, Global assessment (1st work programme);;24839;41096.0;;;;;;;;;;;
environmental hazard_ldr;environmental hazard;;The potential occurrence of a natural or human-induced physical event or trend or physical impact that may cause loss of life, injury, or other health impacts, as well as damage and loss to property, infrastructure, livelihoods, service provision, ecosystems and environmental resources. In this report, the term hazard usually refers to climate- related physical events or trends or their physical impacts.;Land degradation and restoration assessment;;24840;41097.0;;;;;;;;;;;
environmental health_nxs;environmental health;;Those aspects of human health and disease that are determined by factors in the environment (WHO, 1990).;Nexus assessment;;33987;88016.0;;;;;;;;;;;
environmental impact_ama;environmental impact;;A measurable change to the properties of an ecosystem by a nonnative species. The logical implications of this definition are that (1) every nonnative species has an impact simply by becoming integrated into the system, (2) such impacts may be positive or negative and vary in magnitude on a continuous scale, and (3) impacts can be compared through time and across space.;Americas assessment;;24841;41098.0;;;;;;;;;;;
environmental impact assessment_ldr;environmental impact assessment;EIA;An assessment that assesses the impacts of planned activity on the environment in advance, thereby allowing avoidance measures to be taken: prevention is better than cure.;Land degradation and restoration assessment;;24842;41099.0;;;;;;;;;;;
environmental income_ldr;environmental income;;An extraction from non-cultivated sources: natural forests, other non-forest wildlands such as grass-, bush- and wetlands, fallows, but also wild plants and animals harvested from croplands.;Land degradation and restoration assessment;;24843;41101.0;;;;;;;;;;;
environmental justice_sua_ga1_tca;environmental justice;;The fair treatment and meaningful involvement of all people regardless of race, color, national origin, or income with respect to the development, implementation and enforcement of environmental laws, regulations and policies.;Sustainable use assessment;;24844;41102.0;;;;;;;;;;;
environmental kuznets curve_ga1;environmental kuznets curve;EKC;The hypothesis of an inverted U-shaped relationship between economic output per capita and some measures of environmental quality: as GDP per capita rises, so does environmental degradation. However, beyond a certain point, increases in GDP per capita lead to reductions in environmental damage.;Global assessment (1st work programme);;24845;41104.0;;;;;;;;;;;
environmental tax_ga1;environmental tax;;A tax whose tax base is a physical unit (or a proxy of it) that has a proven specific negative impact on the environment. Four subsets of environmental taxes are distinguished: energy taxes, transport taxes, pollution taxes and resources taxes.;Global assessment (1st work programme);;24846;41106.0;;;;;;;;;;;
epifauna_ga1;epifauna;;Animals living on or just above the seabed.;Global assessment (1st work programme);;24847;41107.0;;;;;;;;;;;
epistemic community_ga1;epistemic community;;A professional network with recognized expertise and competence, and a claim for policy-relevant knowledge, in a particular domain (Haas, 1992).;Global assessment (1st work programme);;24848;41108.0;;;;;;;;;;;
epistemic justice_va;epistemic justice;;Universal participation in terms of equality of all inquirers in access to information and knowledge. Disputes over meaning and importance, among powerful and powerless social groups, on what knowledge counts as true, valid and important in decision-making. The idea of epistemic injustice also relates to distributive unfairness in the distribution of epistemic or knowledge goods and services such as information or education.;Values assessment;;24849;41109.0;;;;;;;;;;;
epistemology_va;epistemology;;Epistemology is the theory of knowledge. It is concerned with how we know what we know;;;;;;;;;;;;;;;
epizootics_ldr;epizootics;;A disease outbreak affecting a species’ population at the same time.;Land degradation and restoration assessment;;24851;41111.0;;;;;;;;;;;
equality_nxs;equality;;Refers to providing the same resources and opportunities to each individual or a group of people (Juda, 2020). See also Equity and Justice.;Nexus assessment;;33988;88019.0;;;;;;;;;;;
equitable_apa;equitable;;Fair and impartial.;Asia-Pacific assessment;;24852;41112.0;;;;;;;;;;;
equity_afa;equity;;Equity comprises three interlinked dimensions: Distributive equity highlights the need to consider not just the allocation of benefits, but also of costs and risks. Decisions about distribution can be justified on the basis of equality, social welfare, merit or need. Procedural equity encompasses fairness in political processes and participation in decision-making. Contextual equity recognises the fact that the playing field is never level, but that people's capabilities and their access to resources and power determine the extent to which they are able to utilise procedural equity to determine the best distributive outcome for themselves.;Africa assessment;;24853;41113.0;;;;;;;;;;;
eradication_ias;eradication;;elimination/extirpation of an invasive alien species from a defined geographic area even in the absence of all preventive measures obviating the necessity for further control measures (Dowdle, 1998). The time period after which an invasive alien species can be considered eradicated depends on the species and location.;Invasive alien species assessment;;28652;69576.0;;;;;;;;;;;
erodibility_ldr;erodibility;;The ease with which a soil erodes, defined by its resistance to two energy sources: the impact of raindrops on the soil surface, and the shearing action of runoff between clods in grooves or rills.;Land degradation and restoration assessment;;24854;41115.0;;;;;;;;;;;
erosion hotspots_ldr;erosion hotspots;;Places identified with as having a high erosion potential.;Land degradation and restoration assessment;;24855;41116.0;;;;;;;;;;;
essential biodiversity variables_scm;essential biodiversity variables;EBV;Essential Biodiversity Variables are promoted by the Group on Earth Observations Biodiversity Observation Network (GEO BON). The idea behind this concept is to identify, using a systems approach, the key variables that should be monitored in order to measure biodiversity change. The EBVs are an intermediate layer of abstraction between raw data, from in situ and remote sensing observations, and derived high-level indicators used to communicate the state and trends of biodiversity.;Scenarios and models assessment;;24856;41117.0;;;;;;;;;;;
established alien species_ias;established alien species;;alien species which produce self-sustaining and viable populations for a given period of time, during which climatic extremes typical for the invaded region are experienced, without direct intervention by humans or despite human intervention;Invasive alien species assessment;;28653;69578.0;;;;;;;;;;;
established but incomplete (certainty term (q.v.))_ppa;established but incomplete (certainty term (q.v.));;General agreement although only a limited number of studies exist but no comprehensive synthesis and, or the studies that exist imprecisely address the question.;Pollination assessment;;24857;41118.0;;;;;;;;;;;
ethics_tca;ethics;;Involves questions of justice and value. Justice is concerned with right and wrong, equity and fairness and, in general, with the rights to which people and living beings are entitled. Value is a matter of worth, benefit, or good (IPCC, n.d.). In this assessment, it also refers to a system of accepted beliefs that influence behaviours, especially based on morals (see Chapter 2).;Transformative change assessment;;33989;88023.0;;;;;;;;;;;
ethics of care_tca;ethics of care;;The diverse, dynamic things humans and non-humans do to sustain bodies, selves, environments and worlds. Instead of understanding care as an altruistic, unidirectional act, care is recognized as involving collective, embodied and reciprocal work, in which non-humans (plants, animals, microorganisms, phenomena, infrastructures, physical forces, spiritual entities and technologies) also participate. These ethics and associated practices circulate in and are crucial for the regeneration of the complex webs of earthly life in which humans and non-humans are interdependent (Puig de la Bellacasa, 2017).;Transformative change assessment;;33990;88024.0;;;;;;;;;;;
ethnobiology_ga1_sua;ethnobiology;;The study of dynamic relationships among peoples, biota, and environments, as encoded in the knowledge held by different societies and individuals. Its multidisciplinary nature allows it to examine complex, dynamic interactions between human and natural systems, and enhances our intellectual merit and broader impacts.;Global assessment (1st work programme), Sustainable use assessment;;24858;41119.0;;;;;;;;;;;
etuaptmumk_tca;etuaptmumk;;The gift of multiple perspectives;;;;;;;;;;;;;;;
euphotic zone_apa;euphotic zone;;The euphotic zone is the layer closer to the surface of the ocean or lake that receives enough light for photosynthesis to occur.;Asia-Pacific assessment;;24859;41120.0;;;;;;;;;;;
eutrophic_ldr;eutrophic;;A condition of an aquatic system in which increased nutrient loading leads to progressively increasing amounts of algal growth and biomass accumulation. When the algae die off and decompose, the amount of dissolved oxygen in the water becomes reduced. In lakes, eutrophication leads to seasonal algal blooms, reduced water clarity, and, often, periodic fish mortality as a consequence of oxygen depletion.;Land degradation and restoration assessment;;21634;41121.0;;;;;;;;;;;
eutrophication_apa_ga1;eutrophication;;See Eutrophic.;Asia-Pacific assessment, Global assessment (1st work programme);;21635;41123.0;;;;;;;;;;;
evaluation (of models)_scm;evaluation (of models);;see benchmarking and validation”.;Scenarios and models assessment;;24860;41125.0;;;;;;;;;;;
evapotranspiration_ga1;evapotranspiration;;The sum of water loss from both plants and soil measured over a specific area.;Global assessment (1st work programme);;24861;41126.0;;;;;;;;;;;
evenness_ppa_ga1;evenness;;In ecology, species evenness refers to the similarity of abundances of each species in an environment. It can be quantified by a diversity index as a dimension of biodiversity.;Pollination assessment, Global assessment (1st work programme);;21636;16315.0;;;;;;;;;;;
evolutionary anthropology_ga1;evolutionary anthropology;;The interdisciplinary study of the evolution of human physiology and human behaviour and the relation between hominids and non-hominid primates. Evolutionary anthropology is based in natural science and social science.;Global assessment (1st work programme);;24863;41128.0;;;;;;;;;;;
evolutionary biology_sua_ga1;evolutionary biology;;A sub-discipline of the biological sciences concerned with the origin of life and the diversification and adaptation of life forms over time.;Sustainable use assessment, Global assessment (1st work programme);;24864;41129.0;;;;;;;;;;;
evolutionary distinctiveness_ama;evolutionary distinctiveness;ED;Is a measure of how isolated a species or groups of species are in a phylogenetic tree. Regions with higher ED have more isolated lineages in them.;Americas assessment;;24865;41130.0;;;;;;;;;;;
ex-ante assessment_scm;ex-ante assessment;;The use of policy- screening scenarios to forecast the effects of alternative policy or management options (interventions) on environmental outcomes.;Scenarios and models assessment;;21637;41131.0;;;;;;;;;;;
ex-post assessment_scm;ex-post assessment;;The use of policy- evaluation scenarios to assess the extent to which outcomes actually achieved by an implemented policy match those expected based on modelled projections,thereby informing policy review.;Scenarios and models assessment;;21640;41145.0;;;;;;;;;;;
exclusive economic zone_ama;exclusive economic zone;EEZ;A concept adopted at the Third United Nations Conference on the Law of the Sea (1982), whereby a coastal State assumes jurisdiction over the exploration and exploitation of marine resources in its adjacent section of the continental shelf, taken to be a band extending 200 miles from the shore. The Exclusive Economic Zone comprises an area which extends either from the coast, or in federal systems from the seaward boundaries of the constituent states (3 to 12 nautical miles, in most cases) to 200 nautical miles (370 kilometres) off the coast. Within this area, nations claim and exercise sovereign rights and exclusive fishery management authority over all fish and all Continental Shelf fishery resources.;Americas assessment;;21638;41132.0;;;;;;;;;;;
exclusive economic zone areas_apa;exclusive economic zone areas;;An Exclusive Economic Zone is a concept adopted at the Third United Nations Conference on the Law of the Sea (1982), whereby a coastal State assumes jurisdiction over the exploration and exploitation of marine resources in its adjacent section of the continental shelf, taken to be a band extending 200 miles from the shore. The Exclusive Economic Zone comprises an area which extends either from the coast, or in federal systems from the seaward boundaries of the constituent states (3 to 12 nautical miles, in most cases) to 200 nautical miles (370 kilometres) off the coast. Within this area, nations claim and exercise sovereign rights and exclusive fishery management authority over all fish and all Continental Shelf fishery resources.;Asia-Pacific assessment;;24866;41135.0;;;;;;;;;;;
existence value_scm;existence value;;The satisfaction obtained from knowing that nature endures.;Scenarios and models assessment;;24867;41136.0;;;;;;;;;;;
exogenous drivers_scm;exogenous drivers;;Drivers that might affect the outcome of a given policy or decision-making process but are not amenable to influence by that process, and which typically operate at broader spatial scales.;Scenarios and models assessment;;24868;41137.0;;;;;;;;;;;
exotic pollinator_ppa;exotic pollinator;;A pollinator that is transported and introduced accidentally or deliberately by human beings outside its native distributional range.;Pollination assessment;;24869;41138.0;;;;;;;;;;;
exotics_ama;exotics;;See Alien species.;Americas assessment;;24870;41139.0;;;;;;;;;;;
expert_scm;expert;;Anyone who has acquired good knowledge of a subject through her/his life experience, including local or indigenous knowledge holders in addition to scientists. It is assumed that the expert is a reliable source of information within a specific domain.;Scenarios and models assessment;;24871;41140.0;;;;;;;;;;;
expert-based model_scm;expert-based model;;Models in which experience of experts and stakeholders is used to describe relationships between input and output variables.;Scenarios and models assessment;;24872;41141.0;;;;;;;;;;;
exploitation_sua;exploitation;;The consumptive use of any natural resources.;Sustainable use assessment;;24873;41142.0;;;;;;;;;;;
exploratory scenario_scm_sua;exploratory scenario;;Scenarios that examine a range of plausible futures, based on potential trajectories of drivers - either indirect (e.g. socio-political, economic and technological factors) or direct (e.g. habitat conversion, climate change).;Scenarios and models assessment;;21639;41143.0;;;;;;;;;;;
exposure_apa;exposure;;The state of having no protection from something potential harmful.;Asia-Pacific assessment;;24874;41146.0;;;;;;;;;;;
extensive grazing_apa_ama;extensive grazing;;Extensive grazing is that in which livestock are raised on food that comes mainly from natural grasslands, shrublands, woodlands, wetlands, and deserts. It differs from intensive grazing, where the animal feed comes mainly from artificial, seeded pastures.;Asia-Pacific assessment, Americas assessment;;21642;16321.0;;;;;;;;;;;
extensive grazing (lands)_ldr;extensive grazing (lands);;A form of grazing in which livestock are raised on food that comes mainly from natural grasslands, shrublands, woodlands, wetlands and deserts. It differs from intensive grazing, where the animal feed comes mainly from artificial, seeded pastures.;Land degradation and restoration assessment;;24875;41147.0;;;;;;;;;;;
extent (spatial or temporal)_scm;extent (spatial or temporal);;see spatial scale and temporal scale”.;Scenarios and models assessment;;24876;41148.0;;;;;;;;;;;
externality_ldr_eca_ga1_apa_sua_ama_nxs;externality;;A positive or negative consequence (benefits or costs) of an action that affects someone other than the agent undertaking that action and for which the agent is neither compensated nor penalized through the markets.;Land degradation and restoration assessment;;21643;16322.0;;;;;;;;;;;
extinction_sua;extinction;;A population, species or more inclusive taxonomic group has gone extinct when all its individuals have died. A species may go extinct locally (population extinction), regionally ( extinction of all populations in a country, continent or ocean) or globally. Populations or species reduced to such low numbers that they are no longer of economic or functional importance may be said to have gone economically or functionally extinct, respectively. Species extinctions are typically not documented immediately: for example, the IUCN Red List categories and criteria require there to be no reasonable doubt that all individuals have died, before a species is formally listed as Extinct (see IUCN Red List).;Sustainable use assessment;;24877;41149.0;;;;;;;;;;;
extinction debt_ga1_ga1_eca_apa_ldr_ppa;extinction debt;;The future extinction of species due to events in the past, owing to a time lag between an effect such as habitat destruction or climate change, and the subsequent disappearance of species.;Global assessment (1st work programme), Global assessment (1st work programme), Europe and Central Asia assessment, Asia-Pacific assessment, Land degradation and restoration assessment, Pollination assessment;;21644;16323.0;;;;;;;;;;;
extractive practice_sua;extractive practice;;Extractive practices are defined as the temporary or permanent removal of organisms, part of them or materials derived from them, and may result in mortality of the individual to be used (hunting or whole plant harvest), but does not necessarily do so (e.g. limited collection of plant propagules or shearing and releasing of vicuna).;Sustainable use assessment;;24878;41152.0;;;;;;;;;;;
extractives_ama;extractives;;Hydrocarbons (oil and gas) and minerals.;Americas assessment;;24879;41153.0;;;;;;;;;;;
extractivism_tca;extractivism;;Appropriation of nature in large amounts chiefly for sale on the export market with little or no transformation, often causing irreversible damage to the environment and dispossession of local communities (EHNE, n.d.).;Transformative change assessment;;33992;88028.0;;;;;;;;;;;
fairness_tca;fairness;;Impartial and just treatment without favouritism or discrimination, whereby each person is considered of equal worth with equal opportunity (IPCC, n.d.). A value that is considered integral to the establishment and maintenance of social relations at every level, from the local to the global and from the micro to the macro (Rayner &amp;;;;;;;;;;;;;;;
fallow_sua_ga1;fallow;;Land normally used for production and left to recover for part or all of a growing season (more in the case of swidden agriculture).;Sustainable use assessment, Global assessment (1st work programme);;24880;41154.0;;;;;;;;;;;
family forestry_ga1;family forestry;;Family forestry is forest tenure and activities by persons with ownership or tenure rights to forest land. Persons owning or managing forests often include the whole family in the activities and the forest land goes from one generation to the next.;Global assessment (1st work programme);;24881;41155.0;;;;;;;;;;;
farm_ppa;farm;;An area of land, a holding of any size from a small plot or garden (fractions of a hectare) to several thousand hectares that is devoted primarily to agriculture to produce food, fibre, or fuel. A farm may be owned and operated by an individual, family, community, corporation or a company, and may produce one to many types of produce or animal.;Pollination assessment;;24882;41156.0;;;;;;;;;;;
feedback_sua_ama_eca_apa_afa;feedback;;The modification or control of a process or system by its results or effects.;Sustainable use assessment, Americas assessment, Europe and Central Asia assessment, Asia-Pacific assessment, Africa assessment;;21645;16324.0;;;;;;;;;;;
feedback loop_nxs;feedback loop;;Feedback loops play a crucial role in understanding and managing the complex relationships between elements of the nexus (Liu, 2017;;;;;;;;;;;;;;;
feedback loops_ias;feedback loops;;processes that either amplify (positive feedback loop) or diminish (negative feedback loop) the effects of a biological invasion. Feedback loops may make the impacts of biological invasions stronger or weaker, starting a chain reaction that repeats again and again. Negative feedback loop: A human-natural feedback that continually stabilizes or reduces ongoing or future biological invasions (also known as a ‘balancing’ feedback loop). Positive feedback loop: A human-natural feedback that continually increases ongoing or future biological invasions (also known as ‘exacerbating’ or ‘reinforcing’ feedback loops);Invasive alien species assessment;;28654;69580.0;;;;;;;;;;;
feedbacks_nxs;feedbacks;;In the scope of this assessment, defined as changes in the interlinkages among multiple elements that reinforce or balance the initial change.;Nexus assessment;;33995;88031.0;;;;;;;;;;;
feral_sua;feral;;Species are considered to be feral if they or their ancestors were formerly domesticated, but they are now living independently of humans.;Sustainable use assessment;;24883;41157.0;;;;;;;;;;;
fiction_tca;fiction;;Something invented through creativity and imagination or assumed to be possible, regardless of its truth. In terms of literature, it includes science fiction, speculative fiction, futures fictional narratives and other genres representing creative approaches to narrating the potential for transformative change (Caïra &amp;;;;;;;;;;;;;;;
field_ppa;field;;In agriculture, it is a defined area of cleared enclosed land used for cultivation or pasture.;Pollination assessment;;24884;41158.0;;;;;;;;;;;
fire regime_ldr;fire regime;;A term used to describe the characteristics of fires that occur in a particular ecosystem over a period of time. Fire regimes are characterized based on a combination of factors including the frequency, intensity, size, pattern, season and severity of fires.;Land degradation and restoration assessment;;24885;41159.0;;;;;;;;;;;
fire-stick farming_apa;fire-stick farming;;The practice of indigenous Australians to use fire to burn vegetation to facilitate hunting and to change the composition of the plant and animal species of an area. It was coined by Australian archaeologist Rhys Jones.;Asia-Pacific assessment;;24886;41160.0;;;;;;;;;;;
fishery_ga1;fishery;;A unit determined by an authority or other entity that is engaged in raising and/or harvesting fish. Typically, the unit is defined in terms of some or all of the following: people involved, species or type of fish, area of water or seabed, method of fishing, class of boats and purpose of the activities.;Global assessment (1st work programme);;24887;41161.0;;;;;;;;;;;
fishing_sua;fishing;;Fishing is defined as the removal from their habitats of aquatic animals (vertebrates and invertebrates) that spend their full life cycle in water (fish, some marine mammals, shellfish, shrimps, squids, corals). Fishing most often results in the death of the aquatic animal, but it may not in some cases. To reflect both situations, fishing has been sub-divided into a lethal and a “non-lethal” category. Lethal fishing is defined as the general and more usual meaning of fishing that leads to the killing of the animal, such as in traditional commercial fisheries. “Non-lethal fishing is defined as the temporary or permanent capture of live animals from their habitat without intended mortality, such as in aquarium fish trade or catch and release. However, unintended mortality may occur in “non-lethal” fishing and the term “non-lethal” is therefore put in quotes. The killing of species that spend part of their life cycle in terrestrial environments (e.g. walrus, sea turtles) is encompassed by the definition of hunting.;Sustainable use assessment;;24888;41163.0;;;;;;;;;;;
fitness (ecology)_ga1;fitness (ecology);;Fitness involves the ability of organisms- or populations or species- to survive and reproduce in the environment in which they find themselves, and thus contribute genes to the next generation (Orr, 2009).;Global assessment (1st work programme);;24889;41164.0;;;;;;;;;;;
flagship species_apa;flagship species;;Species that, by being charismatic or famous, can attract funding which will help conservation of other species at the same time (ex.Giant Panda).;Asia-Pacific assessment;;24890;41166.0;;;;;;;;;;;
flower strip_ppa;flower strip;;Linear areas of land within or at the edges of fields, farms, or other areas (rights of way, riparian areas, etc.) where flowering plants are seeded and encouraged to grow, often for the benefit of pollinators and other wildlife (q.v. insectory strips).;Pollination assessment;;24891;41167.0;;;;;;;;;;;
flower-visitor_ppa;flower-visitor;;An animal that visits flowers (a.k.a. anthophile) but is not necessarily a pollinator.;Pollination assessment;;24893;41169.0;;;;;;;;;;;
flowering plant_ppa;flowering plant;;Plants that are characterized by producing flowers, even if inconspicuous. They are collectively called Angiosperms and include most plants grown for food and fibre.;Pollination assessment;;24892;41168.0;;;;;;;;;;;
folk biology_ga1;folk biology;;People's everyday understanding of the biological world-how they perceive, categorize, and reason about living kinds (Medin &amp;;;;;;;;;;;;;;;
folk categories_ga1;folk categories;;The units of meaning into which a language breaks up the universe for example, folk plant and animal taxa (Berlin, 1973).;Global assessment (1st work programme);;24895;41171.0;;;;;;;;;;;
folk medicine_sua;folk medicine;;Folk medicine is defined as the mixture of traditional healing practices and beliefs that involve use of algae, animals, fungi, and plants, spirituality and manual therapies or exercises in order to diagnose, treat or prevent an ailment or illness.;Sustainable use assessment;;24896;41172.0;;;;;;;;;;;
food_nxs;food;;In the scope of this assessment, the nexus element of food is defined as any substance, whether processed, semi-processed or raw, which is intended for human consumption (shortened from FAO and WHO (2019). Nutritious foods refer to safe foods that contribute essential nutrients such as vitamins and minerals (micronutrients), fibre and other components to healthy diets that are beneficial for growth, health and development, guarding against malnutrition (FAO et al., 2022) (Source: this assessment, Chapter 1).;Nexus assessment;;33997;88034.0;;;;;;;;;;;
food security_ga1_ldr_ppa;food security;;When all people, at all times, have physical, social and economic access to sufficient, safe and nutritious food that meets their dietary needs and food preferences for an active and healthy life.;Global assessment (1st work programme), Land degradation and restoration assessment, Pollination assessment;;21646;41173.0;;;;;;;;;;;
food self-sufficiency_ldr;food self-sufficiency;;The ability of a region or country to produce enough food (especially staple crops) without needing to buy or import additional food.;Land degradation and restoration assessment;;24897;41174.0;;;;;;;;;;;
food sovereignty_ppa;food sovereignty;;Food sovereignty is the right of peoples to healthy and culturally appropriate food produced through ecologically sound and sustainable methods, and their right to define their own food and agriculture systems.;Pollination assessment;;24898;41175.0;;;;;;;;;;;
food sovereignty (paradigm)_ldr;food sovereignty (paradigm);;The right to define own policies and strategies for the sustainable production, distribution and consumption of food that guarantee the right to food for the entire population, on the basis of small and medium-sized production, respecting their own cultures and the diversity of peasant, fishing and indigenous forms of agricultural production, marketing and management of rural areas, in which women play a fundamental role.;Land degradation and restoration assessment;;24899;41176.0;;;;;;;;;;;
food system_tca;food system;;Embraces the entire range of actors and their interlinked value- adding activities involved in the production, aggregation, processing, distribution, consumption and disposal of food products that originate from agriculture, forestry or fisheries and food industries and the broader economic, societal and natural environments in which they are embedded (FAO, 2018).;Transformative change assessment;;33998;88036.0;;;;;;;;;;;
food system (sustainable)_nxs;food system (sustainable);;A sustainable food system is understood as one that delivers food security and nutrition for all in such a way that the economic, social, cultural and environmental bases to generate food security and nutrition for future generations are safeguarded (United Nations, n.d.).;Nexus assessment;;33999;88037.0;;;;;;;;;;;
food web_sua_ga1;food web;;An important ecological concept representing feeding relationships within a community and implying the transfer of food energy from its source in plants through herbivores to carnivores;;;;;;;;;;;;;;;
forecast_scm;forecast;;see prediction.;Scenarios and models assessment;;24901;41178.0;;;;;;;;;;;
forest_ppa_apa_ldr_ama_ga1_afa;forest;;A minimum area of land of 0.05 - 1.0 hectares with tree crown cover (or equivalent stocking level) of more than 10-30 per cent with trees with the potential to reach a minimum height of 2-5 m at maturity in situ. A forest may consist either of closed forest formations where trees of various stories and undergrowth cover a high proportion of the ground or open forest.;Pollination assessment, Asia-Pacific assessment, Land degradation and restoration assessment, Americas assessment;;21647;16326.0;;;;;;;;;;;
forest degradation_ga1_afa_ama_apa;forest degradation;;A reduction in the capacity of a forest to produce ecosystem services such as carbon storage and wood products as a result of anthropogenic and environmental changes.;Global assessment (1st work programme), Africa assessment, Americas assessment, Asia-Pacific assessment;;21648;16327.0;;;;;;;;;;;
forest garden_ga1;forest garden;;A range of systems for the management of forest resources that are intermediate on a continuum between pure extraction and plantation management, and ranging from wild forests modified for increased production of selected products (e.g. fruit and nut trees) to anthropogenic forests with a high density of valuable species within a relatively diverse and complex structure.;Global assessment (1st work programme);;24902;41181.0;;;;;;;;;;;
forest law enforcement; governance and trade_ga1;forest law enforcement, governance and trade;FLEGT;A reduction of illegal logging by strengthening sustainable and legal forest management, improving governance and promoting trade in legally produced timber.;Global assessment (1st work programme);;24903.0;41182.0;;;;;;;;;;
forest management_sua;forest management;;Forest management is defined as a practice about managing, using, conserving and repairing forest, woodlands and associated resources. Objectives and goals are fulfilled by implementing and regulating tree management and harvesting practices stipulated in forest management plans.;Sustainable use assessment;;24904;41183.0;;;;;;;;;;;
forest transition_ldr_ga1;forest transition;;A shift, usually assessed at the national scale, from net forest loss to net forest gain, whether through natural recovery or planted forests.;Land degradation and restoration assessment, Global assessment (1st work programme);;24905;41184.0;;;;;;;;;;;
formal institution_eca;formal institution;;Include law and policies e.g. regulations and directives, and fiscal, agricultural or planning policies, to name just a few examples. These are typically based on legal instruments, treaties and customary laws. Informal institutions in turn include social norms and rules, such as those related to collective action.;Europe and Central Asia assessment;;24906;41185.0;;;;;;;;;;;
fossil fuel_ldr;fossil fuel;;Fuels such as petroleum derived for fossil oil sources.;Land degradation and restoration assessment;;24907;41186.0;;;;;;;;;;;
fragmentation_ppa;fragmentation;;see Habitat fragmentation.;Pollination assessment;;24908;41188.0;;;;;;;;;;;
free; prior and informed consent_ga1_sua;free, prior and informed consent;FPIC;Free implies that Indigenous Peoples and Local Communities are not pressured, intimidated, manipulated or unduly influenced and that their consent is given, without coercion;;;;;;;;;;;;;;
functional diversity_eca;functional diversity;;The range, actual values, relative abundance and distribution of functional trait attributes in a given community.;Europe and Central Asia assessment;;21649;41191.0;;;;;;;;;;;
functional extinction_ga1;functional extinction;;See 'Exctinction'.;Global assessment (1st work programme);;24910;41193.0;;;;;;;;;;;
functional group_sua_ga1;functional group;;A collection of organisms with similar suites of co-occurring functional attributes. Groups are traditionally associated with similar responses to external factors and/ or effects on ecosystem processes. A functional group is often referred to as ‘guild.;Sustainable use assessment, Global assessment (1st work programme);;24911;41194.0;;;;;;;;;;;
functional redundancy_ga1;functional redundancy;;The occurrence in the same ecosystem of species filling similar roles, which results in a sort of insurance in the ecosystem, with one species able to replace a similar species from the same functional niche.;Global assessment (1st work programme);;24912;41195.0;;;;;;;;;;;
functional trait_apa;functional trait;;A feature of an organism, which has demonstrable links to the organism's function (Lavorel et al. 1997). As such, a functional trait determines the organism's response to pressures (Response trait), and/or its effects on ecosystem processes orservices(Effect trait).Functional traits are considered as reflecting adaptations to variation in the physical and biotic environment and trade-offs (ecophysiological and/or evolutionary) among different functions within an organism. In plants, functional traits include morphological, ecophysiological, biochemical and regeneration traits, including demographic traits(at population level). In animals, these traits are combined with lifehistory and behavioural traits (e.g. guilds, organisms that use similar resources/ habitats).;Asia-Pacific assessment;;21650;41196.0;;;;;;;;;;;
fungicide_ppa;fungicide;;A substance that kills or inhibits the growth and development of fungi. Fungicides may be synthetic chemicals, natural chemicals, or biological agents.;Pollination assessment;;24913;41199.0;;;;;;;;;;;
gaga_tca;gaga;;The Tayal Law - a broad concept that encompasses ways of being and interacting with others and the land;Transformative change assessment;;34001;88041.0;;;;;;;;;;;
ganma_tca;ganma;;"Translated as ""Two Ways"", it describes a dialectical relationship where distinct knowledge systems-like freshwater and saltwater-meet and mix without losing their individual characteristics. Ganma represents a method for engaging in meaningful two-way collaborations, emphasising how two opposed patterns of ideas complement, interact and relate to one another in ways that respect and preserve the distinctiveness of each knowledge system";Transformative change assessment;;34002;88354.0;;;;;;;;;;;
gathering_sua;gathering;;Gathering is defined as the removal of terrestrial and aquatic algae, fungi, and plants (other than trees) or parts thereof from their habitats. Gathering may, but often does not, result in the death of the organism. Gathering includes whole plant harvest and removal of above and/or below ground plant parts, as well as the fruiting bodies of macrofungi. It also includes removal of non-woody portions of trees (leaves, propagules, and bark). Where removal of propagules or death of an individual plant occurs (e.g. whole plant and root removal) effects on population sustainability are contingent upon factors including timing, frequency, and intensity of harvest. The harvest of wood and woody parts of trees is encompassed by the definition of logging.;Sustainable use assessment;;24914;41200.0;;;;;;;;;;;
gender_sua;gender;;The term gender refers to the socially-constructed expectations about the characteristics, aptitudes and behaviors associated with being a woman or a man. Gender defines what is feminine and masculine. Gender shapes the social roles that mean and women play and the power relations between them, which can have a profound effect on the use and management of natural resources. Gender is not based on sex or the biological differences between women and men;;;;;;;;;;;;;;;
gene_ga1_sua;gene;;The basic physical and functional unit of heredity. Genes are made up of DNA, and occupy a fixed position (locus) on a chromosome. Genes achieve their effects by directing the synthesis of proteins.;Global assessment (1st work programme), Sustainable use assessment;;24916;41202.0;;;;;;;;;;;
gene flow_ga1;gene flow;;The movement of individuals, and/or the genetic material they carry, from one population to another. Gene flow includes lots of different kinds of events, such as pollen being blown to a new destination or people moving to new cities or countries.;Global assessment (1st work programme);;24917;41203.0;;;;;;;;;;;
general circulation model_ldr;general circulation model;GCM;A numerical representation of the physical processes in the atmosphere, ocean, cryosphere and land surface based on the physical, chemical and biological properties of their components, their interactions and feedback processes, and accounting for all or some of its known properties.;Land degradation and restoration assessment;;24918;41204.0;;;;;;;;;;;
generalist species_ama_sua_eca;generalist species;;A species able to thrive in a wide variety of environmental conditions and that can make use of a variety of different resources (for example, a flower-visiting insect that lives on the floral resources provided by several to many different plants).;Americas assessment, Sustainable use assessment, Europe and Central Asia assessment;;21651;16330.0;;;;;;;;;;;
genetic composition_ga1;genetic composition;;The composition in alleles of a population.;Global assessment (1st work programme);;24919;41205.0;;;;;;;;;;;
genetic diversity_sua_ga1;genetic diversity;;The variation at the level of individual genes, which provides a mechanism for populations to adapt to their ever-changing environment. The more variation, the better the chance that at least some of the individuals will have an allelic variant that is suited for the new environment, and will produce offspring with the variant that will in turn reproduce and continue the population into subsequent generations.;Sustainable use assessment, Global assessment (1st work programme);;24920;41206.0;;;;;;;;;;;
genetic engineering_ga1_sua;genetic engineering;;The artificial manipulation, modification, and recombination of DNA or other nucleic acid molecules in order to modify an organism or population of organisms.;Global assessment (1st work programme), Sustainable use assessment;;24921;41207.0;;;;;;;;;;;
genetic erosion_ga1;genetic erosion;;The loss of genetic diversity, including the loss of individual genes or particular combinations of genes, and loss of varieties and crops.;Global assessment (1st work programme);;24922;41208.0;;;;;;;;;;;
genetic manipulation or genetic engineering_sua;genetic manipulation or genetic engineering;;The artificial manipulation, modification, and recombination of DNA or other nucleic acid molecules in order to modify an organism or population of organisms .;Sustainable use assessment;;34003;88043.0;;;;;;;;;;;
genetic resources_ga1_sua;genetic resources;;Genetic material of actual or potential value.;Global assessment (1st work programme), Sustainable use assessment;;24923;41209.0;;;;;;;;;;;
genetically modified organism_ga1;genetically modified organism;GMO;Organism in which the genetic material (DNA) has been altered in a way that does not occur naturally by mating and/or natural recombination (WHO, 2014). The Cartagena Protocol on Biosafety defines 'living modified organism' as any living organism that possesses a novel combination of genetic material obtained through the use of modern biotechnology.;Global assessment (1st work programme);;24924;41210.0;;;;;;;;;;;
genotype_ga1;genotype;;The genetic constitution of an individual or group.;Global assessment (1st work programme);;24925;41212.0;;;;;;;;;;;
geographic information systems_ldr;geographic information systems;GIS;A computer-based tool that analyses, stores, manipulates and visualizes geographic information on a map.;Land degradation and restoration assessment;;24926;41213.0;;;;;;;;;;;
geographic range_ldr;geographic range;;The geographic range of a species is the geographic boundary within which it occurs.;Land degradation and restoration assessment;;24927;41214.0;;;;;;;;;;;
germplasm_ga1;germplasm;;Living tissue from which new plants can be grown. It can be a seed or another plant part - a leaf, a piece of stem, pollen or even just a few cells that can be turned into a whole plant.;Global assessment (1st work programme);;24928;41215.0;;;;;;;;;;;
gini index_ga1_ldr;gini index;;In economics, the Gini coefficient (sometimes expressed as a Gini ratio or a normalized Gini index) is a measure of statistical dispersion intended to represent the income or wealth distribution of a nation's residents and is the most commonly used measure of inequality.;Global assessment (1st work programme), Land degradation and restoration assessment;;24929;41216.0;;;;;;;;;;;
global_ppa;global;;adj. Pertaining to the whole world.;Pollination assessment;;24930;41218.0;;;;;;;;;;;
global biodiversity financing gap_tca;global biodiversity financing gap;;The difference between the total annual amount of capital currently flowing towards global biodiversity conservation and the total amount of funds needed to sustainably manage biodiversity and maintain ecosystem integrity (Deutz et al., 2020).;Transformative change assessment;;34004;88044.0;;;;;;;;;;;
global commons pool resources_ga1;global commons pool resources;CPR;Common pool resources (CPR) that have a global nature, such as the atmosphere, the oceans, global species diversity, migratory species, global biogeochemical processes, among others. It does not refer to property rights, such as a common property system. In general, CPR include natural and human‐ constructed resources in which (i) exploitation by one user reduces resource availability for others, and (ii) exclusion of beneficiaries through physical and institutional means is especially costly. These two characteristics ‐ difficulty of exclusion and subtractability ‐ create potential CPR dilemmas in which people following their own short‐term interests produce outcomes that are not in anyone’s long‐term interest.;Global assessment (1st work programme);;24931;41219.0;;;;;;;;;;;
global north - global south_ga1_sua;global north - global south;;The Global South and the Global North is a terminology that distinguishes not only between political systems or degrees of poverty, but between the victims and the benefactors of global capitalism.;Global assessment (1st work programme), Sustainable use assessment;;24932;41221.0;;;;;;;;;;;
global warming_apa;global warming;;The observed century-scale rise in the average temperature of the Earth’s climate system and its related effects.;Asia-Pacific assessment;;24933;41222.0;;;;;;;;;;;
globalisation_ppa;globalisation;;The process by which life forms, process, products or ideas become distributed worldwide.;Pollination assessment;;24934;41223.0;;;;;;;;;;;
goal-seeking scenarios_scm;goal-seeking scenarios;;see target- seeking scenarios.;Scenarios and models assessment;;24935;41224.0;;;;;;;;;;;
good governance_afa;good governance;;The governance (as described above) which entails sound public sector management (efficiency, effectiveness and economy), accountability, exchange and free flow of information (transparency), and a legal framework for development (justice, respect for human rights and liberties). In the development literature, the term ‘good governance’ is frequently used to denote a necessary pre-condition for creating an enabling environment for poverty reduction and sustainable human development.;Africa assessment;;24936;41225.0;;;;;;;;;;;
good quality of life_ga1;good quality of life;GQL;Within the context of the IPBES Conceptual Framework - the achievement of a fulfilled human life, a notion which may varies strongly across different societies and groups within societies. It is a context-dependent state of individuals and human groups, comprising aspects such as access to food, water, energy and livelihood security, and also health, good social relationships and equity, security, cultural identity, and freedom of choice and action. “Human wellbeing”, “inclusive wealth”, “living in harmony with nature”, “living-well in balance and harmony with Mother Earth” are examples of different perspectives on a “Good quality of life”.;Global assessment (1st work programme);;21652;41226.0;;;;;;;;;;;
governance_apa;governance;;The processes of governing, whether undertaken by a government, market or other social network, whether over a family, tribe, formal or informal organization or territory and whether through the laws, norms, power or language of an organized society.;Asia-Pacific assessment;;21653;41232.0;;;;;;;;;;;
governance (modes of)_sua;governance (modes of);;‘Modes of governance’ have been conceptualized in different ways, from hierarchies (state centric governance), networks or co- governance (a constellation of actors in varying partnership arrangements), markets (market-based instruments and incentives), voluntarism (non-binding agreements and instruments) and self- governance (including customary governance).;Sustainable use assessment;;24937;41235.0;;;;;;;;;;;
governance framework_va;governance framework;;Taken together, the institutional framing of specific economic, political decision-making and socio-cultural processes of relevance to the governance of human-human and human-nature relationships are termed governance frameworks.;Values assessment;;24938;41236.0;;;;;;;;;;;
governance options_afa;governance options;;Refers to recommendation of options to be considered in changing the government structure that would allow relevant stakeholders to ultimately determine their future.;Africa assessment;;24939;41237.0;;;;;;;;;;;
governance system_scm;governance system;;The regime under which decisions are made, and the degree to which power over a given decision is shared among actors, or across different sectors.;Scenarios and models assessment;;24940;41238.0;;;;;;;;;;;
grabbing (of wild species and spaces)_sua;grabbing (of wild species and spaces);;Actions, policies or initiatives by which use and access rights of resources and spaces are transferred and re-allocated from collective entity to private or public entity, leading to IPLC dispossession, marginalization and exclusion and, consequently, the unsustainability of use system (Acheson, 2015;;;;;;;;;;;;;;;
grain (spatial or temporal)_scm;grain (spatial or temporal);;see spatial scale and temporal scale”.;Scenarios and models assessment;;24942;41240.0;;;;;;;;;;;
grassland_ldr;grassland;;A land cover class that includes any geographic area dominated by natural herbaceous plants (grasslands, prairies, steppes and savannahs) with a cover of 10% or more, irrespective of different human and/or animal activities (e.g. grazing).;Land degradation and restoration assessment;;21654;41241.0;;;;;;;;;;;
grazing_sua;grazing;;Feeding on growing herbage, attached algae, or phytoplankton.;Sustainable use assessment;;24943;41244.0;;;;;;;;;;;
grazing land management_ldr;grazing land management;;The strategies used by people to promote both high quality and quantity of forage for domesticated livestock.;Land degradation and restoration assessment;;24944;41245.0;;;;;;;;;;;
great acceleration_ga1;great acceleration;;Great Acceleration refers to the acceleration of human-induced changes of the second half of the 20th century, unique in the history of human existence. Many human activities reached take-off points and sharply accelerated towards the end of the century.;Global assessment (1st work programme);;24945;41246.0;;;;;;;;;;;
green (environmental) gentrification_nxs;green (environmental) gentrification;;Refers to processes started by the implementation of an environmental planning agenda related to green spaces that leads to the exclusion and displacement of politically disenfranchised residents (Barcelona Lab, n.d.).;Nexus assessment;;34005;88051.0;;;;;;;;;;;
green and blue infrastructure_nxs;green and blue infrastructure;;A strategically planned network of natural and semi-natural areas with other environmental features designed and managed, unlike grey infrastructure, to deliver a wide range of ecosystem services such as water purification, air quality, space for recreation and climate change mitigation and adaptation. This network of green (land) and blue (water) spaces can improve environmental conditions and therefore citizens' health and quality of life (Eurostat, n.d.).;Nexus assessment;;34006;88052.0;;;;;;;;;;;
green bonds_ga1_sua_nxs;green bonds;;A mode of private financing that tap the debt capital market through fixed income instruments (i.e. bonds) to raise capital to finance climate-friendly projects in key sectors of, but not limited to, transport, energy, building and industry, water, agriculture and forestry and waste.;Global assessment (1st work programme);;24946;41247.0;;;;;;;;;;;
green growth_ga1;green growth;;Green growth means fostering economic growth and development while ensuring that natural assets continue to provide the resources and environmental services on which our well-being relies.;Global assessment (1st work programme);;24947;41248.0;;;;;;;;;;;
green hunting_sua;green hunting;;Green hunting occurs with tranquilizer dart guns and the animals are released alive. This is typically performed for veterinary procedures or translocation, and has been suggested as an alternative to lethal forms of hunting.;Sustainable use assessment;;24948;41249.0;;;;;;;;;;;
green infrastructure_ga1;green infrastructure;;Green infrastructure refers to the natural or semi-natural systems (e.g. riparian vegetation) that provide services for water resources management with equivalent or similar benefits to conventional (built) “grey” infrastructure (e.g. water treatment plants).;Global assessment (1st work programme);;24949;41250.0;;;;;;;;;;;
green public procurement_apa;green public procurement;GPP;A process whereby public authorities seek to procure goods, services and works with a reduced environmental impact throughout their life-cycle when compared to goods, services and works with the same primary function that would otherwise be procured.;Asia-Pacific assessment;;24950;41251.0;;;;;;;;;;;
green revolution_sua;green revolution;;Period of food crop productivity growth that started in the 1960s due to a combination of high rates of investment in crop research, infrastructure, and market development and appropriate policy support, and whose environmental impacts have been mixed: on one side saving land conversion to agriculture, on the other side promoting an overuse of inputs and cultivation on areas otherwise improper to high levels of intensification, such as slopes.;Sustainable use assessment;;24951;41252.0;;;;;;;;;;;
green technology_tca;green technology;;An emerging idea with the primary objective of promoting sustainable development, which entails identifying environment-friendly sources of growth, promoting new environment-friendly industries and creating jobs and technologies by lowering environmental risks and ecological scarcities, pollution and carbon emissions, improving energy and resource efficiency and preventing the loss of biodiversity (Kaliappan et al., 2023).;Transformative change assessment;;34007;88054.0;;;;;;;;;;;
green water_ldr;green water;;Water transpired through plants to the atmosphere.;Land degradation and restoration assessment;;24952;41255.0;;;;;;;;;;;
greenhouse gas_ldr;greenhouse gas;GHG;Those gaseous constituents of the atmosphere, both natural and anthropogenic, that absorb and emit radiation at specific wavelengths within the spectrum of infrared radiation emitted by the Earth’s surface, the atmosphere, and clouds. This property causes the greenhouse effect.;Land degradation and restoration assessment;;24953;41256.0;;;;;;;;;;;
greenwashing_tca;greenwashing;;The act of making false or misleading statements about the environmental benefits of a product or practice (What Is Greenwashing?, 2023). The European Supervisory Authorities (EBA, EIOPA and ESMA – ESAs) define greenwashing as a practice where sustainability-related statements, declarations, actions, or communications do not clearly and fairly reflect the underlying sustainability profile of an entity, a financial product, or financial services. This practice may be misleading to consumers, investors, or other market participants (ESMA, 2024).;Transformative change assessment;;34008;88359.0;;;;;;;;;;;
grey water_ldr;grey water;;Any wastewater that is not contaminated with faecal matter.;Land degradation and restoration assessment;;24954;41259.0;;;;;;;;;;;
gross primary production_ldr;gross primary production;GPP;Total terrestrial Gross Primary Production (GPP) is the total mass of carbon taken out of the atmosphere by plant photosynthesis.;Land degradation and restoration assessment;;24955;41260.0;;;;;;;;;;;
gross primary productivity_ga1;gross primary productivity;;The amount of carbon fixed by the autotrophs (e.g. plants and algaes).;Global assessment (1st work programme);;24956;41261.0;;;;;;;;;;;
growth paradigm_tca;growth paradigm;;A term first introduced by ecological economist Herman Daly (Daly, 1972) to characterize the preanalytic vision of mainstream economists that justified their belief in unlimited growth (Vanasupa &amp;;;;;;;;;;;;;;;
habitat_ga1_scm;habitat;;The place or type of site where an organism or population naturally occurs.;Global assessment (1st work programme), Scenarios and models assessment;;21655;41262.0;;;;;;;;;;;
habitat connectivity_ga1_ppa_ldr_eca_ama;habitat connectivity;;The degree to which the landscape facilitates the movement of organisms (animals, plant reproductive structures, pollen, pollinators, spores, etc.) and other environmentally important resources (e.g. nutrients and moisture) between similar habitats. Connectivity is hampered by fragmentation (q.v.).;Global assessment (1st work programme), Pollination assessment, Land degradation and restoration assessment, Europe and Central Asia assessment, Americas assessment;;21656;16334.0;;;;;;;;;;;
habitat degradation_ga1_eca_afa_ama_ppa_ppa_apa_ldr_ga1_sua;habitat degradation;;A general term describing the set of processes by which habitat quality is reduced. Habitat degradation may occur through natural processes (e.g. drought, heat, cold) and through human activities (forestry, agriculture, urbanization).;Global assessment (1st work programme);;21657;16335.0;;;;;;;;;;;
habitat ecosystem functions_ldr;habitat ecosystem functions;;The ability of soil or soil materials to serve as a habitat for micro-organisms, plants, soil- living animals and their interactions.;Land degradation and restoration assessment;;24957;41264.0;;;;;;;;;;;
habitat fragmentation_sua_afa_ldr_eca_ama_apa;habitat fragmentation;;A general term describing the set of processes by which habitat loss results in the division of continuous habitats into a greater number of smaller patches of lesser total and isolated from each other by a matrix of dissimilar habitats. Habitat fragmentation may occur through natural processes (e.g. forest and grassland fires, flooding) and through human activities (forestry, agriculture, urbanization).;Sustainable use assessment, Africa assessment, Land degradation and restoration assessment, Europe and Central Asia assessment, Americas assessment, Asia-Pacific assessment;;21658;16336.0;;;;;;;;;;;
habitat heterogeneity_ga1;habitat heterogeneity;;The number of different habitats in a landscape.;Global assessment (1st work programme);;24958;41265.0;;;;;;;;;;;
habitat modification_ga1;habitat modification;;Changes in an area's primary ecological functions and species composition due to human activity and/or non-native species invasion.;Global assessment (1st work programme);;24959;41266.0;;;;;;;;;;;
habitat service_eca_ldr;habitat service;;The importance of ecosystems to provide living space for resident and migratory species (thus maintaining the gene pool and nursery service).;Europe and Central Asia assessment, Land degradation and restoration assessment;;24960;41267.0;;;;;;;;;;;
habitat specialist_ga1;habitat specialist;;Species that require very specific habitats and resources (e.g. narrow range of food sources or cover types) to thrive and reproduce.;Global assessment (1st work programme);;24961;41268.0;;;;;;;;;;;
harmful algal bloom_apa;harmful algal bloom;HAB;They occur when colonies of algae (simple plants that live in the sea and freshwater) grow out of control and produce toxic or harmful effects on people, fish, shellfish, marine mammals and birds.;Asia-Pacific assessment;;24962;41269.0;;;;;;;;;;;
harmonization_eca;harmonization;;The process of bringing something together, and comparing (e.g. models or scenarios) to facilitate compatibility or consistency.;Europe and Central Asia assessment;;21659;41271.0;;;;;;;;;;;
hazard_sua;hazard;;A process, phenomenon or human activity that may cause loss of life, injury or other health impacts, property damage, social and economic disruption or environmental degradation. Hazards that this assessment discusses are mostly environmental hazards (chemical, natural and biological hazards), while cognizant that many hazards are socio- natural, in that they are associated with a combination of natural and anthropogenic factors. Natural hazards are predominantly associated with natural processes and phenomena, including geological or geophysical hazards that originate from internal earth processes (earthquakes, volcanic activities, landslides, tsunamis), and hydrometeorological hazards, which are of atmospheric, hydrological or oceanographic origin (tropical cyclones, floods, drought;;;;;;;;;;;;;;;
health_tca;health;;A state of complete physical, social and mental well-being and not merely the absence of disease or infirmity (World Health Organization, 2021). In this assessment, health includes the role of ecological, environmental, socio-economic, cultural and health system factors.;Transformative change assessment;;34010;88059.0;;;;;;;;;;;
health (global)_nxs;health (global);;Achieving health equity at a global level by addressing transnational health issues, determinants and the interventions and formal structures that are beyond the control of national institutions (Koplan et al., 2009;;;;;;;;;;;;;;;
health (human)_nxs;health (human);;In the scope of this assessment, the nexus element of health is defined as the state of human physical, mental and social well-being and not merely the absence of disease or infirmity (WHO, 1946). The assessment recognizes the link between human health, animal health, plant health and ecosystem health and the need to achieve equity of health outcomes in addressing all elements of the nexus and contributing to sustainable futures (Adisasmito et al., 2022). See also One Health.;Nexus assessment;;34012;88061.0;;;;;;;;;;;
health (public)_nxs;health (public);;An organized activity of society to promote, protect, improve and – when necessary – restore the health of individuals, specified groups or the entire population. It is a combination of sciences, skills and values that function through collective societal activities and involve programmes, services and institutions aimed at protecting and improving the health of all people (WHO, 2021).;Nexus assessment;;34013;88360.0;;;;;;;;;;;
health (settings for)_nxs;health (settings for);;The place or social context where people engage in daily activities, in which environmental, organizational and personal factors interact to affect health and well-being (WHO, 2021).;Nexus assessment;;34014;88063.0;;;;;;;;;;;
health (social determinants of)_nxs;health (social determinants of);;The social determinants of health are the social, cultural, political, economic and environmental conditions in which people are born, grow up, live, work and age, and their access to power, decision-making, money and resources that give rise to these conditions of daily life (WHO, 2021).;Nexus assessment;;34015;88064.0;;;;;;;;;;;
health coverage (universal)_nxs;health coverage (universal);;Universal health coverage means that all people have access to the health services they need, at high quality, when and where they need them, without financial hardship across the life course. It includes the full range of essential health services, from health promotion to prevention, treatment, rehabilitation and palliative care. (WHO, 2021).;Nexus assessment;;34016;88065.0;;;;;;;;;;;
health equity_nxs;health equity;;Refers to the absence of unfair, avoidable or remediable differences in health status among population groups defined socially, economically, demographically or geographically (WHO, 2021).;Nexus assessment;;34017;88066.0;;;;;;;;;;;
health impact assessment_nxs;health impact assessment;;A combination of procedures, methods and tools by which a policy, programme, product or service may be judged concerning its effects on the health of the population and the distribution of those effects within the population. The primary goal of health impact assessment is to inform the development of policies and programs that will promote better health and reduce health inequity through the identification of health co-benefits, conflicts and risk factors. Health impact assessment is an integral tool supporting health in all policies (WHO, 2021).;Nexus assessment;;34018;88067.0;;;;;;;;;;;
health policy_nxs;health policy;;Refers to decisions, plans and actions that are undertaken to achieve specific healthcare goals within a society (WHO et al., 2022);Nexus assessment;;34019;88068.0;;;;;;;;;;;
health promotion_nxs;health promotion;;The process of enabling people to increase control over, and to improve their health (WHO, 2021).;Nexus assessment;;34020;88069.0;;;;;;;;;;;
health system_nxs;health system;;All the activities whose primary purpose is to promote, restore or maintain health (WHO, 2000).;Nexus assessment;;34021;88070.0;;;;;;;;;;;
healthcare_nxs;healthcare;;Efforts made to maintain, restore or promote someone's physical, mental or emotional well-being especially when performed by trained and licensed professionals (WHO, 2000).;Nexus assessment;;34022;88071.0;;;;;;;;;;;
healthcare (primary)_nxs;healthcare (primary);;This is an overall approach to the organization of health systems which encompasses the three aspects of: multisectoral policy and action to address the broader determinants of health;;;;;;;;;;;;;;;
heat island effect_ga1;heat island effect;;Describes built up areas that are hotter than nearby rural areas. Heat islands can affect communities by increasing summertime peak energy demand, air conditioning costs, air pollution and greenhouse gas emissions, heat-related illness and mortality, and water quality.;Global assessment (1st work programme);;24964;41273.0;;;;;;;;;;;
hedgerow_ama_eca;hedgerow;;A row of shrubs or trees that forms the boundary of an area such as a garden, field, farm, road or right-of-way.;Americas assessment, Europe and Central Asia assessment;;21660;16338.0;;;;;;;;;;;
hedonic pricing_eca;hedonic pricing;;An economic valuation approach that utilizes information about the implicit demand for an environmental attribute of marketed commodities.;Europe and Central Asia assessment;;21661;16339.0;;;;;;;;;;;
herbicide_ppa;herbicide;;A substance that kills or inhibits the germination, growth and development of plants. Herbicides may be synthetic chemicals, natural chemicals, or biological agents.;Pollination assessment;;24965;41274.0;;;;;;;;;;;
heuristics_tca;heuristics;;Often characterized as rules of thumb that can be used to speed up the process of decision-making (Hjeij &amp;;;;;;;;;;;;;;;
holism_nxs;holism;;Refers to the theory that the universe and especially living nature is correctly seen in terms of interacting wholes (as of living organisms) that are more than the sum of individual parts.;Nexus assessment;;34025;88362.0;;;;;;;;;;;
holistic decision-making_nxs;holistic decision-making;;Decisions that aim to maximize synergies and minimize trade-offs between different interests based on consideration of complete systems and the interlinkages or interdependencies between the different elements of those systems (Source: this assessment, Chapter 1).;Nexus assessment;;34026;88075.0;;;;;;;;;;;
holocene_ga1;holocene;;The Holocene is the current geological epoch. It began after the Pleistocene, approximately 11,650 calendar years before present.;Global assessment (1st work programme);;24966;41275.0;;;;;;;;;;;
homegarden_sua_ga1;homegarden;;Yard areas surrounding a house for vegetable and fruit production and keeping of domestic animals. In many regions homegardens contain wild species utilized as medicinal plants, timber or other uses.;Sustainable use assessment, Global assessment (1st work programme);;24967;41276.0;;;;;;;;;;;
homeotherm_ga1;homeotherm;;Organisms (vertebrates) with a constant and high body temperature, with a high level of energy exchange.;Global assessment (1st work programme);;24968;41277.0;;;;;;;;;;;
homogenisation_ga1_eca_ldr_ppa;homogenisation;;When used in the ecological sense homogenization means a decrease in the extent to which communities differ in species composition.;Global assessment (1st work programme);;21662;41279.0;;;;;;;;;;;
honey bee_ppa;honey bee;;Any bee that is a member of the genus Apis. They are primarily distinguished by the production and storage of honey and the construction of perennial, colonial nests from wax. Currently, eight species of honey bee are recognized.;Pollination assessment;;24969;41280.0;;;;;;;;;;;
horticulture_sua;horticulture;;High investment crop production using resources intensively for high value product.;Sustainable use assessment;;24970;41281.0;;;;;;;;;;;
hotspot of agrobiodiversity_ga1;hotspot of agrobiodiversity;;Areas with significantly high levels of agrobiodiversity.;Global assessment (1st work programme);;24971;41282.0;;;;;;;;;;;
hotspot of endemism_ga1;hotspot of endemism;;See 'Biodiversity hotspot'.;Global assessment (1st work programme);;24972;41283.0;;;;;;;;;;;
human appropriation of net primary production_ldr_eca_ama;human appropriation of net primary production;HANPP;The aggregate impact of land use on biomass available each year in ecosystems.;Land degradation and restoration assessment, Europe and Central Asia assessment, Americas assessment;;21663;16889.0;;;;;;;;;;;
human capital_ipbes-ipccco-sponsoredworkshoponbiodiversityandclimatechange_ldr_ga1;human capital;;All the knowledge, talents, skills, abilities, experience, intelligence, training, judgment and wisdom possessed individually and collectively by individuals in a population.;Land degradation and restoration assessment, Global assessment (1st work programme);;24973;41284.0;;;;;;;;;;;
human history_ga1_sua;human history;;A general term used to refer to pre-historical and historical periods describing the development of humanity. Different classifications of periods exist reflecting different interpretation of human history.;Global assessment (1st work programme), Sustainable use assessment;;24974;41285.0;;;;;;;;;;;
human rights_ldr;human rights;;Rights inherent to all human beings, regardless of race, colour, sex, language, religion or other opinion, national or social origin, property, birth or any other status. These rights are interrelated, interdependent and indivisible.;Land degradation and restoration assessment;;24975;41286.0;;;;;;;;;;;
human rights instruments_ldr;human rights instruments;;Instruments for the protection and promotion of human rights, including general instruments, instruments concerning specific issues, and instruments relating to the protection of particular groups.;Land degradation and restoration assessment;;24976;41288.0;;;;;;;;;;;
human rights-based approach_ldr;human rights-based approach;;A conceptual framework for the process of human development that is normatively based on international human rights standards and operationally directed to promoting and protecting human rights.;Land degradation and restoration assessment;;34027;88076.0;;;;;;;;;;;
human values_apa;human values;;See Values.;Asia-Pacific assessment;;24977;41289.0;;;;;;;;;;;
human well-being_apa;human well-being;;See Good Quality of Life.;Asia-Pacific assessment;;24978;41291.0;;;;;;;;;;;
human-induced climate change_ga1;human-induced climate change;;"Note that the United Nations Framework Convention on Climate Change (UNFCCC), in its Article 1 of the UNFCCC, ""a change of climate which is attributed directly or indirectly to human activity that alters the composition of the global atmosphere and which is in addition to natural climate variability observed over comparable time periods"" The UNFCCC thus makes a distinction between climate change attributable to human activities altering the atmospheric composition and climate variability attributable to natural causes.";Global assessment (1st work programme);;34028;88080.0;;;;;;;;;;;
human-nature relations_va;human-nature relations;;The ways in which people relate to and engage with the natural environment, which are diverse and linked to worldviews, values and attitudes embedded in daily life.;Values assessment;;24980;41294.0;;;;;;;;;;;
humanistic economics_ldr;humanistic economics;;Humanistic economics intend to show that humankind is perfectly capable of living without the profit motive, and has done so for most of its history. It goes again the tendency to consider the profit motive as self-evident, an idea that underlies many political decisions. See also Behavioural economics.;Land degradation and restoration assessment;;24979;41293.0;;;;;;;;;;;
humification_ldr;humification;;Decomposition of organic material followed by a synthesis of humic substances.;Land degradation and restoration assessment;;24981;41295.0;;;;;;;;;;;
hunting_ga1;hunting;;The capture by humans of wild mammals, birds, and reptiles, whether dead or alive, irrespective of the techniques used to capture them or the reasons to do so.;Global assessment (1st work programme);;24982;41296.0;;;;;;;;;;;
hurai_tca;hurai;;"""All the best things"" expresses the logic of transforming from nature to animals and then to human beings, in accord with Chinese Tuvan's people's cosmology. It sustains the belief that human beings are capable of continuously receiving the Hurai and blessing from nature (Hou, 2019). Origin: Tuva, Siberia (China, Mongolia, Russia).";Transformative change assessment;;34029;88363.0;;;;;;;;;;;
hybrid model_scm;hybrid model;;Models that combine correlative and process-based modelling approaches.;Scenarios and models assessment;;21664;41297.0;;;;;;;;;;;
hydraulic fracturing_ldr;hydraulic fracturing;;An oil and gas well development process that typically involves injecting water, sand, and chemicals under high pressure into a bedrock formation via the well. This process is intended to create new fractures in the rock as well as increase the size, extent, and connectivity of existing fractures. Hydraulic fracturing is a well-stimulation technique used commonly in low-permeability rocks like tight sandstone, shale, and some coal beds to increase oil and/or gas flow to a well from petroleum-bearing rock formations.;Land degradation and restoration assessment;;24983;41298.0;;;;;;;;;;;
hydrothermal vent_apa;hydrothermal vent;;A fissure on the floor of a sea out of which flows water that has been heated by underlying magma. The water can be as hot as 400°C (752°F) and usually contains dissolved minerals that precipitate out of it upon contact with the colder seawater, building a stack of minerals, or chimney. Hydrothermal vents form an ecosystem for microbes and animals, such as tube worms, giant clams, and blind shrimp, that can with stand the hostile environment. The hottest hydrothermal vents are called black smokers because they spew iron and sulfide which combine to form iron mono sulfide, a black compound.;Asia-Pacific assessment;;24984;41299.0;;;;;;;;;;;
hypoxia_sua_ga1;hypoxia;;Low dissolved oxygen levels in coastal and oceanic waters (&lt;;;;;;;;;;;;;;;
identity_ga1_sua;identity;;The ways in which people understand who they are, their belonging and role in society, and their relation to their broader environment.;Global assessment (1st work programme), Sustainable use assessment;;24986;41301.0;;;;;;;;;;;
illegal logging_ga1;illegal logging;;The harvesting, processing, transporting, buying or selling of timber in contravention of national and international laws.;Global assessment (1st work programme);;24987;41302.0;;;;;;;;;;;
illegal practices_sua;illegal practices;;Illegal is defined in the context of this assessment when it violates laws and regulations.;Sustainable use assessment;;24988;41303.0;;;;;;;;;;;
illegal; unreported and unregulated fishing_ga1_sua;illegal, unreported and unregulated fishing;IUU;A broad term which includes: fishing and fishing-related activities conducted in contravention of national, regional and international laws;;;;;;;;;;;;;;
immaterial patrimony_ldr;immaterial patrimony;;Non-tangible aspects of cultural value that are passed from one human generation to the next.;Land degradation and restoration assessment;;24990;41305.0;;;;;;;;;;;
impact investments_nxs;impact investments;;Refers to financial investments that seek measurable environmental improvements alongside financial returns. (Source: this assessment, Chapter 6).;Nexus assessment;;34030;88082.0;;;;;;;;;;;
impacts_ias;impacts;;changes to nature, nature’s contributions to people, and/or the good quality of life (Ricciardi et al., 2013). Impacts can be observed or unobserved. More specifically, impacts to nature (formerly ‘ecological impact’), is defined as a measurable change to the properties of an ecosystem (Ricciardi et al., 2013), and implies that all introduced species can have an impact, even when not yet established or widespread, which may vary in magnitude, simply by integration into the ecosystem.;Invasive alien species assessment;;28655;69583.0;;;;;;;;;;;
important bird & biodiversity areas_apa_afa_eca_ama;important bird & biodiversity areas;IBA;A Key Biodiversity Area identified using an internationally agreed set of criteria as being globally important for bird populations.;Asia-Pacific assessment, Africa assessment, Europe and Central Asia assessment, Americas assessment;;21666;16342.0;;;;;;;;;;;
in situ conservation of biodiversity_sua_ga1;in situ conservation of biodiversity;;The conservation of ecosystems and natural habitats and the maintenance and recovery of viable populations of species in their natural surroundings and, in the case of domesticated or cultivated species, in the surroundings where they have developed their distinctive properties.;Sustainable use assessment, Global assessment (1st work programme);;24991;41306.0;;;;;;;;;;;
inclusive_nxs;inclusive;;"The process of ""improving the terms of participation in society for social groups that experience disadvantage, through enhancing opportunities, access to resources, voice, and respect for rights on which individuals and groups take part in society""(Mirzoev et al., 2022).";Nexus assessment;;34031;88364.0;;;;;;;;;;;
inclusive governance_tca;inclusive governance;;Governance approaches that recognize multiple actors, values and knowledge systems engaged through co-production of solutions.;Transformative change assessment;;34032;88084.0;;;;;;;;;;;
inclusive innovation_tca;inclusive innovation;;"Harnesses science, technology and innovation ""know-how"" to address the needs of lower income groups (OECD, 2013). This definition has later been expanded beyond lower income groups (Levidow &amp";;;;;;;;;;;;;;;
inclusive wealth_apa;inclusive wealth;;An economic concept that seeks to incorporate natural capital into national wealth estimates, beyong GDP.;Asia-Pacific assessment;;24992;41307.0;;;;;;;;;;;
incommensurability_va;incommensurability;;Absence of a common unit along which values can be measured and compared.;Values assessment;;24993;41308.0;;;;;;;;;;;
inconclusive (certainty term (q.v.))_ppa;inconclusive (certainty term (q.v.));;Limited evidence, recognising major knowledge gaps.;Pollination assessment;;24994;41309.0;;;;;;;;;;;
incremental change_nxs;incremental change;;Refers to a small shift in the nature and directionality of a process that contributes to transformative change for a just and sustainable world. This recognizes that transformative change takes place over time through a number of small shifts occurring across sectors and scales. Seemingly small changes can spread in ways that inspire or influence larger and more systemic shifts, especially when they address the underlying causes of unsustainable and unjust development and overcome barriers and challenges to transformative change (Source: transformative change assessment glossary).;Nexus assessment;;34034;88086.0;;;;;;;;;;;
indicator_eca_ga1_ama_sua_ga1_ldr_afa_apa_nxs;indicator;;A quantitative or qualitative factor or variable that provides a simple, measurable and quantifiable characteristic or attribute responding in a known and communicable way to a changing environmental condition, to a changing ecological process or function, or to a changing element of biodiversity.;Europe and Central Asia assessment, Global assessment (1st work programme), Americas assessment, Sustainable use assessment, Global assessment (1st work programme), Land degradation and restoration assessment, Africa assessment, Asia-Pacific assessment;;24995;16343.0;;;;;;;;;;;
indigenous and community conserved areas_eca;indigenous and community conserved areas;;Natural and modified ecosystems including significant biodiversity, ecological services and cultural values voluntarily conserved by indigenous and local communities through customary laws or other effective means.;Europe and Central Asia assessment;;24996;41310.0;;;;;;;;;;;
indigenous and local knowledge_sua;indigenous and local knowledge;ILK;Indigenous and local knowledge (ILK) refers to dynamic bodies of integrated, holistic, social and ecological knowledge, practices and beliefs pertaining to the relationship of living beings, including people, with one another and with their environments.;Sustainable use assessment;;24997;41311.0;;;;;;;;;;;
indigenous and local knowledge holders_va;indigenous and local knowledge holders;;Indigenous and local knowledge holders are understood to be persons situated in the collective knowledge systems of indigenous peoples and local communities with knowledge from their own indigenous peoples and local communities;;;;;;;;;;;;;;;
indigenous and local knowledge system_ppa_scm_ga1;indigenous and local knowledge system;ILK;A cumulative body of knowledge, practice and belief, evolving by adaptive processes and handed down through generations by cultural transmission, about the relationship of living beings (including humans) with one another and with their environment. It is also referred to by other terms such as: Indigenous, local or traditional knowledge, traditional ecological/environmental knowledge, farmers’ or fishers’ knowledge, ethnoscience, indigenous science, folk science.;Pollination assessment;;24999;41317.0;;;;;;;;;;;
indigenous communities_ppa;indigenous communities;;Human communities that are self-identified as indigenous;;;;;;;;;;;;;;;
Indigenous People_afa;Indigenous People;;Are the holders of unique languages, knowledge systems and beliefs and possess invaluable knowledge of practices for the sustainable management of natural resources based on their traditional values, visions, needs and priorities. Are inheritors and practitioners of unique cultures and ways of relating to people and the environments. Indigenous people have retained social, cultural, economic and political characteristics that are distinct from those of the dominant societies in which they live.;Africa assessment;;25001;41320.0;;;;;;;;;;;
Indigenous Peoples and local communities_va;Indigenous Peoples and local communities;IPLC;Indigenous peoples and local communities (IPLCs) are, typically, ethnic groups who are descended from and identify with the original inhabitants of a given region, in contrast to groups that have settled, occupied or colonized the area more recently.;Values assessment;;21669;41321.0;;;;;;;;;;;
indigenous peoples' and local community conserved areas and territories_sua;indigenous peoples' and local community conserved areas and territories;ICCA;Indigenous Peoples' and Local Community Conserved Areas and Territories, referred to as ICCAs, are natural and/or modified ecosystems containing significant biodiversity values, ecological services and cultural values, voluntarily conserved by Indigenous peoples and local communities, both sedentary and mobile, through customary laws or other effective means. ICCAs can include ecosystems with minimum to substantial human influence as well as cases of continuation, revival or modification of traditional practices or new initiatives taken up by communities in the face of new threats or opportunities. Several of them are inviolate zones ranging from very small to large stretches of land and waterscapes.;Sustainable use assessment;;25003;41327.0;;;;;;;;;;;
indigenous peoples’ and community conserved territories and areas_ga1;indigenous peoples’ and community conserved territories and areas;ICCA;Natural and/or modified ecosystems containing significant biodiversity values, ecological services and cultural values, voluntarily conserved by Indigenous Peoples and Local Communities, both sedentary and mobile, through customary laws or other effective means.;Global assessment (1st work programme);;25004;41328.0;;;;;;;;;;;
indirect driver (including institutions and governance systems)_scm;indirect driver (including institutions and governance systems);;Drivers that operate by altering the level or rate of change of one or more direct drivers.;Scenarios and models assessment;;25005;41330.0;;;;;;;;;;;
indirect drivers_ama_ldr_eca_sua;indirect drivers;;"See ""Drivers"".";Americas assessment, Land degradation and restoration assessment, Europe and Central Asia assessment, Sustainable use assessment;;34036;16345.0;;;;;;;;;;;
indirect use value_eca;indirect use value;;See values.;Europe and Central Asia assessment;;25007;41332.0;;;;;;;;;;;
individual behaviour_va;individual behaviour;;Individual behaviour is usually understood as anything an animal or a person does in response to a particular situation or stimulus. Actions may be overt (motor or verbal) and directly measurable, or covert (activities not viewable but involving voluntary muscles) and indirectly measurable.;Values assessment;;25008;41333.0;;;;;;;;;;;
individual fishing quotas_ga1;individual fishing quotas;IFQ;An allocation to an individual (a person or a legal entity (e.g. a company)) of a right;Global assessment (1st work programme);;25009;41334.0;;;;;;;;;;;
individual transferable quotas_ga1_sua;individual transferable quotas;ITQ;A type of quota (a part of a Total Allowable Catch) allocated to individual fishermen or vessel owners and which can be sold to others.;Global assessment (1st work programme), Sustainable use assessment;;25010;41335.0;;;;;;;;;;;
individualism_tca;individualism;;The moral stance, political philosophy, ideology and social outlook that emphasizes the intrinsic worth of the individual (Wood, 1972).;Transformative change assessment;;34037;88093.0;;;;;;;;;;;
industrial effluent_apa;industrial effluent;;Industrial effluent is in general considered to be industrial wastewater - treated or untreated - that flows out of a sewage treatment facility or the wastewater discharge from industrial facilities. Generally refers to wastes discharged into surface waters.;Asia-Pacific assessment;;25011;41336.0;;;;;;;;;;;
industrial fisheries_sua;industrial fisheries;;Industrial fisheries are defined as a category of capture fishery that generally present (some of) the following characteristics: (i) high capital equipment and expenditure, (ii) highly level of mechanization, motorization and onboard processing, (iii) large vessel size (&gt;;;;;;;;;;;;;;;
industrialization_apa;industrialization;;Industrialisation or industrialization is the period of social and economic change that transforms a human group from an agrarian society into an industrial society, involving the extensive re-organization of an economy for the purpose of manufacturing.;Asia-Pacific assessment;;25013;41338.0;;;;;;;;;;;
inequality_nxs;inequality;;Uneven opportunities and social positions, and processes of discrimination within a group or society, based on gender, class, ethnicity, age and (dis)ability, often produced by uneven development (IPCC, 2022a).;Nexus assessment;;34038;88094.0;;;;;;;;;;;
infauna_ga1;infauna;;Animals that live within the sediment.;Global assessment (1st work programme);;25014;41339.0;;;;;;;;;;;
influencer_va;influencer;;People and organizations who influence decision-making processes related to biodiversity and therefore have an impact on those who implement the decisions.;Values assessment;;25015;41340.0;;;;;;;;;;;
information and communication technology_ias;information and communication technology;ICT;a broader term for Information Technology (IT), which refers to all communication technologies, including the internet, wireless networks, cell phones, computers, software, middleware, video-conferencing, social networking, and other media applications and services enabling users to access, retrieve, store, transmit, and manipulate information in a digital form;Invasive alien species assessment;;28657;69584.0;;;;;;;;;;;
information systems_ias;information systems;;infrastructures for organising data and information. As examples, the Global Biodiversity Information Facility (GBIF) and Ocean Biogeographic Information System (OBIS) are international on-line infrastructures for organizing data of species presences in space and time. For examples of invasive alien species information systems see Katsanevakis &amp;;;;;;;;;;;;;;;
inner dimensions of sustainability_tca;inner dimensions of sustainability;;Subjective aspects of sustainability, such as individual and collective values, beliefs, worldviews paradigms and consciousness. Sometimes referred to as the personal sphere of transformation, these inner capacities and skills influences how people perceive and engage with structures and practices for transformative change (O'Brien, 2018;;;;;;;;;;;;;;;
inner transformation (for sustainability)_tca;inner transformation (for sustainability);;The unleashing of people's inner potential and capacity to commit to and effect change for a more sustainable life across individual, collective, organisational and system levels (Sharma, 2007;;;;;;;;;;;;;;;
innovation_tca;innovation;;"An idea, practice, or object perceived as new by an individual or other unit of adoption (Rogers, 2003). Initial definitions of innovation refer to ""commercialized invention"" essential for long term economic growth and labour productivity (Schot &amp";;;;;;;;;;;;;;;
innovation system_tca;innovation system;;A concept involving agents, networks and institutions working towards the overall function of developing, disseminating and using new products and processes (Hayashi, 2020).;Transformative change assessment;;34042;88099.0;;;;;;;;;;;
insecticide_ppa;insecticide;;A substance that kills insects. Insecticides may be synthetic chemicals, natural chemicals, or biological agents.;Pollination assessment;;25016;41341.0;;;;;;;;;;;
insectory strip_ppa;insectory strip;;Linear areas of land within or at the edges of fields, farms, or other areas (rights of way, riparian areas, etc.) where plants are encouraged to grow, often for the benefit of various beneficial animals (e.g. predators of pests, biological control agents, pollinators and other wildlife).;Pollination assessment;;25017;41342.0;;;;;;;;;;;
institution_ga1_scm;institution;;Encompass all formal and informal interactions among stakeholders and social structures that determine how decisions are taken and implemented, how power is exercised, and how responsibilities are distributed.;Global assessment (1st work programme), Scenarios and models assessment;;25018;41343.0;;;;;;;;;;;
institutional arrangements_sua;institutional arrangements;;Institutional arrangements can be seem as different (in)formal regimes and coalitions for collective action and inter-agent coordination, ranging from public-private cooperation and contracting schemes to organizational networking and policy arrangements.;Sustainable use assessment;;25019;41345.0;;;;;;;;;;;
institutional competencies_ldr;institutional competencies;;The set of abilities which a given institution can use to achieve policy goals. Examples include the ability to collaborate with local communities, design scientifically sound restoration interventions, or foresee secondary effects of policies.;Land degradation and restoration assessment;;25020;41346.0;;;;;;;;;;;
institutional failure_eca_apa;institutional failure;;These are often catalogued as (i) law and policy failures (e.g. perverse subsidies), (ii) market failures (externalities in the use of public goods and services), (iii) organizational failure (e.g. lack of transparency and political legitimacy in decision-making) and (iv) informal institutional failures (e.g. break of collective action norms due to erosion of trust.;Europe and Central Asia assessment, Asia-Pacific assessment;;21671;16346.0;;;;;;;;;;;
institutional misfits_tca;institutional misfits;;Several types of situations (social, spatial, temporal and functional) that reflect incompatibility or incongruence between the properties of formal and/or informal institutional arrangements with those of the socio-ecological systems they are embedded in and that may lead to a series of sustainability challenges (O. Young, 2008).;Transformative change assessment;;34043;88101.0;;;;;;;;;;;
institutions_sua;institutions;;We define institutions as encompassing all formal and informal interactions among stakeholders and social structures that determine how decisions are taken and implemented, how power is exercised, and how responsibilities are distributed (IPBES, 2019). This includes sets of rules, norms, values and procedures, which shape human interactions and with human interactions with nature (Brechin, 2003;;;;;;;;;;;;;;;
institutions and governance systems and other indirect drivers_ppa;institutions and governance systems and other indirect drivers;;see Drivers, institutions and governance systems and other indirect drivers.;Pollination assessment;;25021;41347.0;;;;;;;;;;;
drivers; institutions and governance systems and other indirect drivers_ppa;institutions and governance systems and other indirect drivers;;The ways in which societies organize themselves (and their interaction with nature), and the resulting influences on other components. They are underlying causes of change that do not make direct contact with the portion of nature in question;;;;;;;;;;;;;;
instrumental value_scm;instrumental value;;The direct and indirect contribution of nature's benefits to the achievement of a good quality of life.;Scenarios and models assessment;;21673;41349.0;;;;;;;;;;;
insular system_ga1;insular system;;Any area of habitat suitable for a specific ecosystem, surrounded by an expanse of unfavorable habitat that limits the dispersal of individuals. Insular systems can be either physical islands or isolated habitats (e.g. resulting of fragmentation).;Global assessment (1st work programme);;25022;41352.0;;;;;;;;;;;
insurance value_scm;insurance value;;The importance attributed to ecosystem resilience, including the role of biodiversity in maintaining the integrity of ecosystems as functioning systems, and their capacity to deliver ecosystem services and associated values.;Scenarios and models assessment;;25023;41353.0;;;;;;;;;;;
integrated approach_tca;integrated approach;;A holistic, transdisciplinary approach to sustainability research, policy and practice that recognizes relationships and interactions across different perspectives, including interior and exterior and individual and collective domains (Shrivastava et al., 2020).;Transformative change assessment;;34045;88104.0;;;;;;;;;;;
integrated assessment model_eca_scm_ldr_ama_apa;integrated assessment model;IAM;Interdisciplinary models that aim to describe the complex relationships between environmental, social, and economic drivers that determine current and future state of the ecosystem and the effects of global change, in order to derive policy-relevant insights. One of the essential characteristics of integrated assessments is the simultaneous consideration of the multiple dimensions of environmental problems.;Europe and Central Asia assessment;;21674;41354.0;;;;;;;;;;;
integrated governance for biological invasions_ias;integrated governance for biological invasions;;establishment of relationships between the roles of actors, institutions and instruments, and involving as appropriate all those elements of the socio-ecological system that characterize biological invasion and its management, for the purpose of identifying the strategic interventions needed to improve invasive alien species prevention and control outcomes (definition originated from this assessment, from the thinking on integrated environmental governance).;Invasive alien species assessment;;28659;69586.0;;;;;;;;;;;
integrated land use system_nxs;integrated land use system;;Land use planning that seeks to balance the economic, social and cultural opportunities provided by land with the need to maintain and enhance ecosystem services provided by the land-based natural capital. It also aims to blend or coordinate management strategies and implementation requirements across multiple sectors and jurisdictions (UNCCD, n.d.).;Nexus assessment;;34046;88105.0;;;;;;;;;;;
integrated landscape management_afa_ama_ga1_ldr;integrated landscape management;;Refers to long-term collaboration among different groups of land managers and stakeholders to achieve the multiple objectives required from the landscape.;Africa assessment, Americas assessment, Global assessment (1st work programme), Land degradation and restoration assessment;;21675;16350.0;;;;;;;;;;;
integrated pest management_ldr;integrated pest management;IPM;A broadly-based approach that integrates various practices for economic control of pests. IPM aims to suppress pest populations below the economic injury level (i.e. to below the level that the costs of further control outweigh the benefits derived). It involves careful consideration of all available pest control techniques and then integration of appropriate measures to discourage development of pest populations while keeping pesticides and other interventions to economically justifiable levels with minimal risks to human health and the environment. IPM emphasizes the growth of a healthy crop with the least possible disruption to agro- ecosystems and encourages natural pest control mechanisms.;Land degradation and restoration assessment;;21676;41356.0;;;;;;;;;;;
integrated policy for biological invasions_ias;integrated policy for biological invasions;;an integrated approach to planning and implementing future options to reduce the spread and limit the impact of biological invasions considers the fact that (1) multiple levels of governance are relevant, (2) diverse actors and decision-makers are involved, (3) the invasion process is multi-staged, and (4) drivers of invasion are multiple and interacting;Invasive alien species assessment;;28660;69588.0;;;;;;;;;;;
integrated valuation_ldr_eca;integrated valuation;;The process of collecting, synthesizing, and communicating knowledge about the ways in which people ascribe importance and meaning of nature's contributions, to facilitate deliberation and agreement for decision-making and planning.;Land degradation and restoration assessment, Europe and Central Asia assessment;;21677;41361.0;;;;;;;;;;;
integrated water resource management_ga1_nxs;integrated water resource management;IWRM;A process which promotes the coordinated development and management of water, land and related resources, in order to maximize the resultant economic and social welfare in an equitable manner without compromising the sustainability of vital ecosystems.;Global assessment (1st work programme);;25024;41364.0;;;;;;;;;;;
intellectual and cultural property_apa;intellectual and cultural property;ICP;An umbrella legal term used in national and international forums to identify indigenous peoples’ rights to protect their specific cultural knowledge and intellectual property.;Asia-Pacific assessment;;25025;41365.0;;;;;;;;;;;
intellectual property rights_ga1_sua;intellectual property rights;;Intellectual property rights are the rights given to persons over the creations of their minds. They uSUAlly give the creator an exclusive right over the use of his/her creation for a certain period of time. Intellectual property rights are customarily divided into two main areas: rights related to copyright, and industrial property.;Global assessment (1st work programme);;25026;41366.0;;;;;;;;;;;
intensive agriculture_apa;intensive agriculture;;Intensive agriculture involves various types of agriculture with higher levels of input and output per unit of agricultural land area. It is characterized by a low fallow ratio, higher use of inputs such as capital and labor, and higher crop yields per unit land area.;Asia-Pacific assessment;;25027;41368.0;;;;;;;;;;;
intensive grazing land_ldr;intensive grazing land;;Grazing lands that are managed primarily for livestock production with few other uses of the land other than dispersed crops.;Land degradation and restoration assessment;;21678;41369.0;;;;;;;;;;;
inter-generational equity_apa;inter-generational equity;;Inter-generational equity stipulates the rights and obligations of the current and future generations regarding the use of the environment. In the context of sustainable development, the Brundtland Report conceptualised it as development that meets the needs of the present without compromising the ability of future generations to meet their own needs.;Asia-Pacific assessment;;25030;41372.0;;;;;;;;;;;
interaction_apa;interaction;;Mutual or reciprocal action or influence.;Asia-Pacific assessment;;25028;41370.0;;;;;;;;;;;
interconnectedness_tca;interconnectedness;;A term used to describe the interdependence of humans with nature, it has been emphasized in eastern religions such as Buddhism that claim that the boundaries between self and others, as well as self and environment, are blurred or even non-existent, though some variations of these ideas also have a history in the West and have been employed by Western psychologists (Davis et al., 2009). Relational approaches to transformative change take into account dynamic and holistic accounts of human-nature interconnectedness (West et al., 2020).;Transformative change assessment;;34047;88106.0;;;;;;;;;;;
intercropping_ga1;intercropping;;Refers to growing two or more crops in the same field at the same time (FAO, 2018a).;Global assessment (1st work programme);;25029;41371.0;;;;;;;;;;;
intermediate disturbance hypothesis_ga1;intermediate disturbance hypothesis;;The intermediate disturbance hypothesis (IDH) suggests that local species diversity is maximized when ecological disturbance is neither too rare nor too frequent (Connell, 1978).;Global assessment (1st work programme);;25031;41374.0;;;;;;;;;;;
intervention scenarios_scm;intervention scenarios;;Scenarios that evaluate alternative policy or management options - either through target seeking (also known as goal seeking or normative scenario analysis”) or through policy screening (also known as ex-ante assessment”).;Scenarios and models assessment;;21679;41375.0;;;;;;;;;;;
intra-generational equity_apa;intra-generational equity;;Intra-generational equity relates to notions of fairness and justice across the communities and states within the present generation.;Asia-Pacific assessment;;25032;41376.0;;;;;;;;;;;
intrinsic value_ppa_tca;intrinsic value;;The ethical or philosophical value that an object has, in and of itself. It is the actual value of an asset based on underlying perceptions of both tangible and intangible factors.;Pollination assessment;;21680;41378.0;;;;;;;;;;;
introduced pollinator_ppa;introduced pollinator;;A pollinator species living outside its native distributional range (see Exotic pollinator).;Pollination assessment;;25033;41383.0;;;;;;;;;;;
introduction pathway_ias;introduction pathway;;a suite of processes that result in the introduction of a species from one geographical location to another. It means: 1) geographic routes by which a species is moved outside its natural range (past or present);;;;;;;;;;;;;;;
invasion cold spot_ias;invasion cold spot;;areas of low alien species richness relative to other regions with similar biogeographic characteristics (O’Donnell et al., 2012). Biodiversity hot spots of diversi?cation and species richness are defined as geographic regions with high diversi?cation rates or high species richness, respectively, while conversely cold spots are geographic regions with low diversi?cation rates or species richness;Invasive alien species assessment;;28662;69590.0;;;;;;;;;;;
invasion curve_ias;invasion curve;;depiction of the different stages of invasive alien species management from prevention to early detection and eradication, containment and adaptive management (Invasive Species Centre, 2021). The curve shows that eradication of an invasive alien species is less probable and more costly as it spreads over time. Choosing a management action relies on where a species is on the invasion curve.;Invasive alien species assessment;;28663;69591.0;;;;;;;;;;;
invasion debts_ias;invasion debts;;the potential increase in biological invasions at a site over a particular time frame in the absence of any interventions (Rouget et al., 2016). It is composed of the number of new species that will be introduced (introduction debt), the number of species that will become invasive (species-based invasion debt), the increase in area affected by invasions (area-based invasion debt), and the increase in the negative impacts caused by introduced species (impact-based invasion debt);Invasive alien species assessment;;28664;69592.0;;;;;;;;;;;
invasion hotspot_ias;invasion hotspot;;areas of high alien species richness relative to other regions with similar biogeographic characteristics (O’Donnell et al., 2012). Biodiversity hot spots of diversi?cation and species richness are defined as geographic regions with high diversi?cation rates or high species richness, respectively, while conversely cold spots are geographic regions with low diversi?cation rates or species richness;Invasive alien species assessment;;28665;69593.0;;;;;;;;;;;
invasion stages_ias;invasion stages;;stages (transport, introduction, establishment, and spread) that a species must pass through on the invasion continuum from native to (invasive) alien species, recognising the need for a species to overcome the barriers (geography, captivity or cultivation, survival, reproduction, dispersal and environmental) that obstruct transition between each stage;Invasive alien species assessment;;28666;69594.0;;;;;;;;;;;
invasional meltdown_ias;invasional meltdown;;the amplification of impacts of invasive alien species through community-level processes in which there is a cascade of effects, positive feedback loops, arising from the interactions amongst species, in this case alien species, which ultimately affect ecosystem functions;Invasive alien species assessment;;28667;69595.0;;;;;;;;;;;
invasive alien species_scm;invasive alien species;IAS;A species introduced outside its natural past or present distribution whose introduction and/or spread threaten biological diversity.;Scenarios and models assessment;;21681;41384.0;;;;;;;;;;;
invasive pollinator_ppa;invasive pollinator;;A pollinator species that, once it has been introduced outside its native distributional range, has a tendency to spread without direct human assistance.;Pollination assessment;;25034;41386.0;;;;;;;;;;;
ipbes conceptual framework_scm_apa;ipbes conceptual framework;;A simplified representation of the complex interactions between the natural world and human societies. This framework emerged from an extensive process of consultation and negotiation, leading to formal adoption by the second IPBES Plenary (IPBES/2/4), and therefore represents a key foundation for all IPBES activities. The framework recognizes different knowledge systems, including indigenous and local knowledge (ILK) systems, which can be complementary to those based on science.;Scenarios and models assessment, Asia-Pacific assessment;;21683;41387.0;;;;;;;;;;;
IUCN protected area category_apa_ga1_eca_ama;IUCN protected area category;;IUCN protected area management categories classify protected areas according to their management objectives.;Asia-Pacific assessment, Global assessment (1st work programme), Europe and Central Asia assessment, Americas assessment;;21685;16359.0;;;;;;;;;;;
IUCN red list_ga1_sua;IUCN red list;;The IUCN Red List is an indicator of the health of biodiversity. It provides taxonomic, conservation status and distribution information on plants, fungi and animals that have been globally evaluated using the IUCN Red List Categories and Criteria. This system is designed to determine the relative risk of extinction, and the main purpose of the IUCN Red List is to catalogue and highlight those plants and animals that are facing a higher risk of global extinction.;Global assessment (1st work programme), Sustainable use assessment;;25035;41390.0;;;;;;;;;;;
jevons paradox_ga1;jevons paradox;;See 'Rebound effect'.;Global assessment (1st work programme);;25036;41393.0;;;;;;;;;;;
joint production_ga1;joint production;;See ‘Co-production’.;Global assessment (1st work programme);;25037;41394.0;;;;;;;;;;;
just_tca;just;;Describes what is considered moral or ethical. It is often conflated with equity and fairness. All notions and interpretations of just and justice are normative constructs and have merits and drawbacks relative to each other (Ikeme, 2003).;Transformative change assessment;;34049;88108.0;;;;;;;;;;;
justice_va;justice;;Justice traditionally refers to the fair treatment of people, or ‘what we owe to each other’, but its scope may also be extended to include duties to other units of nature such as animals, rivers or Pachamama. Source Chapter 1. See Distributive justice, Ecological justice, Environmental justice, Epistemic justice, Procedural justice, Recognition, Retributive justice.;Values assessment;;25038;41395.0;;;;;;;;;;;
kametsa asaike_tca;kametsa asaike;;Living well together in this place;;;;;;;;;;;;;;;
kawsak sacha_tca;kawsak sacha;;The living forest, a conscious living being who is the subject of rights and is inhabited by Runayuk, beings that protect ecosystems, animal and plant species (IPBES, 2022b). Origin: Kichwa, Ecuador.;Transformative change assessment;;34051;88112.0;;;;;;;;;;;
kciye_tca;kciye;;A Penawahpskek word translated as meaning harmony with the natural world entailing both recognition of interconnectedness and adopting attitudes, beliefs and actions that enact this in practice (Mitchell, 2018). Origin: Wabanaki, North America.;Transformative change assessment;;34052;88113.0;;;;;;;;;;;
kelp_apa;kelp;;A large brown seaweed that typically has a long, tough stalk with a broad frond divided into strip.;Asia-Pacific assessment;;25039;41396.0;;;;;;;;;;;
key biodiversity area_ama_eca_afa_ga1_apa;key biodiversity area;KBA;Sites contributing significantly to the global persistence of biodiversity. They represent the most important sites for biodiversity worldwide, and are identified nationally using globally standardised criteria and thresholds.;Americas assessment, Europe and Central Asia assessment, Africa assessment, Global assessment (1st work programme), Asia-Pacific assessment;;25040;41397.0;;;;;;;;;;;
key players_va;key players;;People and organizations who both can influence and become affected by decisions - that is, in certain contexts, they serve as influencers, while at the same time are involved in actual decision making.;Values assessment;;25041;41398.0;;;;;;;;;;;
keystone species_sua;keystone species;;A species whose impact on the community or ecosystem is disproportionately large relative to its abundance. Effects can be produced by consumption (trophic interactions), competition, mutualism, dispersal, pollination, disease, or habitat modification (non-trophic interactions).;Sustainable use assessment;;25042;41399.0;;;;;;;;;;;
kinship-centric principle (non-humans)_va;kinship-centric principle (non-humans);;animals, plants and spirits, and such approach forms part of an indigenous cultural identity. Maintaining reciprocal and healthy relationships through a continuum with animals, plants and the lands where they reside involve the giving and taking of resources in appropriate ways, at appropriate times. In some cases, animals and plants are seen and treated as equals to humans and shape and reshape human relations with nature. Often, the values embedded in these relationships drive human behaviour and are elicited through certain valuation methods. Appreciation (no disregard) for spiritual entities (e.g. sacred mountains, rivers, among others) residing on ancestral lands, can be an example of a Kinship-central approach (focused on non-humans).;Values assessment;;25043;41402.0;;;;;;;;;;;
kinship-centric principle (other humans)_va;kinship-centric principle (other humans);;Actions of mutual support between humans such as sharing, gender equity, social equity, honesty, humility, modesty. Some of these elements can be revealed as relevant through valuation methods and approaches, as well as by practices associated with them.;Values assessment;;25044;41403.0;;;;;;;;;;;
knowledge system_va;knowledge system;;Indigenous and local knowledge systems are understood to be dynamic bodies of integrated, holistic, social and ecological understandings, know-hows, practices and beliefs pertaining to the relationship of living beings, including people, with one another and with their environment. Indigenous and local knowledge is grounded in territory, is highly diverse and is continuously evolving through the interaction of experiences, skills, innovations and different types of wisdom expressed in multiple ways (written, oral, visual, tacit, practical and scientific). Such knowledge can provide information, methods, theory and practice for sustainable ecosystem management. Indigenous and local knowledge systems have been, and continue to be, empirically tested, applied, contested and validated through different means in different contexts. Western Academic knowledge systems relate to often explicit knowledge that has been derived from applying formal methods in academic or technical institutions.;Values assessment;;21687;41404.0;;;;;;;;;;;
kunming-montreal global biodiversity framework_nxs;kunming-montreal global biodiversity framework;;"An international agreement that was adopted by the 15th Conference of Parties (COP15) to the Convention on Biological Diversity on 19 December 2022. It promotes attainment of the 2050 Vision of 'Living in harmony with nature' through achievement of four global goals and 23 targets. The latter are divided into three categories: reducing threats to biodiversity, meeting people's needs through sustainable use and benefit sharing, and tools and solutions for implementation and mainstreaming. The framework recognizes that urgent policy action at all levels of governance is required to transform economic, social and financial models to reverse biodiversity loss, referred to in the framework as a ""whole-of-government and whole-of-society approach"".";Nexus assessment;;34053;88371.0;;;;;;;;;;;
kyoto protocol_apa;kyoto protocol;;An international agreement linked to the United Nations Framework Convention on Climate Change, which commits its Parties by setting internationally binding emission reduction targets.;Asia-Pacific assessment;;25045;41408.0;;;;;;;;;;;
lag phase_ias;lag phase;;the time between when an alien species arrives in a new area and the onset of the phase of rapid, or exponential, increase. Multiple factors are frequently implicated in the persistence or dissolution of the lag phase in biological invasions, including an initial shortage of suitable sites, the absence or shortage of essential mutualists, inadequate genetic diversity, and reduction in competition or predation (due to other alterations in the resident biota);Invasive alien species assessment;;28668;69597.0;;;;;;;;;;;
land_nxs;land;;The terrestrial bioproductive system that comprises soil, vegetation, other biota and the ecological and hydrological processes that operate within the system (UNCCD, 2017).;Nexus assessment;;34054;88116.0;;;;;;;;;;;
land abandonment_ldr;land abandonment;;Land abandonment occurs when a particular land use ceases, and there is no clearly- defined subsequent land use practice. It is often associated with poorly defined ownership and/or land use governance.;Land degradation and restoration assessment;;25046;41409.0;;;;;;;;;;;
land cover_sua;land cover;;The physical coverage of land, usually expressed in terms of vegetation cover or lack of it. Related to, but not synonymous with, land use.;Sustainable use assessment;;25047;41410.0;;;;;;;;;;;
land degradation_apa_ldr_eca_ga1;land degradation;;Refers to the many processes that drive the decline or loss in biodiversity, ecosystem functions or services and includes the degradation of all terrestrial ecosystems.;Asia-Pacific assessment, Land degradation and restoration assessment, Europe and Central Asia assessment, Global assessment (1st work programme);;21688;41414.0;;;;;;;;;;;
land degradation neutrality_ldr;land degradation neutrality;;A state whereby the amount of healthy and productive land resources, necessary to support ecosystem services, remains stable or increases within specified temporal and spatial scales.;Land degradation and restoration assessment;;25048;41415.0;;;;;;;;;;;
land grabbing_sua;land grabbing;;See ‘Grabbing (of wild species and space)’.;Sustainable use assessment;;25049;41416.0;;;;;;;;;;;
land sharing_ldr_ama_eca;land sharing;;A situation where low-yield farming enables biodiversity to be maintained within agricultural landscapes.;Land degradation and restoration assessment, Americas assessment, Europe and Central Asia assessment;;21689;16891.0;;;;;;;;;;;
land sharing and sparing_ga1;land sharing and sparing;;Concepts used to describe, in general terms, spatial-temporal arrangements of agricultural and non-agricultural areas. Land sharing is a situation where farming practices enable biodiversity to be maintained within agricultural landscapes. Land sparing, also called land separation involves restoring or creating non-farmland habitat in agricultural landscapes at the expense of field-level agricultural production - for example, woodland, natural grassland, wetland, and meadow on arable land. This approach does not necessarily imply high-yield farming of the non-restored, remaining agricultural land. See also 'Conservation agriculture'.;Global assessment (1st work programme);;25050;41419.0;;;;;;;;;;;
land sparing_ama;land sparing;;Also called Land separation involves restoring or creating non-farmland habitat in agricultural landscapes at the expense of field-level agricultural production - for example, woodland, natural grassland, wetland, and meadow on arable land. This approach does not necessarily imply high- yield farming of the non restored, remaining agricultural land. (From Rey Benayas &amp;;;;;;;;;;;;;;;
land tenure_ldr;land tenure;;The relationship, whether legally or customarily defined, among people, as individuals or groups, with respect to land.;Land degradation and restoration assessment;;25051;41421.0;;;;;;;;;;;
land transformation_ldr;land transformation;;A process whereby the biotic community of an area is substantially altered or substituted by another, along with the underlying ecological and human processes responsible for its persistence, often as a result of a deliberate decision to change the purpose for which the land is used.;Land degradation and restoration assessment;;25052;41422.0;;;;;;;;;;;
land use_ga1;land use;;The human use of a specific area for a certain purpose (such as residential;;;;;;;;;;;;;;;
land use and land use/cover change_nxs;land use and land use/cover change;;Refers to the total arrangements, activities and inputs undertaken in a certain land cover type (a set of human actions). Land use change refers to a change in the use or management of land by humans, which may lead to a change in land cover (IPCC, 2014).;Nexus assessment;;34055;88117.0;;;;;;;;;;;
land use change_apa;land use change;;Land use refers to the modification or management of natural environments into human dominated environments, such as settlements, semi-natural and agricultural areas.;Asia-Pacific assessment;;21692;41424.0;;;;;;;;;;;
land use intensification_ga1;land use intensification;;Activities undertaken with the intention of enhancing the productivity or profitability per unit area of rural land use, including intensification of particular land uses as well as changes between land uses (Martin et al., 2018).;Global assessment (1st work programme);;25053;41425.0;;;;;;;;;;;
landrace_ga1;landrace;;A breed that has largely developed through adaptation to the natural environment and traditional production system in which it has been raised (FAO, 2013).;Global assessment (1st work programme);;25054;41426.0;;;;;;;;;;;
landscape_ldr;landscape;;A human-defined area ranging in size from c. 3 km2 to c. 3002 km. Landscape is spatially heterogeneous in at least one factor of interest and often consists of a mosaic of interacting ecosystems.;Land degradation and restoration assessment;;21693;41427.0;;;;;;;;;;;
landscape composition_ppa;landscape composition;;The abundances of patch types represented within a landscape. Composition is not spatially explicit because it refers only to the variety and abundance of patch types, but not their placement or location (dispersion) in the landscape.;Pollination assessment;;21694;16366.0;;;;;;;;;;;
landscape configuration_eca;landscape configuration;;The distribution, size and abundances of patch types represented within a landscape. Configuration is spatially explicit because it refers not only to the variety and abundance of patch types, but also to their placement or location (dispersion) in the landscape.;Europe and Central Asia assessment;;21695;16367.0;;;;;;;;;;;
landscape functioning_ga1;landscape functioning;;The capacity or potential of landscapes to provide services (Bolliger &amp;;;;;;;;;;;;;;;
landscape heterogeneity_ga1;landscape heterogeneity;;Landscape heterogeneity is a complex phenomenon involving the size, shape and composition of different landscape units and the spatial (and temporal) relations between them (G. Cale &amp;;;;;;;;;;;;;;;
landscape planning_ppa;landscape planning;;An activity concerned with reconciling competing land uses while protecting natural processes and significant cultural and natural resources.;Pollination assessment;;21696;16368.0;;;;;;;;;;;
landscape socio-ecological approach_ldr;landscape socio-ecological approach;;The landscape scale approach incorporates the socio-ecological system, including natural and human-modified ecosystems, influenced by ecological, historical, economic, and socio-cultural processes. The landscape includes an array of stakeholders small enough to be manageable, but large enough to deliver multiple functions for stakeholders with differing interests.;Land degradation and restoration assessment;;25057;41432.0;;;;;;;;;;;
large scale land acquisition_ga1;large scale land acquisition;LSLA;The control (whether through ownership, lease, concession, contracts, quotas, or general power) of larger than locally-typical amounts of land by any persons or entities (public or private, foreign or domestic) via any means (‘legal’ or ‘illegal’) for purposes of speculation, extraction, resource control or commodification at the expense of agroecology, land stewardship, food sovereignty and human rights. It is sometimes also called land grabbing.;Global assessment (1st work programme);;25059;41433.0;;;;;;;;;;;
law of the sea_sua_ga1;law of the sea;;The United Nations Convention on the Law of the Sea (UNCLOS), in force since 1994, defines the rights and obligations of nations (167 at present) with regard to the use of the world's oceans and their resources, and the protection of the marine and coastal environment. The UNCLOS also defines national marine jurisdiction on maritime territories and provides guidelines related to the use and management of marine environment and resources.;Sustainable use assessment, Global assessment (1st work programme);;25060;41435.0;;;;;;;;;;;
leaching_eca;leaching;;The dissolution and movement of dissolved substances by water.;Europe and Central Asia assessment;;21697;16894.0;;;;;;;;;;;
leaf area index_ga1;leaf area index;LAI;The total area of green leaves per unit area of ground covered (FAO, 2018a).;Global assessment (1st work programme);;25061;41436.0;;;;;;;;;;;
leakage_ama;leakage;;An environmentally damaging activity that is relocated elsewhere after being stopped locally.;Americas assessment;;25062;41437.0;;;;;;;;;;;
leakage effect_ga1;leakage effect;;Phenomena whereby the reduction in emissions (relative to a baseline) in a jurisdiction/sector associated with the implementation of mitigation policy is offset to some degree by an increase outside the jurisdiction/sector through induced changes in consumption, production, prices, land use and/or trade across the jurisdictions/sectors. Leakage can occur at a number of levels, be it a project, state, province, nation or world region.;Global assessment (1st work programme);;25063;41438.0;;;;;;;;;;;
learning (traditional and formal)_ga1;learning (traditional and formal);;Learning refers to the process of knowledge and skills acquisition. Studies on learning have payed attention to the different ways people acquire knowledge, practices, and beliefs (i.e., imitation, copying, trial-and-error), but also to the dynamics of knowledge transmission, or the different sources from which knowledge, practices, and beliefs are passed from one individual to another (i.e., from parents, peers, teachers, prestigious peoples, media, etc). Social learning is defined as the acquisition of newinformation by observing and emulating others, and it is a key human strategy that allows for the accumulation of culturally transmitted knowledge.;Global assessment (1st work programme);;25064;41439.0;;;;;;;;;;;
legal and regulatory instrument_sua;legal and regulatory instrument;;see “Policy instruments”.;Sustainable use assessment;;25065;41441.0;;;;;;;;;;;
legal personality_ias;legal personality;;any entity that has the ability to conclude and negotiate international agreements in accordance with its external commitments;;;;;;;;;;;;;;;
legal pluralism_sua;legal pluralism;;Legal pluralism is a sensitizing concept for situations in which people draw upon several legal systems, irrespective of their status within the state legal system.;Sustainable use assessment;;25066;41442.0;;;;;;;;;;;
lekil kuxlejal_tca;lekil kuxlejal;;In the Mayan language tseltal, the most similar word islekil kuxlejal (Paoli, 2003), which means 'good life', that is, what is done in order to integrate material, spiritual and communal needs (Ávila, 2011). Origin: Maya, Chiapas, Mexico.;Transformative change assessment;;34056;88373.0;;;;;;;;;;;
level of resolution_apa;level of resolution;;Degree of detail captured in an analysis. A high level of resolution implies a highly detailed analysis, usually associated with finer spatial and temporal scales. A low level of resolution implies a less detailed analysis, usually associated with coarser spatial and temporal scales.;Asia-Pacific assessment;;21698;16369.0;;;;;;;;;;;
leverage points_nxs_tca;leverage points;;Places in a system where relatively minor interventions can lead to relatively major changes in certain outcomes.;Nexus assessment;;34057;88119.0;;;;;;;;;;;
life frames of nature’s values_va;life frames of nature’s values;LFS;Frames that illustrate the in which people conceptualise how nature matters. Life frames mediate between ways of being/living and the prioritization of different sets of broad and specific values. The four archetypes of living from, living in, living with and living as nature are not mutually exclusive. They offer a range of sources-of-concern for nature that can overlap or be emphasized in diverse contexts (section 2.2.6).;Values assessment;;25067;41443.0;;;;;;;;;;;
limestone karsts_apa;limestone karsts;;Referred to simply as karsts are sedimentary rock outcrops that consist primarily of calcium carbonate.;Asia-Pacific assessment;;25068;41444.0;;;;;;;;;;;
linguistic uncertainty_scm;linguistic uncertainty;;Imprecise meaning of words, including vagueness and ambiguity.;Scenarios and models assessment;;25069;41445.0;;;;;;;;;;;
livelihood diversification_sua;livelihood diversification;;Livelihood diversification is defined as the process by which rural families construct a diverse portfolio of activities and social support capabilities in their struggle for survival and in order to improve their standards of living”.;Sustainable use assessment;;25070;41446.0;;;;;;;;;;;
livelihood resilience_ldr;livelihood resilience;;The capacity of all people across generations to sustain and improve their livelihood opportunities and well-being despite environmental, economic, social and political disturbances.;Land degradation and restoration assessment;;25071;41447.0;;;;;;;;;;;
livelihood security_ldr;livelihood security;;Adequate and sustainable access to income and resources to meet basic needs (including adequate access to food, potable water, health facilities, educational opportunities, housing, time for community participation and social integration).;Land degradation and restoration assessment;;25072;41448.0;;;;;;;;;;;
livelihoods_nxs;livelihoods;;The resources used and the activities undertaken in order to live. Livelihoods are uSUAlly determined by the entitlements and assets to which people have access. Such assets can be categorised as human, social, natural, physical or financial (IPCC, 2022a).;Nexus assessment;;34058;88120.0;;;;;;;;;;;
living in harmony with nature_apa_eca_afa_ama_sua_scm_tca;living in harmony with nature;;Within the context of the IPBES Conceptual Framework - a perspective on good quality of life based on the interdependence that exists among human beings, other living species and elements of nature. It implies that we should live peacefully alongside all other organisms even though we may need to exploit other organisms to some degree.;Asia-Pacific assessment;;21699;16370.0;;;;;;;;;;;
local_ppa;local;;adj. Referring to places, people, things or events within a short distance of an identified locality.;Pollination assessment;;25073;41449.0;;;;;;;;;;;
local communities_sua;local communities;;Local communities” refers to non-indigenous communities with historical linkages to places and livelihoods characterized by long- term relationships with the natural environment, often over generations.;Sustainable use assessment;;25074;41450.0;;;;;;;;;;;
local community_ppa;local community;;A group of individuals that interact within their immediate surroundings and/or direct mutual influences in their daily life. In this sense, a rural village, a clan in transhumance or the inhabitants of an urban neighbourhood can be considered a local community, but not all the inhabitants of a district, a city quarter or even a rural town. A local community could be permanently settled or mobile.;Pollination assessment;;25075;41451.0;;;;;;;;;;;
local ecological knowledge_sua;local ecological knowledge;LEK;Knowledge about nature, including organisms (animals and plants), ecosystems and ecological interactions, held by local people who interact with and use natural resources. This is a manifestation of indigenous local knowledge (ILK), but includes also knowledge held by those local people who may not be officially recognized as indigenous (in legal terms). Like traditional ecological knowledge, LEK can be seen as a knowledge-practice-belief complex. In other words, it is a cumulative body of knowledge, practice, and belief, evolving by adaptive processes and handed down through generations by cultural transmission (Berkes, 2012). This encompasses ways of knowing and doing, which are dynamic concepts relying on building on experience and adapting to changes, thereby imbibe a strong learning-by-doing component.;Sustainable use assessment;;25076;41452.0;;;;;;;;;;;
local economies_sua;local economies;;Local economies and subsistence economies are defined as those that are small in scale and in which the use of resources (including wild species) are limited and exclusively used to meet local needs rather than accumulated or sold for profit.;Sustainable use assessment;;25077;41453.0;;;;;;;;;;;
lock-in traps_tca;lock-in traps;;A situation in which the future development of a system, including infrastructure, technologies, investments, institutions and behavioural norms, is determined or constrained ('locked in') by historical developments (IPCC, n.d.).;Transformative change assessment;;34059;88374.0;;;;;;;;;;;
logging_sua;logging;;Logging is defined as the removal of whole trees or woody parts of trees from their habitat. Logging generally results in the death of the tree, but also includes cases in which it may not, such as coppicing. Logging occurs in forests that may be classified as primary, naturally regenerating, planted, and plantation. This assessment does not address logging from plantation forests except as it has bearing on the practice in the other forest types. Harvest of non-woody parts of trees ( leaves, propagules and bark) are here defined as gathering.;Sustainable use assessment;;25078;41454.0;;;;;;;;;;;
macroecology_ga1;macroecology;;A subfield of ecology that deals with the study of relationships between organisms and their environment at large spatial scales, and involves characterizing and explaining statistical patterns of abundance, distribution and diversity.;Global assessment (1st work programme);;25079;41455.0;;;;;;;;;;;
mainstreaming_nxs;mainstreaming;;In the context of this assessment, refers specifically to aims to integrate biodiversity concerns and the opportunities that biodiversity provides into other sectors and policy domains (Tudose et al., 2021;;;;;;;;;;;;;;;
mainstreaming biodiversity_apa;mainstreaming biodiversity;;Mainstreaming means integrating actions related to conservation of biodiversity into strategies relating to production sectors.;Asia-Pacific assessment;;21700;41456.0;;;;;;;;;;;
maladaptation_ga1_nxs;maladaptation;;A trait that is, or has become, more harmful than helpful, in contrast with an adaptation, which is more helpful than harmful (Barnett &amp;;;;;;;;;;;;;;;
malnutrition_ga1_sua;malnutrition;;Malnutrition refers to deficiencies, excesses or imbalances in a person’s intake of energy and/or nutrients. The term malnutrition covers 2 broad groups of conditions. One is ‘undernutrition’—which includes stunting (low height for age), wasting (low weight for height), underweight (low weight for age) and micronutrient deficiencies or insufficiencies (a lack of important vitamins and minerals). The other is overweight, obesity and diet-related noncommunicable diseases (such as heart disease, stroke, diabetes and cancer).;Global assessment (1st work programme), Sustainable use assessment;;25081;41458.0;;;;;;;;;;;
managed pollinator_ppa;managed pollinator;;A kind of pollinator that is maintained by human beings through husbandry (e.g. some honey bees, some leafcutting and orchard bees, some bumble bees). The terms can be broadened to include wild pollinators (q.v.) that flourish by human encouragement.;Pollination assessment;;25082;41459.0;;;;;;;;;;;
management_nxs;management;;In the context of nature's contributions to people, involves operational decisions to achieve specific development outcomes, whereas governance refers to the broader processes and institutions through which societies make decisions that affect people and their environment (Armitage et al., 2012). •Adaptive management: The systematic process for improving policy and its implementation under uncertainty, such as by seeking new information to support adaptation (Hasselman, 2017). •Collaborative (co-)management: A form of management with a stronger focus on stakeholder engagement and power sharing (Plummer &amp;;;;;;;;;;;;;;;
management of wild species_sua;management of wild species;;The management of wild species is the management process influencing interactions among and between wild species, its habitats and humans to achieve predefined impacts valued by stakeholders. It attempts to balance the needs of wild species and the preservation of the ecosystems they inhabit with the needs of humans, using the best available sources of knowledge.;Sustainable use assessment;;25083;41460.0;;;;;;;;;;;
mangrove_eca_ama_ldr_ga1_sua_apa;mangrove;;Group of trees and shrubs that live in the coastal intertidal zone. Mangrove forests only grow at tropical and subtropical latitudes near the equator because they cannot withstand freezing temperatures.;Europe and Central Asia assessment, Americas assessment, Land degradation and restoration assessment, Global assessment (1st work programme), Sustainable use assessment, Asia-Pacific assessment;;21701;16895.0;;;;;;;;;;;
marginal lands_sua;marginal lands;;Land having limitations which in aggregate are severe for sustained application of a given use. On these lands, options are limited for diversification without the use of inputs;;;;;;;;;;;;;;;
marginalization_ga1;marginalization;;Marginalization refers to the set of processes through which some individuals and groups face systematic disadvantages in their interactions with dominant social, political and economic institutions. The disadvantages arise from class status, social group identity (kinship, ethnicity, caste and race), political affiliation, gender, age and disability.;Global assessment (1st work programme);;25085;41464.0;;;;;;;;;;;
marginalized community_sua;marginalized community;;Marginalized communities, peoples or populations are groups and communities that experience discrimination and exclusion (social, political and economic) because of unequal power relationships across economic, political, social and cultural dimensions (National Collaborating Centre for Determinants of Health.;Sustainable use assessment;;25086;41466.0;;;;;;;;;;;
mariculture_sua_ga1_nxs;mariculture;;A branch of aquaculture involving the culture of organisms in a medium or environment which may be completely marine (sea), or sea water mixed to various degrees with fresh water, including brackish water areas (SIVALINGAM, 1981).;Sustainable use assessment;;25087;41467.0;;;;;;;;;;;
market failures_afa;market failures;;Refers to situations whereby the market fails to give efficient allocation of resources, due to non-fulfilment of free and competitive market structure.;Africa assessment;;25088;41468.0;;;;;;;;;;;
market forces_afa;market forces;;Refer to economic factors affecting the price of, demand for, and availability of a commodity.;Africa assessment;;25089;41469.0;;;;;;;;;;;
market-based instruments_nxs;market-based instruments;;Policy tools that involve either mechanisms for changing the price structure in a given market (with the intention to acknowledge and internalize environmental costs or benefits), for creating new commodities derived from environmental features (new markets or products), or for setting up monetary transfers aiming to improve the environmental performance of the targeted agents (Source: this assessment, Chapter 6).;Nexus assessment;;34061;88125.0;;;;;;;;;;;
mass balance (analysis)_ldr;mass balance (analysis);;Comparison between input and output mass of materials to solve for losses such as oxidation.;Land degradation and restoration assessment;;25090;41470.0;;;;;;;;;;;
materialism_tca;materialism;;The belief that consumer goods and services provide the greatest source of satisfaction and value (Belk, 1985).;Transformative change assessment;;34062;88126.0;;;;;;;;;;;
maximum sustainable yield_ama;maximum sustainable yield;MSY;The maximum sustainable yield (MSY) for a given fish stock means the highest possible annual catch that can be sustained over time, by keeping the stock at the level producing maximum growth. The MSY refers to a hypothetical equilibrium state between the exploited population and the fishing activity.;Americas assessment;;25091;41471.0;;;;;;;;;;;
mean species abundance (species abundance)_apa;mean species abundance (species abundance);;An indicator of naturalness or biodiversity intactness. It is defined as the mean abundance of original species relative to their abundance in undisturbed ecosystems. An MSA (Mean Species Abundance) of 0% means a completely destructed ecosystem, with no original species remaining.;Asia-Pacific assessment;;25092;41472.0;;;;;;;;;;;
mechanistic model_scm;mechanistic model;;see process-based model.;Scenarios and models assessment;;25093;41473.0;;;;;;;;;;;
mechanistic modelling_ga1;mechanistic modelling;;A model with hypothesized relationship between the variables in the dataset where the nature of the relationship is specified in terms of the biological processes that are thought to have given rise to the data.;Global assessment (1st work programme);;25094;41474.0;;;;;;;;;;;
megadiverse countries_ama;megadiverse countries;;17 countries that harbor 70% of the species diversity of the planet. Seven such countries are in the Americas. In alphabetical order: Brazil, Colombia, Ecuador, Mexico, Peru, USA, Venezuela.;Americas assessment;;25095;41475.0;;;;;;;;;;;
megadiverse country_ga1;megadiverse country;;Countries (17) which have been identified as the most biodiversity-rich countries of the world, with a particular focus on endemic biodiversity (UNEP-WCMC, 2014).;Global assessment (1st work programme);;25096;41476.0;;;;;;;;;;;
mental models_tca;mental models;;A concentrated, personally constructed, internal conception of external phenomena (historical, existing or projected), or experience that affects how a person acts (Rook, 2013).;Transformative change assessment;;34063;88127.0;;;;;;;;;;;
mesic areas_ga1;mesic areas;;Synonym for moist areas (IUCN, 2012a).;Global assessment (1st work programme);;25097;41478.0;;;;;;;;;;;
meta-analysis_eca_sua_ga1_apa_ldr_ama;meta-analysis;;A quantitative statistical analysis of several separate but similar experiments or studies in order to test the pooled data for statistical significance.;Europe and Central Asia assessment, Sustainable use assessment, Global assessment (1st work programme), Asia-Pacific assessment, Land degradation and restoration assessment, Americas assessment;;21702;16372.0;;;;;;;;;;;
metabolic activity_ga1;metabolic activity;;Chemical transformations that sustain life at the cell level.;Global assessment (1st work programme);;25098;41479.0;;;;;;;;;;;
metabolic rift_tca;metabolic rift;;The disruption or imbalance in relationship between human societies and nature, often in the context of industrial capitalism (Foster, 1999).;Transformative change assessment;;34064;88128.0;;;;;;;;;;;
metacoupling_nxs;metacoupling;;Refers to a concept that systematically integrates human-nature interactions and feedbacks within as well as between adjacent and distant systems, and across local to global scales. It consists of three major types: human-nature interactions within a coupled system (intracoupling), between distant coupled systems (telecoupling), and between adjacent coupled systems (pericoupling) (Liu, 2023;;;;;;;;;;;;;;;
micro-habitat_ga1;micro-habitat;;The small-scale physical requirements of a particular organism or population.;Global assessment (1st work programme);;25100;41481.0;;;;;;;;;;;
micro-plastics_ga1;micro-plastics;;Plastic debris that are less than five millimeters in length (NOAA, 2018a).;Global assessment (1st work programme);;25103;41485.0;;;;;;;;;;;
microevolution_ga1;microevolution;;A change in gene frequency within a population. Evolution at this scale can be observed over short periods of time - for example, between one generation and the next, the frequency of a gene for pesticide resistance in a population of crop pests increases. Such a change might come about because natural selection favored the gene, because the population received new immigrants carrying the gene, because some nonresistant genes mutated to the resistant version, or because of random genetic drift from one generation to the next.;Global assessment (1st work programme);;25099;41480.0;;;;;;;;;;;
micronutrients_ga1;micronutrients;;Substances that are only needed in very small amounts but essential to organisms to produce enzymes, hormones and other substances fundamental for proper growth and development (WHO, 2015).;Global assessment (1st work programme);;25101;41482.0;;;;;;;;;;;
microparticles_ga1;microparticles;;Particles with dimensions between 0.1 and 100 micrometers, e.g. pollen, sand, dust (Vert et al., 2012).;Global assessment (1st work programme);;25102;41484.0;;;;;;;;;;;
migration_apa;migration;;Seasonal movement of animals from one region to another for food, breeding, etc.;Asia-Pacific assessment;;25104;41486.0;;;;;;;;;;;
millennium ecosystem assessment_ama;millennium ecosystem assessment;MEA;A major assessment of the human impact on the environment published in 2005.;Americas assessment;;21703;41487.0;;;;;;;;;;;
mindset_tca;mindset;;The basic assumptions, beliefs, core values, goals and expectations shared by a group of people and what they use as rules to guide their attitudes and practices (Fang et al., 2004).;Transformative change assessment;;34066;88130.0;;;;;;;;;;;
mineral resource extraction_ldr;mineral resource extraction;;The removal of a mineral resource in or on the Earth’s crust, which has appropriate form, quality and quantity to allow economic extraction.;Land degradation and restoration assessment;;25105;41489.0;;;;;;;;;;;
mineralization_ldr;mineralization;;Mineralization in soil science is the decomposition or oxidation of the chemical compounds in organic matter releasing the nutrients contained in those compounds into soluble inorganic forms that may be plant-accessible.;Land degradation and restoration assessment;;25106;41490.0;;;;;;;;;;;
minimum tillage_ga1;minimum tillage;;Minimum tillage systems are tillage systems in which the ground is worked very little before the seed is sown, and where crops can be sown almost immediately after the previous crop has been harvested (Rawson &amp;;;;;;;;;;;;;;;
mining_apa;mining;;Mining is the extraction of valuable minerals or other geological materials from the earth usually from an orebody, lode, vein, seam, reef or placer deposits. These deposits form a mineralized package that is of economic interest to the miner.;Asia-Pacific assessment;;25108;41492.0;;;;;;;;;;;
mino-bimaatisiwin_tca;mino-bimaatisiwin;;Translated as living a good life/balanced life, it refers to a basic principle that informs a larger set of principles and protocols in human actions that are manifested not only in offerings, reverence, non-greed and non-waste, but are used to make decisions affecting community landscapes. Mino-bimaatisiwin is embedded within a holistic world view and thus involves living in respectful and reciprocal terms with all of creation at individual and collective levels. It recognizes that reciprocal relations are required not only among people, but with all other 'relatives' as well: animals;;;;;;;;;;;;;;;
mino-mnaamodzawin_tca;mino-mnaamodzawin;;The value of 'respect for the spirit in all things is rooted in indigenous legal orders' (IPBES, 2022b). Origin: Anishinaabek, United States of America.;Transformative change assessment;;34068;88376.0;;;;;;;;;;;
mitigation_eca_ama_apa_afa_ldr_sua;mitigation;;In the context of IPBES, an intervention to reduce negative or unsustainable uses of biodiversity and ecosystems.;Europe and Central Asia assessment, Americas assessment, Asia-Pacific assessment, Africa assessment, Land degradation and restoration assessment, Sustainable use assessment;;21704;16374.0;;;;;;;;;;;
model_eca_ga1_ama_afa_apa_ldr;model;;Qualitative or quantitative representations of key components of a system and of relationships between these components. Benchmarking (of models) is the process of systematically comparing sets of model predictions against measured data in order to evaluate model performance. Validation (of models) typically refers to checking model outputs for consistency with observations. However, since models cannot be validated in the formal sense of the term (i.e. proven to be true), some scientists prefer to use the words benchmarking or evaluation. A dynamic model is a model that describes changes through time of a specific process. A process-based model (also known as mechanistic model) is a model in which relationships are described in terms of explicitly stated processes or mechanisms based on established scientific understanding, and model parameters therefore have clear ecological interpretation, defined beforehand. Hybrid models are models that combine correlative and process-based modelling approaches. A correlative model (also known as statistical model) is a model in which available empirical data are used to estimate values for parameters that do not have predefined ecological meaning, and for which processes are implicit rather than explicit. Integrated assessment models are interdisciplinary models that aim to describe the complex relationships between environmental, social, and economic drivers that determine current and future state of the ecosystem and the effects of global change, in order to derive policy-relevant insights. One of the essential characteristics of integrated assessments is the simultaneous consideration of the multiple dimensions of environmental problems.;Europe and Central Asia assessment, Global assessment (1st work programme), Americas assessment, Africa assessment, Asia-Pacific assessment, Land degradation and restoration assessment;;21705;16375.0;;;;;;;;;;;
models_sua_scm;models;;Qualitative or quantitative representations of key components of a system and of relationships between these components.;Sustainable use assessment;;34069;88133.0;;;;;;;;;;;
modern agroecological management system_ppa;modern agroecological management system;;Any system of agriculture that uses modern technology from conventional (q.v.) to organic (q.v.).;Pollination assessment;;25110;41495.0;;;;;;;;;;;
modernity_tca;modernity;;Notions shaped by coloniality that idealize and promote control-oriented, mechanistic and reductionist ways of reasoning, generating knowledge, organizing structures and political representation and underpin industrial production (Stirling, 2019).;Transformative change assessment;;34070;88134.0;;;;;;;;;;;
modified_apa;modified;;Altered or changed.;Asia-Pacific assessment;;25111;41496.0;;;;;;;;;;;
moisture recycling_ga1;moisture recycling;;The contribution of local evaporation and evapotranspiration to local precipitation (Trenberth &amp;;;;;;;;;;;;;;;
monetary valuation_ppa;monetary valuation;;The amount of value an item or a service has in relation to its acceptable cash price for a willing seller and buyer.;Pollination assessment;;25113;41498.0;;;;;;;;;;;
monitoring_sua_ga1;monitoring;;Monitoring is the repeated observation of a system in order to detect signs of change.;Sustainable use assessment, Global assessment (1st work programme);;21706;16896.0;;;;;;;;;;;
monitoring; evaluation and learning (mel)_tca;monitoring, evaluation and learning;MEL;Monitoring is a systematic process for collecting and reviewing data and information across the life of a project (rather than just at the end). It was designed to track, monitor and evaluate outcomes in a participatory manner that enables learning and capacity development of project participants. MEL systems provide tools and methodologies to: i) assess changes in functional capacities and their effects on agricultural innovation systems, ii) support the adaptation and refinement of capacity strengthening to achieve greater impacts and iii) stimulate continuous learning by using participatory monitoring and evaluation approaches (see Chapter 5).;Transformative change assessment;;34071.0;88377.0;;;;;;;;;;
monoculture_ga1_ama_eca_ldr_apa;monoculture;;The agricultural practice of producing or growing a single crop, plant, or livestock species, variety, or breed in a field or farming system at a time.;Global assessment (1st work programme), Americas assessment, Europe and Central Asia assessment, Land degradation and restoration assessment, Asia-Pacific assessment;;21707;16897.0;;;;;;;;;;;
monophyletic_ga1;monophyletic;;The condition in which a group of taxa share a common ancestry, being the entire set of evolutionary descendants from a common ancestor.;Global assessment (1st work programme);;25114;41501.0;;;;;;;;;;;
moral economy_ldr;moral economy;;A moral economy, initially based on peasants’ sense of belonging and sharing, is an economy that is based on goodness, fairness, and justice. Such an economy is generally only stable in small, closely knit communities, where the principles of mutuality operate.;Land degradation and restoration assessment;;25115;41502.0;;;;;;;;;;;
mosaic landscape_eca;mosaic landscape;;A pattern of landscapes with multiple patches and corridors.;Europe and Central Asia assessment;;25116;41503.0;;;;;;;;;;;
mosaic restoration_ldr;mosaic restoration;;Landscape scale restoration efforts that do not rely on a single restoration mechanism for an entire landscape, or it is a single mechanism, deploying it in a spatially variable manner that creates patches of restored and non-restored landscape units.;Land degradation and restoration assessment;;25117;41504.0;;;;;;;;;;;
mother earth_scm_ga1_apa_sua_tca;mother earth;;An expression used in a number of countries and regions to refer to the planet Earth and the entity that sustains all living things found in nature with which humans have an indivisible, interdependent physical and spiritual relationship.;Scenarios and models assessment;;21708;16376.0;;;;;;;;;;;
motivation_va;motivation;;One’s general willingness to do something. It is the set of psychological forces that compel you to take action. Motivation can be extrinsic - based on changes in external conditions, external rewards. Intrinsic motivation refers to an inherent drive to seek out challenges and new possibilities.;Values assessment;;25118;41506.0;;;;;;;;;;;
motivation crowding_va;motivation crowding;;Providing extrinsic incentives for certain kinds of behaviour - such as promising monetary rewards for accomplishing more of intrinsically/ normatively motivated action - can undermine that motivation for performing the behaviour, diminished motivation to act.;Values assessment;;25119;41507.0;;;;;;;;;;;
multi stakeholder based scenario development_apa;multi stakeholder based scenario development;;See Participatory scenario development.;Asia-Pacific assessment;;25120;41508.0;;;;;;;;;;;
multi-criteria analysis_apa;multi-criteria analysis;;A sub-discipline of operations research that explicitly evaluates multiple conflicting criteria in decision-making.;Asia-Pacific assessment;;25121;41509.0;;;;;;;;;;;
multidisciplinary expert panel_eca_sua_ama;multidisciplinary expert panel;MEP;The IPBES Multidiscplinary Expert Panel is a subsidiary body established by the IPBES Plenary which oversees the scientific and technical functions ofthe Platform, a key role being to select experts to carry out assessments.;Europe and Central Asia assessment, Sustainable use assessment, Americas assessment;;21709;16377.0;;;;;;;;;;;
multifunctional agriculture_ldr;multifunctional agriculture;;The concept was adopted by FAO (1999) to foster an approach integrating landscape, biological connections, and less damageable practices. Multifunctional agriculture is meant to integrate the economic, social and ecological aspects of land management.;Land degradation and restoration assessment;;25123;41512.0;;;;;;;;;;;
multifunctionality_apa;multifunctionality;;The condition of being multifunctional;;;;;;;;;;;;;;;
muti-use system_sua;muti-use system;;Multi-use systems are defined as socio-ecosystems in which occur more than one use or practice (e.g. fishing and logging in mangroves).;Sustainable use assessment;;25125;41514.0;;;;;;;;;;;
mutualism_ga1;mutualism;;Interaction between two species that benefits the two species (Bronstein, 1994).;Global assessment (1st work programme);;25126;41515.0;;;;;;;;;;;
nagoya protocol_ga1_sua;nagoya protocol;;The Nagoya Protocol on Access to Genetic Resources and the Fair and Equitable Sharing of Benefits Arising from their Utilization (ABS) is a supplementary agreement to the 1992 Convention on Biological Diversity. It provides a transparent legal framework for the effective implementation of one of the three objectives of the CBD: the fair and equitable sharing of benefits arising out of the utilization of genetic resources, thereby contributing to the conservation and sustainable use of biodiversity. The Nagoya Protocol aims to create greater legal certainty and transparency for both providers and users of genetic resources by establishing more predictable conditions for access to genetic resources and helping to ensure benefit-sharing when genetic resources leave the country providing the genetic resources. The Nagoya Protocol on ABS was adopted on 29 October 2010 in Nagoya, Japan and entered into force on 12 October 2014.;Global assessment (1st work programme), Sustainable use assessment;;25127;41516.0;;;;;;;;;;;
nanao ñu’u_tca;nanao ñu’u;;To rediscover human-nature bonds and reconnect with values of equity, respect and care with nanao ñu'u (our mother), in the Tu'un Javi language, which recognizes seven types/names for rain (IPBES, 2022b). Origin: Mixtec, Mexico.;Transformative change assessment;;34211;88378.0;;;;;;;;;;;
narrative_tca;narrative;;"Qualitative descriptions of plausible future world evolutions, describing the characteristics, general logic and developments underlying a particular quantitative set of scenarios. Narratives are also referred to in the literature as ""storylines"" (IPCC, n.d.).";Transformative change assessment;;34073;88379.0;;;;;;;;;;;
national_ppa;national;;adj. Pertaining to a nation state or people who define themselves as a nation. A nation can be thought of as a large number of people associated with a particular territory and who are sufficiently conscious of their unity to seek or to possess a government peculiarly its own.;Pollination assessment;;25128;41517.0;;;;;;;;;;;
national biodiversity strategies and action plans_ga1_sua;national biodiversity strategies and action plans;NBSAP;The Convention on Biological Diversity calls on each of its Parties to prepare a National Biodiversity Strategy and Action Plan (Article 6a) that establishes specific activities and targets for achieving the objectives of the Convention. These plans mostly are implemented by a partnership of conservation organizations. Species or habitats which are the subject of NBSAPs are the governments stated priorities for action and therefore raise greater concern where they are threatened. NBSAPs do not carry legal status and listed species and habitat types are not necessarily protected (although some are covered by other legislation) (Hesselink et al., 2007).;Global assessment (1st work programme);;25129;41518.0;;;;;;;;;;;
native forest_ldr;native forest;;Forests that are made up of native tree species, and are either primary (have never been clear-cut) or secondary (regenerating naturally).;Land degradation and restoration assessment;;25130;41520.0;;;;;;;;;;;
native pollinator_ppa;native pollinator;;A pollinator species living in an area where it evolved, or dispersed without human intervention. the study of first principles or the essence of things.;Pollination assessment;;25131;41521.0;;;;;;;;;;;
native species_ama_ga1_eca_afa_apa_ldr_sua;native species;;Indigenous species of animals or plants that naturally occur in a given region or ecosystem.;Americas assessment, Global assessment (1st work programme), Europe and Central Asia assessment, Africa assessment, Asia-Pacific assessment, Land degradation and restoration assessment, Sustainable use assessment;;21710;16378.0;;;;;;;;;;;
natural area_sua;natural area;;Regions that have not been significantly altered by humankind.;Sustainable use assessment;;25132;41522.0;;;;;;;;;;;
natural assets_nxs;natural assets;;Those components of the natural environment that can be used by humans - either directly, indirectly or potentially and are therefore of value to society. Includes natural and semi-natural terrestrial ecosystems and inland and marine waters (Chaplin-Kramer et al., 2022). See also Natural capital.;Nexus assessment;;34074;88137.0;;;;;;;;;;;
natural capital_sua;natural capital;;A concept referring to the stock of renewable and non-renewable natural resources ( plants, animals, air, water, soils, minerals) that combine to yield a flow of benefits to people (UNDP, 2016b). Within the IPBES conceptual framework, it is part of the nature category, representing an economic-utilitarian perspective on nature, specifically those aspects of nature that people use (or anticipate to use) as source of Nature's contributions to people.;Sustainable use assessment;;25133;41523.0;;;;;;;;;;;
natural capital accounts_ldr;natural capital accounts;NCA;Sets of linked accounts that contain information about the type and quantities and, where possible, the value of the stocks of natural assets and the flows of services generated by them. The accounts contain two main components: physical accounts - types, quantities and condition of assets;;;;;;;;;;;;;;;
natural direct drivers_scm;natural direct drivers;;Direct drivers that are not the result of human activities and are beyond human control.;Scenarios and models assessment;;25135;41529.0;;;;;;;;;;;
natural disaster_sua;natural disaster;;The effects of natural hazards, which are natural processes or phenomena occurring in the biosphere that may constitute a damaging event. Natural disasters can be for instance: earthquakes, floods, landslide, volcanic eruption, etc.;Sustainable use assessment;;25136;41530.0;;;;;;;;;;;
natural habitat_ga1;natural habitat;;Areas composed of viable assemblages of plant and/or animal species of largely native origin and/or where human activity had not essentially modified an area's primary ecological functions and species composition (UNEP-WCMC, 2014).;Global assessment (1st work programme);;25137;41531.0;;;;;;;;;;;
natural heritage_ga1_sua;natural heritage;;Natural features, geological and physiographical formations and delineated areas that constitute the habitat of threatened species of animals and plants and natural sites of outstanding universal value from the point of view of science, conservation or natural beauty.;Global assessment (1st work programme);;25138;41533.0;;;;;;;;;;;
natural resources_tca;natural resources;;Refers to metals, minerals, fossil fuels, biomass, water and land. These resources can be tracked as flows through the economy: from extraction, through processing and consumption, to point of reuse or discarding at end-of-life (UNEP, 2017).;Transformative change assessment;;34075;88138.0;;;;;;;;;;;
natural social contracts_tca;natural social contracts;;The collective power of societies, people and nature for dealing with the polycrisis of the 21st century (including inequalities, injustices, distrust, climate and ecological crises) through implicit or explicit collective agreements (at multiple governance levels) among members of a society to cooperate with one another and abide by certain rules or norms targeted at sustainability, equity and justice, while departing from a different worldview (eco-centric or Earth-centric instead of anthropocentric), a different view of humanity (homo ecologicus/florens instead of homo economicus) and different economies and cultures -regenerative instead of linear- (Huntjens et al., 2023).;Transformative change assessment;;34076;88139.0;;;;;;;;;;;
naturalized species_ldr_sua_ppa;naturalized species;;A species that, once it is introduced outside its native distributional range, establishes self-sustaining populations.;Land degradation and restoration assessment, Sustainable use assessment, Pollination assessment;;21711;16379.0;;;;;;;;;;;
nature_ama;nature;;In the context of IPBES, refers to the natural world with an emphasis on its living components. Within the context of western science, it includes categories such as biodiversity, ecosystems (both structure and functioning), evolution, the biosphere, humankind's shared evolutionary heritage, and biocultural diversity. Within the context of other knowledge systems, it includes categories such as Mother Earth and systems of life, and it is often viewed as inextricably linked to humans, not as a separate entity (see Mother Earth).;Americas assessment;;21712;41539.0;;;;;;;;;;;
nature deficit disorder_tca;nature deficit disorder;;Idea that an urbanized lifestyle, including fewer natural spaces, a car-focused culture, more screen time, changes in the perception of risk, less leisure time and increased time pressures from work or school, combine to decrease or even eliminate contact with nature for both adults and children (Warber et al., 2015).;Transformative change assessment;;34077;88141.0;;;;;;;;;;;
nature futures framework_nxs;nature futures framework;NFF;Forms the foundation for developing scenarios of positive futures for nature to help inform assessments of policy options across multiple scales. The NFF places relationships between people and nature at its core. Because people relate to nature in multiple ways, there are a wide variety of desirable nature futures, with different goals and visions which can be synergistic or in conflict with one another (IPBES, 2023a). The NFF is broadly organized across three pluralistic axes: •'Nature for nature' emphasizes intrinsic values of nature, where value is placed on the diversity of species, habitats, ecosystems and processes that form the natural world, and on nature's ability to function autonomously. •'Nature as culture/One with nature' emphasizes relational values of nature, where societies, cultures, traditions and faiths are intertwined with nature in shaping diverse biocultural landscapes. •'Nature for society' emphasizes the utilitarian benefits and instrumental values that nature provides to people and societies, such as through nature's contributions to people). See also Values.;Nexus assessment;;34078;88381.0;;;;;;;;;;;
nature-based recreation_sua;nature-based recreation;;Nature-based recreation may be defined as all forms of leisure that rely on the natural environment (Jacobs &amp;;;;;;;;;;;;;;;
nature-based solutions_ga1_sua;nature-based solutions;;Actions to protect, sustainably manage, and restore natural or modified ecosystems, that address societal challenges effectively and adaptively, simultaneously providing human well-being and biodiversity benefits (Cohen-Shacham et al., 2016).;Global assessment (1st work programme), Sustainable use assessment;;25143;41552.0;;;;;;;;;;;
nature-based tourism_sua;nature-based tourism;;Nature-based tourism is the activities of persons traveling to natural areas outside their usual environment for leisure and other purposes (based on UNWTO, glossary). In the context of this assessment, it may involve extractive practices (i.e. fishing, gathering, terrestrial animal harvesting) or non-extractive practices (i.e. observing.;Sustainable use assessment;;25144;41553.0;;;;;;;;;;;
nature-positive financial flows_nxs;nature-positive financial flows;;Public and private finance that contributes to beneficial activities for biodiversity and nature via different instruments and environmental policy measures (Source: this assessment, Chapter 6). See also Biodiversity finance.;Nexus assessment;;34079;88144.0;;;;;;;;;;;
nature’s contributions to people_ldr;nature's contributions to people;NCP;All the contributions, both positive and negative, of nature (i.e. biodiversity, ecosystems, and their associated ecological and evolutionary processes) to good quality of life of people. Beneficial contributions from nature include such things as food provision, water purification, flood control, and artistic inspiration, whereas detrimental contributions include disease transmission and predation that damages people or their assets. Many NCP may be perceived as benefits or detriments depending on the cultural, temporal or spatial context.;Land degradation and restoration assessment;;25140;41542.0;;;;;;;;;;;
nature’s benefits to people_scm;nature’s benefits to people;;Within the context of the IPBES Conceptual Framework - all the benefits (and occasionally disbenefits or losses) that humanity obtains from nature.;Scenarios and models assessment;;25139;41541.0;;;;;;;;;;;
nature’s non-material benefits_ldr;nature’s non-material benefits;;Benefits from nature that do not take a physical form such as spiritual enrichment, intellectual development, recreation and aesthetic values.;Land degradation and restoration assessment;;25141;41549.0;;;;;;;;;;;
ncp (potential)_ga1;ncp (potential);;The capacity of an ecosystem to provide NCP (see Chapter 2.3).;Global assessment (1st work programme);;25145;41554.0;;;;;;;;;;;
ncp (realized)_ga1;ncp (realized);;The actual flow of NCP that humanity receives. Realized NCP typically depends not only on potential NCP but also anthropogenic assets (e.g. boats and fishing gear, or farm equipment), human labor, and institutions. Institutions can facilitate or prevent.;Global assessment (1st work programme);;25146;41555.0;;;;;;;;;;;
near surface ozone_ldr;near surface ozone;;Ozone near the earth surface formed photochemically during the oxidation of hydrocarbons in the presence of nitrogen oxides.;Land degradation and restoration assessment;;25147;41556.0;;;;;;;;;;;
neo-endemic taxa_ga1;neo-endemic taxa;;Recently diverged taxa that are endemic because of lack of dispersal/migration out of their ancestral area, as opposed to paleo-endemic taxa that were perhaps more widespread in the past and are now restricted to a local region (Mishler et al., 2014).;Global assessment (1st work programme);;25148;41557.0;;;;;;;;;;;
neoliberalism_nxs;neoliberalism;;A political philosophy based on minimal government, free trade and market-led solutions for addressing societal concerns, including biodiversity and climate change. It champions the de-regulation and privatization of natural resources and ecosystems that are state-owned or deemed unowned or common property, including biodiversity and water, in particular, among nexus elements (Holmes &amp;;;;;;;;;;;;;;;
nested (in plant-pollinator networks (q.v.))_ppa;nested (in plant-pollinator networks (q.v.));;The degree to which species (plants or pollinators) with few interaction links share a sub-set of the links of other species, rather than having a different set of links. In highly nested networks, groups of species that share more or less similar activities contain both generalist species (q.v.) (i. e., with many links) and specialist species (q.v.) (i. e., with few links, but shared with the generalists). In mutualistic networks, such as pollination, nestedness is often asymmetrical (q.v.), with specialists of one group (plants or pollinators) linked to the generalists of the partner group (pollinators or plants).;Pollination assessment;;25149;41558.0;;;;;;;;;;;
net biome production_ldr;net biome production;NBP;The amount of carbon accumulating or lost in ecosystems at the regional scale is the Net Biome Production (NBP), defined as the NEP corrected for lateral transfers of carbon to adjacent biomes, due to process such as trade in agricultural products, export of organic matter in rivers and losses due to disturbances, including land clearing and wildfire.;Land degradation and restoration assessment;;25150;41559.0;;;;;;;;;;;
net ecosystem production_ldr;net ecosystem production;NEP;The amount of NPP left in the ecosystem after the additional respiration by microbes and animals is the Net Ecosystem Production (NEP).;Land degradation and restoration assessment;;25151;41560.0;;;;;;;;;;;
net positive impact_ldr;net positive impact;NPI;A net gain to biodiversity features measured in quality hectares (for habitats), number or percentage of individuals (for species), or other metrics appropriate to the feature.;Land degradation and restoration assessment;;25152;41561.0;;;;;;;;;;;
net present value_apa;net present value;;The value in the present of a sum of money, in contrast to some future value it will have when it has been invested at compound interest.;Asia-Pacific assessment;;25153;41562.0;;;;;;;;;;;
net primary production_ga1;net primary production;NPP;The difference between how much CO2 vegetation takes in during photosynthesis (gross primary production) minus how much CO2 the plants release during respiration (NASA Earth Observatory, 2018). It corresponds to the increase in plant biomass or carbon of a unit of a landscape (IPCC, 2001).;Global assessment (1st work programme);;25154;41563.0;;;;;;;;;;;
network governance_ama;network governance;;A network is an informal arrangement where two or more autonomous individuals and/or organizations come together to exchange ideas, build relationships, identify common interests, explore options on how to work together, share power, and solve problems of mutual interest. Network governance commonly emerges when people realize that they cannot solve a particular problem or issue by working independently and that the only way to achieve their interests is by actively collaborating. Network governance varies in terms of objectives, spatial scales, leadership, representation, organization, and complexity. It is designed to supplement, not replace, other forms of natural resource governance.;Americas assessment;;25155;41565.0;;;;;;;;;;;
nexus_ga1_sua;nexus;;A perspective which emphasizes the inter-relatedness and interdependencies of ecosystem components and human uses, and their dynamics and fluxes across spatial scales and between compartments. Instead of just looking at individual components, the functioning, productivity and management of a complex system is taken into consideration. In such complex systems there are trade-offs as well as facilitation and amplification between the different components. A nexus approach can help address synergies and trade-offs among multiple sectors and among various Sustainable Development Goals and biodiversity targets simultaneously.;Global assessment (1st work programme);;25156;41566.0;;;;;;;;;;;
nexus approach_nxs;nexus approach;;In the scope of this assessment, defined as holistic understanding of the interlinkages and interdependencies between sectors and systems to develop integrated and adaptive decisions that aim to maximize synergies and minimize trade-offs (Source: this assessment, Chapter 1).;Nexus assessment;;34085;88147.0;;;;;;;;;;;
nexus challenges_nxs;nexus challenges;;Key challenges that to date have limited uptake of the nexus approach in policy and practice: (i) navigating social-ecological complexity;;;;;;;;;;;;;;;
nexus element_nxs;nexus element;;An individual entity, component or sector of the nexus for which a change in state may impact the status of other nexus elements given element interlinkages and interdependencies. In the scope of this assessment the nexus elements are biodiversity, water, food, health and climate change (Source: this assessment, Chapter 1).;Nexus assessment;;34087;88149.0;;;;;;;;;;;
nexus governance_nxs;nexus governance;;See Governance (nexus governance).;Nexus assessment;;34088;88150.0;;;;;;;;;;;
nexus scenario archetype_nxs;nexus scenario archetype;;See Scenario archetype (nexus).;Nexus assessment;;34089;88151.0;;;;;;;;;;;
niche (ecological)_ga1_sua;niche (ecological);;A species’ position within an ecosystem. This definition includes both the abiotic and biotic conditions necessary for the species to be able to persist (e.g. temperature range, food sources) and its ecological role, function or job (Polechová &amp;;;;;;;;;;;;;;;
niche model_ga1;niche model;;Also known as species distribution models, niche models predict the spatial distribution of a species as a function of environmental variables. They are often used to project the future distributions of species in response to climate change.;Global assessment (1st work programme);;25158;41570.0;;;;;;;;;;;
night light development index_ldr;night light development index;NLDI;A spatially explicit and globally available empirical measurement of human development derived solely from night-time satellite imagery and population density.;Land degradation and restoration assessment;;25159;41571.0;;;;;;;;;;;
nitrogen deposition_sua;nitrogen deposition;;The nitrogen transferred from the atmosphere to the Earth’s surface by the processes of wet deposition and dry deposition.;Sustainable use assessment;;25160;41572.0;;;;;;;;;;;
nitrogen-fixing species_ga1;nitrogen-fixing species;;Plants, such as legumes, living in symbiosis with micro-organisms in their roots that can perform biological nitrogen fixation, i.e. convert atmospheric nitrogen (N2) to ammonia (NH3). Plants can then assimilate NH3 to produce biomolecules.;Global assessment (1st work programme);;25161;41574.0;;;;;;;;;;;
non-anthropocentric_eca_apa;non-anthropocentric;;A non-anthropocentric value is a value centered on something other than human beings. These values can be non-instrumental (e.g. a value ascribed to the existence of specific species for their own sake) or instrumental to non-human ends (e.g. the instrumental value a habitat has for the existence of a specific species).;Europe and Central Asia assessment, Asia-Pacific assessment;;25162;41576.0;;;;;;;;;;;
non-anthropocentric value_apa_afa_ama;non-anthropocentric value;;A non- anthropocentric value is a value centered on something other than human beings. These values can be non-instrumental or instrumental to non-human ends.;Asia-Pacific assessment, Africa assessment, Americas assessment;;21714;41577.0;;;;;;;;;;;
non-anthropogenic_ldr;non-anthropogenic;;A non-anthropocentric value is a value centred on something other than human beings. These values can be non- instrumental (e.g. a value ascribed to the existence of specific species for their own sake) or instrumental to non-human ends (e.g. the instrumental value a habitat has for the existence of a specific species).;Land degradation and restoration assessment;;25163;41579.0;;;;;;;;;;;
non-extractive practices_sua;non-extractive practices;;Non-extractive practices are defined as practices based on the observation of wild species in a way that does not involve the harvest or removal of any part of the organism. The observation can imply some interaction with the wild species, such as the activities of wildlife and whale watching or no interaction with the wild species, such as remote photography.;Sustainable use assessment;;25164;41580.0;;;;;;;;;;;
non-human entities_tca;non-human entities;;Elements of the natural world that are not human but are recognized as having intrinsic value, agency, or rights. These entities include animals, plants, ecosystems and other elements of nature. The concept challenges the anthropocentric view that places humans at the centre of moral consideration and instead promotes a more inclusive perspective that acknowledges the intrinsic worth of non-human elements of the environment (Alves et al., 2023;;;;;;;;;;;;;;;
non-indigenous species_apa_sua_ldr_ama_eca;non-indigenous species;;See invasive alien species.;Asia-Pacific assessment, Sustainable use assessment, Land degradation and restoration assessment, Americas assessment, Europe and Central Asia assessment;;25165;16383.0;;;;;;;;;;;
non-instrumental value_scm_ga1_afa_ama_eca_ldr_apa;non-instrumental value;;The value attributed to something as an end in itself, regardless of its utility for other ends.;Scenarios and models assessment, Global assessment (1st work programme), Africa assessment, Americas assessment, Europe and Central Asia assessment, Land degradation and restoration assessment, Asia-Pacific assessment;;21716;41581.0;;;;;;;;;;;
non-lethal harvest_sua;non-lethal harvest;;Non-lethal harvest is defined as the temporary or permanent capture of live animals from their habitat without mortality, such as for the aquarium trade, pet trade or zoos, tag and release activities. Non-lethal harvest of animals also includes the parts or products of animals that do not lead to the mortality of the host, such as vicuna fiber, swift nests or wild honey.;Sustainable use assessment;;25166;41582.0;;;;;;;;;;;
non-linear_apa;non-linear;;Not arranged in a straight line, not sequential or straightforward.;Asia-Pacific assessment;;25167;41583.0;;;;;;;;;;;
non-monetary valuation_ppa;non-monetary valuation;;The value attributable to an item or a service without relation to any acceptable cash price and for which a fixed or determinable amount of currency is absent (e.g. many ecosystem services, interpersonal good-will, health, etc.).;Pollination assessment;;25168;41584.0;;;;;;;;;;;
non-timber forest product_apa;non-timber forest product;NTFP;Non-timber forest products (NTFPs) are useful substances, materials and/or commodities obtained from forests which do not require harvesting (logging) trees. They include game animals, fur-bearers, nuts, seeds, berries, mushrooms, oils, foliage, pollarding, medicinal plants, peat, mast, fuelwood, fish, spices and forage.;Asia-Pacific assessment;;25169;41585.0;;;;;;;;;;;
non-timber resource_ldr;non-timber resource;;A multitude of natural products (excluding timber) selectively harvested from the terrestrial environment for subsistence and commercial purposes.;Land degradation and restoration assessment;;25170;41587.0;;;;;;;;;;;
normative principles_tca;normative principles;;Sentences or statements that makes claims regarding what ought to be done, categorically or hypothetically (Henderson, 2002).;Transformative change assessment;;34091;88155.0;;;;;;;;;;;
normative scenarios_scm;normative scenarios;;see target- seeking scenarios.;Scenarios and models assessment;;25171;41588.0;;;;;;;;;;;
norms_va;norms;;Norms are rules about what is accepted behaviour. They are supporting underlying values as defined by a society. They are therefore ‘ought to’ statements defining what one may or may not do. Examples are rules about care for nature and what is just treatment of others.;Values assessment;;25172;41589.0;;;;;;;;;;;
nox_ga1;nox;;A generic term for the nitrogen oxides most relevant for air pollution (NO and NO2) (Omidvarborna et al., 2015).;Global assessment (1st work programme);;25173;41590.0;;;;;;;;;;;
nutrient availability_ga1;nutrient availability;;Nutrients that can be extracted by plant roots, generally from the soil (Silver, 1994).;Global assessment (1st work programme);;25174;41591.0;;;;;;;;;;;
nutrient cycle_ama;nutrient cycle;;A repeated pathway of a particular nutrient or element from the environment through one or more organisms and back to the environment. Examples include the carbon cycle, the nitrogen cycle and the phosphorus cycle.;Americas assessment;;25175;41592.0;;;;;;;;;;;
nutrient cycling_sua_ga1;nutrient cycling;;The processes by which elements are extracted from their mineral, aquatic, or atmospheric sources or recycled from their organic forms, converting them to the ionic form in which biotic uptake occurs and ultimately returning them to the atmosphere, water, or soil.;Sustainable use assessment, Global assessment (1st work programme);;25176;41593.0;;;;;;;;;;;
observing_sua;observing;;Observing is defined as a non-extractive practice that is based on the observation of wild species. The observation can imply some interaction with the wild species, such as the activities of wildlife tourism and whale watching or no interaction with the wild species, such as photography.;Sustainable use assessment;;25177;41594.0;;;;;;;;;;;
ocean acidification_ama_ga1_eca;ocean acidification;;See acidification.;Americas assessment, Global assessment (1st work programme), Europe and Central Asia assessment;;21717;16898.0;;;;;;;;;;;
oceanic gyre_ga1;oceanic gyre;;Large system of rotating ocean currents. There are five major gyres: the North and South Pacific Subtropical Gyres, the North and South Atlantic Subtropical Gyres, and the Indian Ocean Subtropical Gyre (NOAA, 2018c).;Global assessment (1st work programme);;25178;41595.0;;;;;;;;;;;
oceanic oxygen minimum zones_ga1;oceanic oxygen minimum zones;OMZ;Oxygen-deficient layers in the ocean water column. OMZs correspond to subsurface oceanic zones reaching ultra-low values of O2 concentration (Paulmier &amp;;;;;;;;;;;;;;;
official development assistance_nxs;official development assistance;ODA;Resource flows to developing countries (on the Development Assistance Committee (DAC) list of ODA recipients) and to multilateral agencies which are: (a) undertaken by the official sector;;;;;;;;;;;;;;;
official development finance_nxs;official development finance;;A broad measure of developing countries' official receipts for developmental purposes and is defined as the sum of bilateral official development assistance flows, bilateral other official flows (OOF) except OOF grants and loans for commercial purposes, and all grants and loans by multilateral development institutions, irrespective of the grant element of the loans (OECD, 2020).;Nexus assessment;;34093;88384.0;;;;;;;;;;;
offshore wind farms_nxs;offshore wind farms;OWF;Consist of an array of turbines, underwater anchors and cables, electrical substations and other infrastructures on land. Most current OWFs employ fixed-foundation turbines that are anchored at the seabed. Floating turbines do not require pilots and can be placed in deeper waters. While they still require anchoring at certain places, the activity on the seabed during the installation phase is reduced (H. Díaz &amp;;;;;;;;;;;;;;;
oil spill_apa;oil spill;;An oil spill is the release of a liquid petroleum hydrocarbon into the environment, especially the marine ecosystem, due to human activity, and is a form of pollution.;Asia-Pacific assessment;;25180;41597.0;;;;;;;;;;;
old-growth forest_ga1;old-growth forest;;From an ecological point of view, old-growth forests are a stage of forest development characterized by large/old trees and structural complexity including live and dead trees, and vertical and horizontal heterogeneity (including a multi-layered canopy). The structural diversity of old growth forests often supports distinctive/specialist biodiversity;;;;;;;;;;;;;;;
oligotrophic_ga1;oligotrophic;;Nutrient-poor environment (IUCN, 2012a).;Global assessment (1st work programme);;25182;41599.0;;;;;;;;;;;
one biosecurity_ias;one biosecurity;;interdisciplinary approach to biosecurity policy and research that builds on the interconnections between human, animal, plant, and environmental health to effectively prevent and mitigate the impacts of invasive alien species. It provides an integrated perspective to address the many biosecurity risks that transcend the traditional boundaries of health, agriculture, and the environment. Individual invasive alien plant and animal species often have multiple impacts across sectors: as hosts of zoonotic parasites, vectors of pathogens, pests of agriculture or forestry, as well as threats to biodiversity and ecosystem function;Invasive alien species assessment;;28671;69604.0;;;;;;;;;;;
one health_apa;one health;;The One Health Initiative is a movement to forge co-equal, all inclusive collaborations between physicians, osteopathic physicians, veterinarians, dentists, nurses and other scientific-health and environmentally related disciplines.;Asia-Pacific assessment;;25183;41601.0;;;;;;;;;;;
ontology_ga1;ontology;;The philosophical study of the nature of being, becoming, existence, or reality, as well as the basic categories of being and their relations.;Global assessment (1st work programme);;25184;41602.0;;;;;;;;;;;
open ocean pelagic systems_ga1;open ocean pelagic systems;OOPS;Marine ecosystems in the light-flooded (euphotic) zone.;Global assessment (1st work programme);;25185;41604.0;;;;;;;;;;;
opportunity cost_ldr;opportunity cost;;The added cost of using resources (as for production or speculative investment) that is the difference between the actual value resulting from such use and that of an alternative (such as another use of the same resources or an investment of equal risk but greater return).;Land degradation and restoration assessment;;25186;41605.0;;;;;;;;;;;
option value_scm;option value;;The potential ability to use some of nature’s benefits in the future, although they are not currently used, or the likelihood for their future use is low. It represents the willingness to preserve an option for the future enjoyment of nature’s benefits.;Scenarios and models assessment;;25187;41607.0;;;;;;;;;;;
organic agriculture_ldr_ga1_ppa;organic agriculture;;Any system that emphasizes the use of techniques such as crop rotation, compost or manure application, and biological pest control in preference to synthetic inputs. Most certified organic farming schemes prohibit all genetically modified organisms and almost all synthetic inputs. Its origins are in a holistic management system that avoids off-farm inputs, but some organic agriculture now uses relatively high levels of off-farm inputs.;Land degradation and restoration assessment, Global assessment (1st work programme), Pollination assessment;;21718;41608.0;;;;;;;;;;;
organic farming_ppa;organic farming;;Crop and livestock production using natural sources of nutrients (such as compost, crop residues, and manure) and natural methods of crop and weed control, instead of using synthetic or inorganic agrochemicals. Genetically modified organisms are not usually part of organic agriculture. It is also sometimes called low- input farming, but may involve high inputs of labour and be intensive in its practice.;Pollination assessment;;25188;41609.0;;;;;;;;;;;
other effective area-based conservation measures_ga1;other effective area-based conservation measures;OECM;A geographically defined area other than a protected area, which is governed and managed in ways that achieve positive and sustained long- term outcomes for the in situ conservation of biodiversity (CBD, 2018a).;Global assessment (1st work programme);;25189;41610.0;;;;;;;;;;;
other official flows_nxs;other official flows;;Transactions by the official sector with countries on the Development Assistance Committee (DAC) list of official development assistance (ODA) recipients which do not meet the conditions for eligibility as ODA, either because they are not primarily aimed at development, or because they have a grant element of less than 25% (OECD, 2020).;Nexus assessment;;34096;88162.0;;;;;;;;;;;
overexploitation_afa_eca_ama_ga1;overexploitation;;Harvesting species from the wild at rates faster than natural populations can recover. Includes overfishing, and overgrazing.;Africa assessment, Europe and Central Asia assessment, Americas assessment, Global assessment (1st work programme);;21719;41611.0;;;;;;;;;;;
overgrazing_apa_sua;overgrazing;;Overgrazing occurs when plants are exposed to intensive grazing for extended periods of time, or without sufficient recovery periods. It can be caused by either livestock in poorly managed agricultural applications, game reserves, or nature reserves. It can also be caused by immobile, travel restricted populations of native or non-native wild animals.;Asia-Pacific assessment, Sustainable use assessment;;25190;41612.0;;;;;;;;;;;
overstocking_ldr;overstocking;;Placing a number of animals on a given area that will result in overuse if continued to the end of the planned grazing period.;Land degradation and restoration assessment;;25191;41614.0;;;;;;;;;;;
paired catchment_ga1;paired catchment;;Paired catchment studies have been widely used to assess the likely impact of land use change on water yield around the world. Such studies involve the use of two catchments (drainage basins) with similar characteristics in terms of slope, aspect, soils, area, precipitation and vegetation located adjacent to each other. Following a calibration period, where both catchments are monitored, one of the catchments is subjected to treatment and the other remains as a control. This allows the climatic variability to be accounted for in the analysis. The change in water yield can then be attributed to changes in vegetation. The paired catchment studies reported in the literature can be divided into four broad categories: (i) afforestation experiments;;;;;;;;;;;;;;;
paleological data_ldr;paleological data;;Information on environment event and trends (e.g. paleoclimate).;Land degradation and restoration assessment;;25193;41616.0;;;;;;;;;;;
palma ratio_ga1;palma ratio;;The share of all income received by the 10% people with highest disposable income divided by the share of all income received by the 40% people with the lowest disposable income (OECD, 2018b).;Global assessment (1st work programme);;25194;41617.0;;;;;;;;;;;
paradigms_tca;paradigms;;Dominant thought patterns based on a deep set of beliefs and shared social agreements about the nature of reality and how the world works (Meadows, 1999).;Transformative change assessment;;34097;88163.0;;;;;;;;;;;
parasite_ppa;parasite;;An organism that lives on or within another organism of a different species (the host) from which it obtains nourishment and to which it causes harm.;Pollination assessment;;25195;41618.0;;;;;;;;;;;
paris agreement_apa;paris agreement;;Agreement within the United Nations Framework Convention on Climate Change (UNFCCC) dealing with greenhouse gas emissions mitigation, adaptation and finance starting in the year 2020.;Asia-Pacific assessment;;25196;41619.0;;;;;;;;;;;
participatory governance_ama_sua_apa_ldr;participatory governance;;A variant or subset of governance which puts emphasis on democratic engagement, in particular through deliberative practices.;Americas assessment, Sustainable use assessment, Asia-Pacific assessment, Land degradation and restoration assessment;;21720;16387.0;;;;;;;;;;;
participatory mapping_eca;participatory mapping;;A key method that many indigenous communities apply in order to collect data, information and monitoring and to use it in science- policy- society interface processes.;Europe and Central Asia assessment;;25197;41620.0;;;;;;;;;;;
participatory method_ga1_sua;participatory method;;Participatory research methods are a variety of qualitative and quantitative methods geared towards planning and conducting the research process with those people whose life-world and meaningful actions are under study (Bergold &amp;;;;;;;;;;;;;;;
participatory process_ga1;participatory process;;Specific methods employed to achieve active participation by all members of a group in a decision-making process (Chatty et al., 2003).;Global assessment (1st work programme);;25199;41623.0;;;;;;;;;;;
participatory scenario development (and planning)_apa;participatory scenario development (and planning);;Approaches characterised by more interactive, and inclusive, involvement of stakeholders in the formulation and evaluation of scenarios. Aimed at improving the transparency and relevance of decision-making, by incorporating demands and information of each stakeholder, and negotiating outcomes between stakeholders.;Asia-Pacific assessment;;21721;41625.0;;;;;;;;;;;
particulate and gaseous pollutant_eca;particulate and gaseous pollutant;;Air pollutants such as ozone, nitrogen oxides and ammonia.;Europe and Central Asia assessment;;25200;41627.0;;;;;;;;;;;
particulate matter_ga1;particulate matter;PM;A mixture of solid particles and liquid droplets (dust, dirt, soot, or smoke) (US Environmental Protection Agency, 2018b).;Global assessment (1st work programme);;21722;41628.0;;;;;;;;;;;
particulate organic carbon_ga1;particulate organic carbon;POC;The carbon content of particulate organic matter (Fiedler et al., 2008).;Global assessment (1st work programme);;25201;41631.0;;;;;;;;;;;
particulate organic matter_ga1;particulate organic matter;;The large fraction (usually more than 7 micrometers) of soil organic matter (Fiedler et al., 2008).;Global assessment (1st work programme);;25202;41632.0;;;;;;;;;;;
passive restoration_ldr;passive restoration;;See restoration.;Land degradation and restoration assessment;;25203;41633.0;;;;;;;;;;;
pastoralism_eca;pastoralism;;Extensive livestock production in rangelands.;Europe and Central Asia assessment;;25204;41634.0;;;;;;;;;;;
path dependency_tca;path dependency;;Technologies and economic systems heavily determined by historical events, or the timing and sequence of political junctures that shape institutional decisions which are then too costly to reverse (Goldstein et al., 2023).;Transformative change assessment;;34098;88165.0;;;;;;;;;;;
pathway management_ias;pathway management;;any action taken (single or via systems approach) towards a particular anthropogenic invasive alien species arrival pathway (e.g., trade) to prevent or address the threats and risks of an invasive alien species arriving and establishing via that pathway either between or within jurisdictions;Invasive alien species assessment;;28672;69606.0;;;;;;;;;;;
pathways_sua_ga1;pathways;;In the context of the IPBES global assessment, trajectories toward the achievement of goals and targets for biodiversity conservation and management of nature and nature’s contributions to people.;Sustainable use assessment, Global assessment (1st work programme);;25205;41635.0;;;;;;;;;;;
patriarchy_tca;patriarchy;;A system of relationships, beliefs and values embedded in political, social and economic systems that structure gender inequality between men and women (Nash, 2009).;Transformative change assessment;;34099;88168.0;;;;;;;;;;;
patrimonial species_ga1;patrimonial species;;A rare or threatened species which needs local management and which may be a flagship species and may have cultural importance (Pervanchon, 2004).;Global assessment (1st work programme);;25206;41638.0;;;;;;;;;;;
payment for ecosystem services_sua;payment for ecosystem services;PES;Payments for Ecosystem Services (PES) are a specific class of approach, used to facilitate voluntary transaction between a provider and a user of a service, conditioned on natural resource management rules for dealing with environmental externalities. PES is created to deal with market failures, environmental externalities, property rights problems and asymmetric information between economic actors.;Sustainable use assessment;;25207;41639.0;;;;;;;;;;;
peatland_apa_ama_ga1_sua_ldr_ga1_eca;peatland;;Wetlands which accumulate organic plant matter in situ because waterlogging prevents aerobic decomposition and the much slower rate of the resulting anaerobic decay is exceeded by the rate of accumulation.;Asia-Pacific assessment, Americas assessment, Global assessment (1st work programme), Sustainable use assessment, Land degradation and restoration assessment, Global assessment (1st work programme), Europe and Central Asia assessment;;25208;16389.0;;;;;;;;;;;
pedosphere_ldr;pedosphere;;A part of the Earth’s surface that contains the soil layer.;Land degradation and restoration assessment;;25209;41643.0;;;;;;;;;;;
pelagic_ga1_apa_eca_ama;pelagic;;Organisms that live in the water column.;Global assessment (1st work programme), Asia-Pacific assessment, Europe and Central Asia assessment, Americas assessment;;21724;16390.0;;;;;;;;;;;
people and plants initiative_ga1;people and plants initiative;;A collaboration initiated in 1992 between the World-Wide Fund for Nature (WWF), UNESCO-MAB and the Royal Botanic Gardens Kew on the promotion of ethnobotany and the equitable and sustainable use of plant resources.;Global assessment (1st work programme);;25210;41644.0;;;;;;;;;;;
perceptions_ldr;perceptions;;The first stage of the human cognitive process. Perceptions are not neutral as they pass through rational and emotional filters which assess and interpret the relevancy of what people see. These filters are conditioned by individual experience, education, and by collective worldviews. See also Reality;;;;;;;;;;;;;;;
perennial_ama_eca;perennial;;See annual.;Americas assessment, Europe and Central Asia assessment;;21725;16391.0;;;;;;;;;;;
permaculture_ldr;permaculture;;See Conservation agriculture.;Land degradation and restoration assessment;;25212;41646.0;;;;;;;;;;;
permafrost_ama_ga1_eca;permafrost;;Perennially frozen ground that occurs wherever the temperature remains below 0°C for several years.;Americas assessment, Global assessment (1st work programme), Europe and Central Asia assessment;;21726;16392.0;;;;;;;;;;;
permeability_ldr;permeability;;The porosity of soils to allow water to pass through it.;Land degradation and restoration assessment;;25213;41648.0;;;;;;;;;;;
persistent organic pollutant_apa;persistent organic pollutant;POP;Organic compounds that are resistant to environmental degradation through chemical, biological, and photolytic processes. Because of their persistence, persistent organic pollutants bioaccumulate with potential adverse impacts on human health and the environment.;Asia-Pacific assessment;;25214;41649.0;;;;;;;;;;;
pest_ppa;pest;;An animal, plant, fungus, or other organism that thrives in places where it is not wanted by people, e.g. in fields, with livestock, in forests, gardens, etc.;Pollination assessment;;25215;41653.0;;;;;;;;;;;
pesticide_ppa;pesticide;;A substance that kills pests (q.v.). Pesticides may be synthetic chemicals, natural chemicals, or biological agents.;Pollination assessment;;25216;41654.0;;;;;;;;;;;
phenological shifts_ga1;phenological shifts;;Changes in species phenology, mostly as a result of climate change (Scranton &amp;;;;;;;;;;;;;;;
phenology_sua;phenology;;The study of the relationship between climate and the timing of periodic natural phenomena such as migration of birds, bud bursting, or flowering of plants.;Sustainable use assessment;;25218;41657.0;;;;;;;;;;;
phenotype_ga1;phenotype;;The characteristics of an individual resulting from interaction between its genotype (genetic constitution) and its environment (IUCN, 2012a). These characteristics often include behavior, physiology (e.g. oxygen consumption, heart rate), life history (e.;Global assessment (1st work programme);;25219;41660.0;;;;;;;;;;;
phenotypic attributes (biodiversity)_ga1;phenotypic attributes (biodiversity);;A distinct variant of a phenotypic characteristic of an organism;;;;;;;;;;;;;;;
phenotypic plasticity_ldr_ga1;phenotypic plasticity;;An ability to alter growth form to suit current conditions without genetic change.;Land degradation and restoration assessment, Global assessment (1st work programme);;25221;41664.0;;;;;;;;;;;
phylogenetic diversity_sua;phylogenetic diversity;;Although species richness is a commonly used measure of biodiversity, it fails to capture the reality that species without close relatives contribute more uniqueness than do species with many close relatives. Phylogenetic diversity is used as a general term for a range of measures that consider the total length of all the branches linking a set of species on their phylogeny (“evolutionary tree”) and so reflect species’ evolutionary uniqueness. One of the first such measures is simply the sum of the branch lengths.;Sustainable use assessment;;25222;41666.0;;;;;;;;;;;
phylogenetic endemism_ama;phylogenetic endemism;;Is a measure of spatial restriction of phylogenetic diversity. In other words, PE is a relative measure of endemism that represents the degree to which lineages or branches of the tree of life (calculated in my) are restricted spatially.;Americas assessment;;25223;41669.0;;;;;;;;;;;
phylum_ga1;phylum;;A major taxonomic grouping of animals linked by having a similar general body plan and thought to be a clade. In plants the similar category is called a division (Lawrence, 2005).;Global assessment (1st work programme);;25224;41670.0;;;;;;;;;;;
phytophilia_eca;phytophilia;;The positive effect of green vegetation in landscapes on human beings.;Europe and Central Asia assessment;;25225;41671.0;;;;;;;;;;;
phytoplankton_apa;phytoplankton;;The autotrophic components of the plankton community and a key part of oceans, seas and freshwater basin ecosystems.;Asia-Pacific assessment;;25226;41672.0;;;;;;;;;;;
planetary boundary_nxs;planetary boundary;;"Human-determined values of some variable set at a ""safe"" distance from a dangerous level (for processes without known thresholds at the continental to global scales) or from its global threshold. A planetary boundary may not be equivalent to a global threshold or tipping point (Steffen et al., 2015).";Nexus assessment;;25227;88387.0;;;;;;;;;;;
planetary health_nxs;planetary health;;Achievement of the highest attainable standard of health, well-being and equity worldwide through judicious attention to the human systems (political, economic and social) that shape the future of humanity and the Earth's natural systems that define the safe environmental limits within which humanity can flourish. Put simply, planetary health is the health of human civilization and the state of the natural systems on which it depends (Whitmee et al., 2015).;Nexus assessment;;34100;88388.0;;;;;;;;;;;
plankton_sua;plankton;;Aquatic organisms that drift or swim weakly. Phytoplankton are the plant forms of plankton (e.g., diatoms), and are the dominant plants in the sea. Zooplankton are the animal forms of plankton. Picoplankton are all forms of plankton which size is comprised between 0.2 and 2 micrometers (mostly bacteria).;Sustainable use assessment;;21727;16393.0;;;;;;;;;;;
planned obsolescence_tca;planned obsolescence;;A business strategy to ensure that a technology or product becomes outdated and/or unusable after a predetermined period (Kramer, 2012).;Transformative change assessment;;34101;88173.0;;;;;;;;;;;
planning and zoning_ldr;planning and zoning;;Zoning is a planning control tool for regulating the built environment and creating functional real estate markets.;Land degradation and restoration assessment;;25228;41676.0;;;;;;;;;;;
plant breeding system_ppa;plant breeding system;;Attributes of the flowers within an individual that may influence gamete transfer among conspecifics.;Pollination assessment;;25229;41677.0;;;;;;;;;;;
plant mating system_ppa;plant mating system;;The mating system provides a description of the distribution of mating unions in a population. The main mating systems in plants are outcrossing (cross-fertilisation), autogamy (self-fertilisation) and apomixis (asexual reproduction without fertilization). Mixed mating systems, where plants use two or three mating systems, are not uncommon.;Pollination assessment;;25230;41678.0;;;;;;;;;;;
plant-pollinator network_ppa;plant-pollinator network;;A group of local plant and pollinator species and the links among them, which establish who interacts with whom (i.e. qualitative network). A network can also include a measure of the strength of each individual interaction link (i.e. quantitative network.;Pollination assessment;;25232;41680.0;;;;;;;;;;;
plantation forest_ldr;plantation forest;;Forests where trees have been deliberately planted (i.e. have not regenerated naturally) and are typically grown for the production of wood or fibre, in some cases they may replace grasslands or other non-forest vegetation types. They are often of exotic tree species.;Land degradation and restoration assessment;;25231;41679.0;;;;;;;;;;;
plausible futures_nxs;plausible futures;;In the scope of this assessment, defined as a realistic pathway towards a future configuration of the nexus in the context of a scenario (Source: this assessment, Chapter 3). See also Pathways and Scenarios.;Nexus assessment;;34102;88174.0;;;;;;;;;;;
plenary_sua_eca_ama_scm_ldr_apa;plenary;;Within the context of IPBES - the decision-making body comprising all of the members of IPBES.;Sustainable use assessment, Europe and Central Asia assessment, Americas assessment, Scenarios and models assessment, Land degradation and restoration assessment, Asia-Pacific assessment;;21728;16394.0;;;;;;;;;;;
pluralism_tca;pluralism;;The existence or inclusion of a diverse range of views, paradigms, knowledge systems and practices, perspectives, interpretations, or disciplines. Pluralist processes are based on a commitment to be inclusive of this plurality in ways that recognize and respect difference and that remain open to ongoing contestation, renegotiation and change (Pascual et al., 2021).;Transformative change assessment;;34103;88175.0;;;;;;;;;;;
plurality_tca;plurality;;The existence or inclusion of a diverse range of perspectives, practices, interpretations, or disciplines. It suggests that there are multiple viewpoints, approaches and understandings within a given context. It recognizes that different languages, research traditions and cultural contexts may contribute to a rich and varied understanding of the subject matter, while also acknowledging the potential challenges of navigating and translating these diverse perspectives. It is used to highlight the importance of incorporating a variety of perspectives and disciplines in order to recognize and honour this diversity through the development of context specific forms of engagement, that include diverse actors, visions and worldviews and remain open to ongoing contestation, renegotiation and change. Plurality therefore includes within it a commitment to ongoing renegotiation of power (Pascual et al., 2021).;Transformative change assessment;;34104;88176.0;;;;;;;;;;;
pluriverse_nxs;pluriverse;;A call to recognize a diversity of worldviews and conceptualizations of planetary well-being, as opposed to unitary approaches (Demaria &amp;;;;;;;;;;;;;;;
poaching_ga1;poaching;;Animal killing or trapping without the approval of the people who controls or own the land (Survival, 2018).;Global assessment (1st work programme);;25233;41681.0;;;;;;;;;;;
point source_ama;point source;;Any single identifiable source of pollution from which pollutants are discharged, such as a pipe, ditch, ship or factory smokestack.;Americas assessment;;25234;41683.0;;;;;;;;;;;
policy_nxs;policy;;General principles that guide a government in its management of public affairs;;;;;;;;;;;;;;;
policy and socio-political options_nxs;policy and socio-political options;;In the scope of this assessment, defined as the range of theoretical and practical frameworks for implementing sustainable management approaches, including diverse sets of human actions to address specific issues, needs, objectives and opportunities in the governance and management of nexus challenges (see also Nexus challenges). The policy and sociopolitical options that are the focus of this assessment include those that account for a diversity of worldviews, behaviours, norms and values and which are aimed at accelerating transitions towards just and sustainable futures (Source: this assessment, Chapter 4).;Nexus assessment;;34106;88179.0;;;;;;;;;;;
policy autonomy_tca;policy autonomy;;Delegation of authority to agencies to become actively engaged in policy formulation (Bach, 2012).;Transformative change assessment;;34107;88180.0;;;;;;;;;;;
policy coherence_nxs;policy coherence;;"Refers to ""the systematic promotion of mutually reinforcing policy actions across government departments and agencies, creating synergies towards achieving the agreed objectives"" (OECD, 2019). See also Governance, integrated.";Nexus assessment;;25236;88389.0;;;;;;;;;;;
policy context_scm;policy context;;see decision context.;Scenarios and models assessment;;25237;41687.0;;;;;;;;;;;
policy cycle_ias;policy cycle;;a framework describing the policy process in terms of four linked phases: agenda setting, policy design, policy implementation, and policy review;Invasive alien species assessment;;25238;69607.0;;;;;;;;;;;
policy inertia_tca;policy inertia;;Lack of evidence-based policy formulation and policy coherence through learning and feedback mechanisms (IPBES, 2019a).;Transformative change assessment;;34108;88182.0;;;;;;;;;;;
policy instrument_ldr_eca_ama;policy instrument;;Set of means or mechanisms to achieve a policy goal.;Land degradation and restoration assessment, Europe and Central Asia assessment, Americas assessment;;21729;16900.0;;;;;;;;;;;
policy instruments_nxs;policy instruments;;Different interventions (formal rules, laws, social norms and processes etc.) made by decision-makers (governments and public authorities, intergovernmental organizations, companies etc.) to ensure that (public) policy objectives are supported and achieved by influencing the behaviour of other stakeholders. The IPBES Catalogue differentiates four different types of policy instruments (IPBES, 2016a): •Economic and financial instruments include regulations that financially incentivize or constrain specific activities by handing out or taking away economic resources, including for example subsidies, taxes, charges and fiscal transfers •Legal and regulatory policy instruments include formal rules and regulations that legally regulate (prohibit, sanction or inhibit) certain activities. •Social and cultural policy instruments include information-based instruments and voluntary or collective actions with an emphasis on the intertwined relationships between ecosystems and sociocultural dynamics. •Rights-based and customary instruments aim to strengthen collective rights and customary institutions of IPLC that promote an equitable and fair management of natural resources.;Nexus assessment;;34109;88391.0;;;;;;;;;;;
policy mix_eca;policy mix;;A combination of policy instruments which has evolved to influence the quantity and quality of biodiversity conservation and ecosystem service provision in public and private sectors.;Europe and Central Asia assessment;;25239;41691.0;;;;;;;;;;;
policy option_tca;policy option;;Defined in terms of their ability to achieve the stated policy goals (IPBES, 2021). In this assessment, potential course of action or decision that can be taken by a government, organization, or individual to address a particular issue or achieve a specific goal. In the context of government and public administration, policy options are the different choices available to policymakers when designing and implementing policies. These options are often based on analysis, research and consideration of various factors, including social, economic and political implications. Policy options can range from regulatory measures and legislative changes to financial incentives, awareness campaigns and international cooperation. The selection of a policy option depends on the goals and values of the decision-makers, as well as the context and nature of the issue at hand (chapter 5).;Transformative change assessment;;34110;88185.0;;;;;;;;;;;
policy options (for the use of wild species)_sua;policy options (for the use of wild species);;Policy options are defined as potential policies in terms of their ability to achieve the stated policy goals. Chapter 6 present the range of policy options available to support the sustainable use of wild species, at a range of spatial scales (local, national, international), and across five key practices (fishing, gathering, terrestrial animal harvesting, logging, and non-extractive practices). Four groups of policy instruments are explored: i) legal and regulatory, ii) economic and financial, iii) social and information based, and iv) rights-based and customary instruments.;Sustainable use assessment;;25240;41692.0;;;;;;;;;;;
policy regime_ias;policy regime;;constructs that depict the mix of institutional mechanisms that make up the governing arrangements addressing a particular problem (Herrick, 2019), noting that for the purpose of this assessment the term “regime” is used for a governance system, affecting more than one country, for a specific issue area, such as invasive alien species.;Invasive alien species assessment;;28673;69608.0;;;;;;;;;;;
policy scenarios_scm;policy scenarios;;see intervention scenarios.;Scenarios and models assessment;;25241;41693.0;;;;;;;;;;;
policy support tool_ama;policy support tool;;Approaches and techniques based on science and other knowledge systems that can inform, assist and enhance relevant decisions, policy making and implementation at local, national, regional and global levels to protect nature, thereby promoting nature's benefits to people and a good quality of life.;Americas assessment;;21730;41694.0;;;;;;;;;;;
policy tool_eca;policy tool;;Instruments used by governance bodies at all scales to implement their policies. Environmental policies, for example, could be implemented through tools such as legislation, economic incentives or dis-incentives, including taxes and tax exemptions, or tradable permits and fees.;Europe and Central Asia assessment;;25242;41698.0;;;;;;;;;;;
policy-cycle_va;policy-cycle;;Policies are often cyclical in that emerging problems are addressed with the formulation of policies, followed by their implementation and subsequent evaluation. These stages in the policy cycle can be formalized with assigned roles and processes, and consist of many other sub-stages. For example, the policy formulation stage can include problem definition, identification of alternatives, consultations and public hearings, and finally, a decision on the chosen policy. Implementation can include allocating budgetary, assigning implementation roles to different actors, setting specific targets, and possibly developing guidelines. The evaluation and redefinition of the problem can be conducted with the help of formal monitoring systems as a periodic exercise, or it can be an ad-hoc process or a mere societal discussion of the impacts and consequences of existing policies.;Values assessment;;25243;41699.0;;;;;;;;;;;
policy-evaluation scenarios_scm;policy-evaluation scenarios;;Scenarios, including counterfactual scenarios, used in ex-post assessments of the gap between policy objectives and actual policy results, as part of the policy-review phase of the policy cycle.;Scenarios and models assessment;;25244;41700.0;;;;;;;;;;;
policy-screening scenarios_scm;policy-screening scenarios;;Scenarios used in ex-ante assessments, to forecast the effects of alternative policy or management options (interventions) on environmental outcomes.;Scenarios and models assessment;;25245;41701.0;;;;;;;;;;;
policy-support tools_apa;policy-support tools;;Approaches and techniques based on science and other knowledge systems that can inform, assist and enhance relevant decisions, policymaking and implementation at local, national, regional and global levels to protect nature, thereby promoting nature's benefits to people and a good quality of life.;Asia-Pacific assessment;;34111;88443.0;;;;;;;;;;;
policy-support tools and methodologies_va;policy-support tools and methodologies;;Approaches and techniques based on science and other knowledge systems, including indigenous and local knowledge, that can inform, assist and enhance relevant decisions, policy making and implementation at local, national, regional and global levels to protect nature, thereby promoting nature’s contributions to people and a good quality of life.;Values assessment;;25246;41702.0;;;;;;;;;;;
pollen limitation_ppa;pollen limitation;;The extent to which total seed and fruit production of an individual plant is limited by either the number or quality of the pollen grains deposited on flowers´ stigmas. In an agricultural context, pollen limitation is a synonym of pollination deficit.;Pollination assessment;;25247;41703.0;;;;;;;;;;;
pollination_ppa_ga1_sua;pollination;;The transfer of pollen from an anther to a stigma. Pollination may occur within flowers of the same plant, between flowers of the same plant, or between flowers of different plants (or combinations thereof).;Pollination assessment, Global assessment (1st work programme), Sustainable use assessment;;25248;41704.0;;;;;;;;;;;
pollination effectiveness_ppa;pollination effectiveness;;A measure of the accomplishments of a single visit of an individual animal in terms of pollen deposited, pollen removed, or seeds produced.;Pollination assessment;;25249;41705.0;;;;;;;;;;;
pollination efficiency_ppa;pollination efficiency;;A measure of both the costs (flower damage, pollen eaten, etc.) and benefits (pollen deposited, pollen removed, seeds produced, etc.) of a single visit of an individual animal.;Pollination assessment;;25250;41706.0;;;;;;;;;;;
pollination service_ppa;pollination service;;The western science perspective for the benefits derived from pollination.;Pollination assessment;;25251;41707.0;;;;;;;;;;;
pollination web_ppa;pollination web;;see Plant-pollinator Network.;Pollination assessment;;25252;41708.0;;;;;;;;;;;
pollinator_ppa;pollinator;;An agent that transports pollen. Such agents may be animals of many kinds or physical (wind or water), or both.;Pollination assessment;;25253;41709.0;;;;;;;;;;;
pollinator decline_ppa;pollinator decline;;Decrease in abundance or diversity, or both, of pollinators.;Pollination assessment;;25254;41710.0;;;;;;;;;;;
pollinator dependence_ppa;pollinator dependence;;The degree to which either seed or fruit production, or both, of a plant becomes reduced in the total absence of animal pollinators.;Pollination assessment;;25255;41711.0;;;;;;;;;;;
polluter-pays principle_ldr;polluter-pays principle;;The commonly accepted practice that those who produce pollution should bear the costs of managing it to prevent damage to human health or the environment. A polluter pays principle aims at preventing anybody from reaping the benefits at the expense of (or even considerable harm to) other members of the society.;Land degradation and restoration assessment;;25256;41712.0;;;;;;;;;;;
pollution_sua_apa;pollution;;Pollution is the introduction of contaminants into the natural environment that cause adverse change.;Sustainable use assessment, Asia-Pacific assessment;;25257;41713.0;;;;;;;;;;;
polycentric governance_eca_sua_ias;polycentric governance;;An organizational structure where multiple independent actors mutually order their relationships with one another under a general system of rules.;Europe and Central Asia assessment, Sustainable use assessment, Invasive alien species assessment;;25258;41714.0;;;;;;;;;;;
polycentric governance system_afa;polycentric governance system;;Refers the organisation of small-, medium-, and large-scale democratic units that each may exercise considerable independence to make and enforce rules within a circumscribed scope of authority for a specified geographical area. Some units may be general-purpose governments whereas others may be highly specialized.;Africa assessment;;25259;41715.0;;;;;;;;;;;
polycentricity_nxs;polycentricity;;See Governance (polycentric).;Nexus assessment;;34112;88189.0;;;;;;;;;;;
polycrisis_nxs;polycrisis;;"Refers to when ""crises in multiple global systems become causally entangled in ways that significantly degrade humanity's prospects. These interacting crises produce harms greater than the sum of those the crises would produce in isolation, were their host systems not so deeply interconnected"" (Lawrence et al., 2022).";Nexus assessment;;34113;88392.0;;;;;;;;;;;
polyculture_ppa;polyculture;;The simultaneous cultivation or growth of two or more compatible agricultural products (intercropping, some crops and livestock, agroforestry, agriculture and aquaculture).;Pollination assessment;;25260;41716.0;;;;;;;;;;;
polymerase chain reaction_ias;polymerase chain reaction;PCR;sometimes called molecular photocopying, the polymerase chain reaction (PCR) is a fast and inexpensive technique used to amplify - copy - small segments of DNA. Because significant amounts of a sample of DNA are necessary for molecular and genetic analyses, studies of isolated pieces of DNA are nearly impossible without PCR amplification;Invasive alien species assessment;;28674;69609.0;;;;;;;;;;;
polyphyletic taxon_ga1;polyphyletic taxon;;A group composed of a collection of organisms in which the most recent common ancestor of all the included organisms is not included, usually because the common ancestor lacks the characteristics of the group. Polyphyletic taxa are considered unnatural, and usually are reclassified once they are discovered to be polyphyletic.;Global assessment (1st work programme);;25261;41717.0;;;;;;;;;;;
population bottleneck_ga1;population bottleneck;;A decrease in the gene pool of the population due to an event that drastically reduces the size of that population, such as an environmental disaster, the hunting of a species to the point of extinction, or habitat destruction that results in the deaths of organisms. Due to the event, many alleles, or gene variants, that were present in the original population are lost and the remaining population has a very low level of genetic diversity.;Global assessment (1st work programme);;25262;41718.0;;;;;;;;;;;
population dynamics_tca;population dynamics;;Population dynamics is the study of why population numbers change in time and space and how these processes operate through biological, social and environmental processes (Turchin, 2003). Population dynamics include population size, age structure, urbanization and migration.;Transformative change assessment;;34114;88192.0;;;;;;;;;;;
population genetic structure_ga1;population genetic structure;;The total genetic diversity and its distribution within and among a set of populations. It is shaped by many factors, including life history, population size, geographical or environmental barriers, gene flow, selection and population crashes or bottlenecks.;Global assessment (1st work programme);;25263;41719.0;;;;;;;;;;;
pore-water pressure_ga1;pore-water pressure;;The pressure exerted by a fluid phase in a porous medium (soil or rock) composed of a solid framework and pores filled or partially filled with water or other fluid (Reid, 2013).;Global assessment (1st work programme);;25264;41720.0;;;;;;;;;;;
poverty_ldr;poverty;;A state of deprivation that is multidimensional in nature. Poverty is more than the lack of income and resources to ensure a sustainable livelihood. Its manifestations include hunger and malnutrition, limited access to education and other basic services, social discrimination and exclusion as well as the lack of participation in decision-making.;Land degradation and restoration assessment;;21731;41721.0;;;;;;;;;;;
poverty line_apa;poverty line;;A level of personal or family income below which one is classified as poor according to governmental standards. It is also referred as poverty threshold.;Asia-Pacific assessment;;25265;41723.0;;;;;;;;;;;
power_va;power;;Power is the capacity of actors to mobilize agency, resources, and discourses, as well as to utilize or shape institutions to achieve a goal. Power can be both constraining and enabling, and the capacity of one actor can inhibit the capacity of another actor. Power in the context of human-nature relationships can be manifested in multiple and non-exclusive ways through discourses and social structures. Discursive power is the power to use discourses or knowledge production to shape worldviews, identities, and values. Related to discursive power is the power to frame how issues are understood, communicated, and discussed (framing power). Structural power is the result of historically-specific socio-cultural, political, and economic systems that reproduce social positions and/or hierarchies among social groups. Structural power relations determine, for example, who has the power to make rules regarding access, use, and responsibilities about nature/NCP, and who is excluded from this process (rule-making power);;;;;;;;;;;;;;;
power relations_tca;power relations;;A system of established or emergent connections among elements and members of a social system. Influence, resources and knowledge flow along and through power relations to shape views, structures and practices from the micro to the macro levels. In this sense, power is not something that a particular person or collective possesses permanently or immutably, but a quality that becomes evident and can be appreciated in the way it flows through relationships among them to influence personal and social outcomes (Avelino &amp;;;;;;;;;;;;;;;
powerful actors_tca;powerful actors;;Refers to individuals, groups, institutions or organisations that have the capacity or potential to make or receive any change, or to resist it. Actors may derive power from their action or inaction, as well as through their properties - e.g., charisma or attractive cultures or ideologies (Lukes, 2005).;Transformative change assessment;;34116;88197.0;;;;;;;;;;;
practice_va;practice;;A customary action, habit, or behaviour;;;;;;;;;;;;;;;
practices_tca;practices;;Tangible, mental, or social activities routinely operated by humans to interact in social-ecological systems (Dubuisson-Quellier &amp;;;;;;;;;;;;;;;
practices (type of wild species practices)_sua;practices (type of wild species practices);;See “gathering”, “fishing”, “terrestrial animal harvesting”, “logging”, “non-extractive practices” and “non-lethal harvest”.;Sustainable use assessment;;25268;41726.0;;;;;;;;;;;
precautionary approach_ias;precautionary approach;;where there are threats of serious or irreversible damage, lack of full scientific certainty shall not be used as a reason for postponing cost-effective measures to prevent environment degradation (Principle 15 of the 1992 Rio Declaration,;Invasive alien species assessment;;28675;69610.0;;;;;;;;;;;
precautionary principle_apa_ldr_eca_sua;precautionary principle;;Pertains to risk management and states that if an action or policy has a suspected risk of causing harm to the public or to the environment, in the absence of scientific consensus that the action or policy is not harmful, the burden of proof that it is not harmful falls on those taking an action. The principle is used to justify discretionary decisions when the possibility of harm from making a certain decision (e.g. taking a particular course of action) is not, or has not been, established through extensive scientific knowledge. The principle implies that there is a social responsibility to protect the public from exposure to harm, when scientific investigation has found a plausible risk or if a potential plausible risk has been identified.;Asia-Pacific assessment;;21732;16396.0;;;;;;;;;;;
prediction_scm;prediction;;When a projection is branded most likely it becomes a forecast or prediction, often obtained using deterministic models, outputs of which can enable some level of confidence to be attached to projections.;Scenarios and models assessment;;25269;41728.0;;;;;;;;;;;
predictive modelling_apa;predictive modelling;;The use of statisitics or other analytical methods to make predictions into the future.;Asia-Pacific assessment;;25270;41729.0;;;;;;;;;;;
preference_va;preference;;They denote stated or revealed choices of one or more alternatives over others and can be expressed in economic or sociocultural terms. Despite being considering synonyms for value in some disciplines (economics), preferences should be understood as rankings of possible outcomes in terms of their specific value to people (e.g. preferences related to health and good quality of life) (section 2.2.4.4).;Values assessment;;25271;41730.0;;;;;;;;;;;
preparedness (in the context of invasive alien species management)_ias;preparedness (in the context of invasive alien species management);;any policy and/or action undertaken to prepare for the probable arrival of a potential invasive alien species including any preventative or adaptive response activity;Invasive alien species assessment;;28676;69611.0;;;;;;;;;;;
pressures_scm;pressures;;see direct drivers.;Scenarios and models assessment;;25272;41731.0;;;;;;;;;;;
prevention_ias;prevention;;for the purpose of this assessment, any policy and/or action/response undertaken to prevent the arrival and/or introduction of alien and invasive alien species, between and within countries and regions. Prevention is generally far more cost-effective and environmentally beneficial than measures taken following introduction and establishment of an invasive alien species;Invasive alien species assessment;;28677;69612.0;;;;;;;;;;;
preventive response_ldr;preventive response;;Conservation measures that maintain land and its environmental and productive functions.;Land degradation and restoration assessment;;25273;41732.0;;;;;;;;;;;
price_ppa;price;;The quantity of payment or compensation given by one party to another in return for goods or services.;Pollination assessment;;25274;41733.0;;;;;;;;;;;
primary production_sua_apa;primary production;;The conversion of energy to organic substances by photosynthetic and chemosynthetic autotrophic organisms.;Sustainable use assessment, Asia-Pacific assessment;;25275;41734.0;;;;;;;;;;;
primary vegetation_ga1;primary vegetation;;Vegetation in a particular plant assemblage that has not been subject to human disturbance, or has been so little affected that its natural structure, functions and dynamics have not undergone any change that exceed the elastic capacity of the ecosystem.;Global assessment (1st work programme);;25276;41736.0;;;;;;;;;;;
principles_tca;principles;;A framework for understanding, reasoning and making judgments. They often represent values or beliefs that guide decisions and behaviours (Rachels &amp;;;;;;;;;;;;;;;
prior informed consent_apa;prior informed consent;PIC;Before access to knowledge or genetic resources takes place(Prior), based on truthful information about the use that will be made of the knowledge or genetic resources that is adequate for the authority to understand the implications(Informed), the government, stakeholders or rights holders could be explicit consent(consent).;Asia-Pacific assessment;;25277;41738.0;;;;;;;;;;;
private deforestation_ga1;private deforestation;;Deforestation occurring on private lands.;Global assessment (1st work programme);;25278;41740.0;;;;;;;;;;;
problem identification_scm;problem identification;;see agenda setting.;Scenarios and models assessment;;25279;41741.0;;;;;;;;;;;
procedural justice_va;procedural justice;;refers to fairness in the political processes that allocate resources and resolve disputes. It involves recognition, inclusion, representation and participation in decision-making.;Values assessment;;25280;41742.0;;;;;;;;;;;
process-based model_scm;process-based model;;A model in which relationships are described in terms of explicitly stated processes or mechanisms based on established scientific understanding, and model parameters therefore have clear ecological interpretation, defined beforehand.;Scenarios and models assessment;;21736;41743.0;;;;;;;;;;;
producer surplus_ppa;producer surplus;;The amount that producers benefit by selling at a market price that is higher than the least that they would be willing to accept for that good or service. It is roughly equal to profit (q.v.): producers are not normally willing to sell at a loss, and are normally indifferent to selling at a break-even price.;Pollination assessment;;25281;41744.0;;;;;;;;;;;
production function_ppa;production function;;A mathematical equation or graph that shows the relationship between physical inputs and physical outputs for a business.;Pollination assessment;;25282;41745.0;;;;;;;;;;;
profit_ppa;profit;;The financial gain, especially the difference between the amount earned and the amount spent in buying, operating, or producing something.;Pollination assessment;;25283;41746.0;;;;;;;;;;;
projection_scm;projection;;Any description of the future, and the pathway leading to it.;Scenarios and models assessment;;25284;41747.0;;;;;;;;;;;
propagule pressure_ama;propagule pressure;;The quantity, quality and frequency of propagules (such as spores, eggs, larvae, or adults) released in a given location. This term can be seen as the introduction effort, i.e. the pool of individuals introduced in a new ecosystem/area/region and the number of times it is released.;Americas assessment;;25285;41748.0;;;;;;;;;;;
protected area_ldr;protected area;;A clearly defined geographical space, recognized, dedicated and managed, through legal or other effective means, to achieve the long-term conservation of nature with associated ecosystem services and cultural values.;Land degradation and restoration assessment;;21737;41749.0;;;;;;;;;;;
protected area downgrading; downsizing and degazettement_ga1;protected area downgrading, downsizing and degazettement;PADDD;Refers to legal changes that ease restrictions on the use of a protected area, shrink a protected area's boundaries or eliminate legal protections entirely (Mascia &amp;;;;;;;;;;;;;;
provisioning service_afa_apa_sua;provisioning service;;The products people obtain from ecosystems;;;;;;;;;;;;;;;
public-private partnership_ldr;public-private partnership;PPP;A long-term contract between a private party and a government entity, for providing a public asset or service, in which the private party bears significant risk and management responsibility and remuneration is linked to performance.;Land degradation and restoration assessment;;25288;41752.0;;;;;;;;;;;
purchasing power parity_ppa;purchasing power parity;;An economic theory that estimates the amount of adjustment needed on the exchange rate between countries in order for the exchange to be equivalent to each currency’s purchasing power. It states that exchange rates between currencies are in equilibrium when their purchasing power is the same in each of the two countries. This means that the exchange rate between two countries should equal the ratio of the two countries’ price level of a fixed basket of goods and services.;Pollination assessment;;25289;41753.0;;;;;;;;;;;
qualitative storyline_apa;qualitative storyline;;Articulation of narratives describing plausible futures based on or relating to measures of the quality of key compnents rather than their quantity (c.f. Quantitative approaches).;Asia-Pacific assessment;;25290;41754.0;;;;;;;;;;;
quality of life_va;quality of life;;Within the context of the IPBES Conceptual Framework - good quality of life refers to the achievement of a fulfilled life, a notion which may vary significantly across societies and cultures. There is a common understanding that quality of life is composed of both shared common aspects across cultures (food security) and contextual aspects (e.g. self-determination), which can be assessed objectively (e.g. caloric intake) or subjectively (e.g. life satisfaction) applying quantitative and qualitative indicators. Good quality of life is generally portrayed through material conditions (e.g. level of food availability) as well as through individual aspirations (e.g. personal;;;;;;;;;;;;;;;
quantitative model_apa;quantitative model;;Statistical or other analytical descriptions of processes defined by quantities or metrics.;Asia-Pacific assessment;;25292;41756.0;;;;;;;;;;;
racism_tca;racism;;A global hierarchy of superiority and inferiority along the line of the human that has been politically, culturally and economically produced and reproduced for centuries by dominant institutions. The people classified as above the line of the human are recognized socially in their humanity as human beings and, thus, enjoy access to rights (human rights, civil rights, women rights and/or labour rights), material resources and social recognition to their subjectivities, identities, epistemologies and spiritualities. The people below the line of the human are considered subhuman or non-human;;;;;;;;;;;;;;;
radiative forcing_ldr;radiative forcing;RF;The measurement of the capacity of a gas or other forcing agents to affect that energy balance, thereby contributing to climate change. Put more simply, RF expresses the change in energy in the atmosphere due to GHG emissions.;Land degradation and restoration assessment;;25293;41757.0;;;;;;;;;;;
ramsar convention on wetlands_apa;ramsar convention on wetlands;;The Convention on Wetlands, called the Ramsar Convention, is an intergovernmental treaty that provides the framework for national action and international cooperation for the conservation and wise use of wetlands and their resources.;Asia-Pacific assessment;;25294;41758.0;;;;;;;;;;;
ramsar site_apa;ramsar site;;A wetland site designated of international importance especially as Waterfowl Habitat under the Ramsar Convention, an intergovernmental environment treaty established in 1975 by UNESCO, coming into force in 1975. A wetland of international significance in terms of ecology, botany, zoology, limnology or hydrology. Such site meets at least one of the criteria of Identifying Wetlands of International Importance set by Ramsar Convention and is designated by appropriate national authority to be added to Ramsar list.;Asia-Pacific assessment;;25295;41760.0;;;;;;;;;;;
range_ias;range;;“the current limits of distribution of a species, accounting for all known, inferred or projected sites of occurrence”;Invasive alien species assessment;;28679;69614.0;;;;;;;;;;;
range shift_ppa;range shift;;A change in the distributional limits of the native geographical range of a species, most commonly driven human-related factors (e.g. climate change).;Pollination assessment;;25296;41763.0;;;;;;;;;;;
rangeland_ldr_apa_sua_ga1_ama_eca;rangeland;;Natural grasslands used for livestock grazing.;Land degradation and restoration assessment, Asia-Pacific assessment, Sustainable use assessment, Global assessment (1st work programme), Americas assessment, Europe and Central Asia assessment;;21739;16401.0;;;;;;;;;;;
re-wilding_ga1;re-wilding;;The preservation of land with the goal of restoring natural ecosystem processes and reducing human control of landscapes (Gillson et al., 2011) to allow declining populations to rebound.;Global assessment (1st work programme);;25322;41809.0;;;;;;;;;;;
reactive nitrogen_ga1;reactive nitrogen;;All biologically, photochemically, and/or radiatively active forms of nitrogen;;;;;;;;;;;;;;;
reality_ldr;reality;;Current state of biodiversity and ecosystem functions independent of human knowledge and perceptions and ecosystem services (Nature in IPBES conceptual framework). See also Perceptions;;;;;;;;;;;;;;;
realm (biogeography)_nxs;realm (biogeography);;The broadest biogeographical division of the Earth's surface commonly separated into terrestrial, freshwater and marine realms (Source: this assessment, Chapter 1).;Nexus assessment;;34120;88397.0;;;;;;;;;;;
rebound effect_ga1;rebound effect;;The pattern by which resource users tend to compensate for improved efficiency by shifting behaviour towards greater consumption, which undermines apparent gains. For example, an increased fuel saving of motor vehicle tends to be compensated by spending more money on other resources or by driving more.;Global assessment (1st work programme);;25299;41766.0;;;;;;;;;;;
rebound effects_tca;rebound effects;;Counter-intuitive causal mechanisms whereby improvements in energy efficiency result not in lower but higher consumption rates (Font Vivanco et al., 2016).;Transformative change assessment;;34121;88204.0;;;;;;;;;;;
reciprocity_tca;reciprocity;;In this assessment, reciprocity refers to giving back to the Earth in equal measure for what is taken. This definition is rooted in an understanding that the Earth is populated by non-human beings deserving of respect and that balance in ecological systems arises from cycles of giving and taking. Reciprocity among different parts of the living Earth produces equilibrium, in which all life can flourish. This reciprocity includes healing damages that have been done and being partners in renewal (Kimmerer, 2014).;Transformative change assessment;;34122;88205.0;;;;;;;;;;;
reclamation_ldr;reclamation;;The stabilization of the terrain, assurance of public safety, aesthetic improvement, and usually a return of the land to what, within the regional context, is considered to be a useful purpose.;Land degradation and restoration assessment;;25300;41768.0;;;;;;;;;;;
recognition_va;recognition;;In social-environmental justice, recognition is about the respect for (community) ways of life, local knowledge, and cultural difference.;Values assessment;;25301;41769.0;;;;;;;;;;;
recreational uses (of wild species)_sua;recreational uses (of wild species);;Recreational uses are defined as uses of wild species in which enjoyment is considered a primary value.;Sustainable use assessment;;25302;41770.0;;;;;;;;;;;
recreational values_apa;recreational values;;Monetary or non-monetary worth given to the human recreational use of ecosystems, areas or other natural phenomena.;Asia-Pacific assessment;;25303;41771.0;;;;;;;;;;;
recruitment_ga1;recruitment;;The influx of new members into a population by reproduction or immigration (IUCN, 2012a).;Global assessment (1st work programme);;25304;41772.0;;;;;;;;;;;
reduced impact logging_ga1;reduced impact logging;RIL;The intensively planned and carefully controlled implementation of timber harvesting operations to minimize the environmental impact on forest stands and soils (FAO, 2018a).;Global assessment (1st work programme);;25305;41774.0;;;;;;;;;;;
reducing emissions from deforestation and forest degradation_eca_ldr;reducing emissions from deforestation and forest degradation;REDD+;Reducing emissions from deforestation and forest degradation (REDD+) is a mechanism developed by Parties to the United Nations Framework Convention on Climate Change (UNFCCC). It creates a financial value for the carbon stored in forests by offering incentives for developing countries to reduce emissions from forested lands and invest in low-carbon paths to sustainable development. Developing countries would receive results-based payments for results- based actions. REDD+ goes beyond simply deforestation and forest degradation, and includes the role of conservation, sustainable management of forests and enhancement of forest carbon stocks.;Europe and Central Asia assessment, Land degradation and restoration assessment;;25306;41777.0;;;;;;;;;;;
reflexivity_tca;reflexivity;;That which takes account of itself or a person's self. Mental operations that are turned or directed back on the mind itself (Holland, 1999;;;;;;;;;;;;;;;
reforestation_sua;reforestation;;Planting of forests on lands that have previously contained forests but that have been converted to some other use.;Sustainable use assessment;;25307;41779.0;;;;;;;;;;;
reformist responses (in the context of biodiversity)_tca;reformist responses (in the context of biodiversity);;Interventions that work through existing systems to modify current structures and practices, such as corporate behaviour, to ameliorate impacts on biodiversity while leaving underlying causes of biodiversity loss and nature's decline intact (Acosta, 2013;;;;;;;;;;;;;;;
regeneration_tca;regeneration;;Dynamic processes of renewal or re-creation of desired outcomes, often after disturbances. Regeneration involves deepening relational values and responsibilities that nourish human-nature relationships by reviving local culture and nature. It is considered distinct from restoration, unless the system resulting from restoration is, at least to an extent, dynamically self-perpetuating (Fischer et al., 2024;;;;;;;;;;;;;;;
regenerative agriculture_tca;regenerative agriculture;;An approach to farming and land management that focuses on restoring and improving the health of ecosystems. The goal is not only to sustainably produce food but also to regenerate the soil, water and biodiversity, ultimately creating a more resilient and sustainable agricultural system (Tittonell et al., 2022).;Transformative change assessment;;34127;88210.0;;;;;;;;;;;
regime_ga1_sua;regime;;A long-term qualitative behavior where the system’s dynamics tend to stabilize, at different spatial and temporal scales in marine, terrestrial and polar systems (Rocha et al., 2015).;Global assessment (1st work programme), Sustainable use assessment;;25308;41781.0;;;;;;;;;;;
regime shift_ga1_scm;regime shift;;Persistent change in systems structure and function, which can be abrupt and difficult to reverse. Regime shifts in socio-ecological systems can have substantial impacts on ecosystem services.;Global assessment (1st work programme), Scenarios and models assessment;;25309;41782.0;;;;;;;;;;;
regional_ppa;regional;;adj. Pertaining to an area, especially part of a country or the world having definable characteristics but not always fixed boundaries.;Pollination assessment;;25310;41783.0;;;;;;;;;;;
regional cooperation platform_apa;regional cooperation platform;;Initiatives or other efforts to provide means by which organizations or individuals with a global region (such as the Asia-Pacific) can work together towards a common or mutual aim, or for common or mutual benefit. Examples include the Association of Southeast Asian Nations (ASEAN) and the Shanghai Cooperation Organization (SCO).;Asia-Pacific assessment;;25311;41784.0;;;;;;;;;;;
rehabilitation_ldr;rehabilitation;;Restoration activities that may fall short of fully restoring a biotic community to its pre-degradation state, including natural regeneration and emergent ecosystems.;Land degradation and restoration assessment;;21742;41785.0;;;;;;;;;;;
relational value_apa_ga1_ldr_scm_eca;relational value;;The values that contribute to desirable relationships, such as those among people and between people and nature, as in Living in harmony with nature.;Asia-Pacific assessment, Global assessment (1st work programme), Land degradation and restoration assessment, Scenarios and models assessment, Europe and Central Asia assessment;;21743;41787.0;;;;;;;;;;;
relational values_tca;relational values;;The importance of desirable, meaningful and often reciprocal relationships - beyond means to an end - between humans and nature and among humans (including across generations) through nature - e.g., sense of place, spirituality, responsibility, care, reciprocity, stewardship (IPBES, 2021).;Transformative change assessment;;34128;88212.0;;;;;;;;;;;
relations of domination_tca;relations of domination;;In this assessment, a way of relating that is considered both an underlying cause and a barrier to transformative change. It consists of seven dimensions: i) categorizing nature and people as different elements with different rights and power;;;;;;;;;;;;;;;
remediation_eca_ama_ldr_ga1_ga1;remediation;;Any action taken to rehabilitate ecosystems.;Europe and Central Asia assessment, Americas assessment, Land degradation and restoration assessment, Global assessment (1st work programme), Global assessment (1st work programme);;21744;16906.0;;;;;;;;;;;
remote sensing_sua;remote sensing;;Methods for gathering data on a large or landscape scale which do not involve on-the ground measurement, especially satellite photographs and aerial photographs;;;;;;;;;;;;;;;
renewable energy_ldr;renewable energy;;Energy derived from natural processes (e.g. sunlight and wind) that are replenished at a faster rate than they are consumed. Solar, wind, geothermal, hydro, and some forms of biomass are common sources of renewable energy.;Land degradation and restoration assessment;;25313;41794.0;;;;;;;;;;;
replexity_ldr;replexity;;Rapid and complex change.;Land degradation and restoration assessment;;25314;41795.0;;;;;;;;;;;
report_apa_ama;report;;Reports shall mean the main deliverables of the Platform, including assessment reports and synthesis reports, their summaries for policymakers and technical summaries, technical papers and technical guidelines.;Asia-Pacific assessment, Americas assessment;;21745;16404.0;;;;;;;;;;;
representation concentration pathway_ga1;representation concentration pathway;RCPs;Scenarios that include time series of emissions and concentrations of the full suite of greenhouse gases (GHGs) and aerosols and chemically active gases, as well as land use/land cover. (IPCC, 2014).;Global assessment (1st work programme);;25315;41796.0;;;;;;;;;;;
representative concentration pathways (rcps)_nxs;representative concentration pathways;RCPs;Scenarios that include time series of emissions and concentrations of the full suite of greenhouse gases and aerosols and chemically active gases, as well as land use/land cover (IPCC, 2014). See also Shared socioeconomic pathways.;Nexus assessment;;34130;88215.0;;;;;;;;;;;
resilience_ldr_ga1_nxs_ama_apa_afa_eca;resilience;;The level of disturbance that an ecosystem or society can undergo without crossing a threshold to a situation with different structure or outputs. Resilience depends on factors such as ecological dynamics as well as the organizational and institutional capacity to understand, manage and respond to these dynamics.;Land degradation and restoration assessment;;21746;41798.0;;;;;;;;;;;
resilience (of socio-ecological systems)_scm;resilience (of socio-ecological systems);;The capacity of a socio- ecological system to absorb or withstand perturbations and other stressors such that the system remains within the same regime, essentially maintaining its structure and functions.;Scenarios and models assessment;;25316;41800.0;;;;;;;;;;;
resolution (spatial or temporal)_scm;resolution (spatial or temporal);;see spatial scale and temporal scale.;Scenarios and models assessment;;21747;41801.0;;;;;;;;;;;
respect (towards nature)_va;respect (towards nature);;This respect is expressed in/identified through ceremonies, rituals, actions in sacred sites whose purpose is to renew a sense of thankfulness and reverence/deep respect to the land or the sea (terrestrial or marine landscape) or to their components.;Values assessment;;25317;41803.0;;;;;;;;;;;
response option_nxs;response option;;In the scope of this assessment, defined as actions or policies available to a range of actors that address specific challenges or opportunities in the governance and management of one or more elements of the nexus, with the goal of achieving positive and equitable outcomes across multiple nexus elements. Response options can include voluntary or mandatory policies, strategies, measures and interventions intended to change nexus elements, interlinkages between them and direct or indirect drivers shaping them. The nexus assessment focuses on actions, policies and enablers as important response options. Implementation of response options is dependent on national and local circumstances (Source: this assessment, Chapter 1). See also Policy and socio-political options.;Nexus assessment;;34131;88217.0;;;;;;;;;;;
response options_tca;response options;;The diverse range of human actions to address specific issues, needs, objectives, opportunities, or problems in the governance and management of the nexus that account for a diversity of worldviews, behaviours, norms and values. Response options can encompass combinations of voluntary or mandatory policies, strategies, measures and interventions that are intended, designed and/or implemented to change nexus elements and interlinkages between nexus elements directly and those that modify direct or indirect drivers shaping the nexus. The response options presented in this assessment are a non-exhaustive list, with implementation dependent on national and local circumstances (chapters 1 and 4).;Transformative change assessment;;34132;88218.0;;;;;;;;;;;
responsibility_va;responsibility;;This is about integrity of ancestral territory leadership in caring for nature. Actions and behaviours that minimize or prohibit exploitative use of materials, no waste resources philosophies, awareness about sustainability for the future generations;;;;;;;;;;;;;;;
restoration_ldr_ga1_tca;restoration;;Any intentional activity that initiates or accelerates the recovery of an ecosystem from a degraded state. Active restoration includes a range of human interventions aimed at influencing and accelerating natural successional processes to recover biodiversity ecosystem service provision. Passive restoration includes reliance primarily on natural process of ecological succession to restore degraded ecosystems, but may include measures to protect a site from processes that currently prevent natural recovery (e.g. protection of degraded forests from overgrazing by livestock or unintentional human-induced fire).;Land degradation and restoration assessment;;21748;41805.0;;;;;;;;;;;
restore_ppa;restore;;vb. To put back into the previous condition.;Pollination assessment;;25319;41806.0;;;;;;;;;;;
retributive justice_va;retributive justice;;Polluter pays principle, “Responsibility;Values assessment;;25320;41807.0;;;;;;;;;;;
rewilding_ldr;rewilding;;Rewilding ensures natural processes and wild species play a much more prominent role in the land-and seascapes, meaning that after initial support, nature is allowed to take more care of itself. Rewilding helps landscapes become wilder, whilst also providing opportunities for modern society to reconnect with such wilder places for the benefits of all life.;Land degradation and restoration assessment;;25321;41808.0;;;;;;;;;;;
richness_apa;richness;;Ecological diversity of organisms, including genetic or taxonomic diversity (q.v. Biodiversity).;Asia-Pacific assessment;;21749;41810.0;;;;;;;;;;;
richness (biodiversity)_ga1;richness (biodiversity);;The number of distinct biological entities (typically species, but also genotypes, taxonomic genera or families, etc.) within a given sample, community, or area (Millenium Ecosystem Assessment, 2005).;Global assessment (1st work programme);;25323;41811.0;;;;;;;;;;;
richness (species richness)_ppa;richness (species richness);;Ecological diversity of organisms and may be genetic to taxonomic (q.v. Biodiversity).;Pollination assessment;;25324;41812.0;;;;;;;;;;;
rightholder_va;rightholder;;A group of people (a community and its individual members), with a common identity and a shared set of rules, who rightfully has title over their territory and the natural resources belonging to it. Being a right holder implies that the group’s wellbeing is promoted by the right, and that the group (and its individual members) have the capacity to exercise their self-determination related to the given territory. From an Indigenous perspective, Right holder refers to the collective rights and entitlements of Indigenous peoples, a group of people, and a community including all individual members, with a shared cosmovision/worldview, identity, beliefs, values, and ethics. They have inherent collective rights over their territories and natural resources. Implicit in having a right holder status implies that the holder of it promotes the group's well-being and can exercise their self-determination related to the given territory.;Values assessment;;25325;41813.0;;;;;;;;;;;
rights based approach_apa_ldr;rights based approach;;A conceptual framework for the process of human development that is normatively based on international human rights standards and operationally directed to promoting and protecting human rights.;Asia-Pacific assessment, Land degradation and restoration assessment;;25326;41814.0;;;;;;;;;;;
rights-based and customary instrument_sua;rights-based and customary instrument;;see “Policy instruments”.;Sustainable use assessment;;25327;41816.0;;;;;;;;;;;
rights-based instruments and customary norm_eca;rights-based instruments and customary norm;;Synergizing rights and norms for the conservation and protection of systems of Mother Earth can foster complementarity with human well-being. International and national human rights instruments whether binding or non-binding can be creatively interpreted to fit socio-ecological systems and foster resilience. Strengthening of collective rights, customary norms and institutions of indigenous peoples and local communities, can promote adaptive governance including the equitable and fair management of natural resources.;Europe and Central Asia assessment;;25328;41817.0;;;;;;;;;;;
risk_nxs;risk;;The potential for adverse consequences for human or ecological systems, recognizing the diversity of values and objectives associated with such systems. Relevant adverse consequences include those on lives, livelihoods, health and well-being, economic, social and cultural assets and investments, infrastructure, services (including ecosystem services), ecosystems and species (IPCC, 2022a).;Nexus assessment;;28680;88221.0;;;;;;;;;;;
ritual uses (of wild species)_sua;ritual uses (of wild species);;See “Ceremonial uses”.;Sustainable use assessment;;25329;41818.0;;;;;;;;;;;
rotational grazing_ldr;rotational grazing;;A grazing scheme where animals are moved from one grazing unit (paddock) in the same group of grazing units to another without regard to specific graze: rest periods or levels of plant defoliation. cf. grazing system.;Land degradation and restoration assessment;;25330;41819.0;;;;;;;;;;;
roundwood (industrial)_sua;roundwood (industrial);;Industrial round wood is defined as all roundwood used for any purpose other than energy. It comprises pulpwood, sawlogs and veneer logs.;Sustainable use assessment;;25331;41820.0;;;;;;;;;;;
route of invasion_ama;route of invasion;;The geographic path over which a species is transported from the donor area (origin;;;;;;;;;;;;;;;
rubin causal model_ldr;rubin causal model;RCM;Also known as the Neyman-Rubin causal model, is an approach to the statistical analysis of cause and effect based on the framework of potential outcomes, named after Donald Rubin.;Land degradation and restoration assessment;;25333;41822.0;;;;;;;;;;;
rules and regulations_sua;rules and regulations;;Set of rules to govern the work and decision making of its formal settings.;Sustainable use assessment;;25334;41823.0;;;;;;;;;;;
rural development_sua;rural development;;Rural development is the process of improving the opportunities and well-being of rural people. It is a process of change in the characteristics of rural societies. In addition to agricultural development, it involves human development and social and environment objectives, as opposed to just economic ones. Therefore, rural development encompasses health, education, and other social services. It also uses a multisector approach for promoting agriculture, extracting minerals, tourism, recreation, and niche manufacturing.;Sustainable use assessment;;25335;41824.0;;;;;;;;;;;
sacred grove_ga1;sacred grove;;A particular type of sacred natural sites represented by patches of forest revered as sacred (Bhagwat &amp;;;;;;;;;;;;;;;
sacred natural sites_sua_tca;sacred natural sites;SNS;Areas of land or water that have special spiritual significance to peoples and communities. They consist of natural features, ranging from entire ecosystems, such as mountains, forests or islands, to single natural features such as a tree, spring or boulder, and are very important for the conservation of nature and culture. Sacred natural sites have been managed based on indigenous and local knowledge systems, developed over long periods of time, and are source of cultural identity.;Sustainable use assessment;;25337;41827.0;;;;;;;;;;;
sacrilegious_apa;sacrilegious;;Involving or committing sacrilege.;Asia-Pacific assessment;;25338;41829.0;;;;;;;;;;;
safe trade_ias;safe trade;;export of products that are free from invasive alien species;Invasive alien species assessment;;28681;69618.0;;;;;;;;;;;
saffu_tca;saffu;;This principle guides people's lives and impels them to respect and do justice to one's own ayyaana (spirit) and that of other beings (IPBES, 2022b). Origin: Oromo, Ethiopia.;Transformative change assessment;;34133;88402.0;;;;;;;;;;;
salinization_apa_ga1;salinization;;The process of increasing the salt content in soil is known as salinization. Salination can be caused by natural processes such as mineral weathering or by the gradual withdrawal of an ocean. It can also come about through artificial processes such as irrigation.;Asia-Pacific assessment, Global assessment (1st work programme);;21750;41830.0;;;;;;;;;;;
satoyama initiative_apa;satoyama initiative;;A global initiative with the purpose of realizing societies in harmony with nature through the conservation and advancement of socio-ecological production landscapes and seascapes (SEPLS)” around the world.;Asia-Pacific assessment;;25339;41831.0;;;;;;;;;;;
satoyama-satoumi_apa;satoyama-satoumi;;Satoyama is the Japanese term for a socio-ecological production landscape (SEPL) represented by a mosaic of different ecosystem types: secondary forests, timber plantations, farmlands, irrigation ponds, and grasslands—along with human settlements. Satoyama is managed through the interaction between ecosystems and humans to create ecosystem services for human well-being. Satoumi refers to Japan's coastal areas where human interaction over time has resulted in a higher degree of productivity and biodiversity. Foundational to both concepts is the positing of a relationship of interaction between humans and their environment, coupled with the notion that properly maintained the relationship is mutually beneficial.;Asia-Pacific assessment;;25340;41832.0;;;;;;;;;;;
satoyama; satoumi; fūdo_tca;satoyama, satoumi, fūdo;;The entwined relations between people-and-nature and people-and-people expressed through living in nature exist in myriad ways, e.g., in the Japanese concepts, reflecting dynamic relationships between people, habitats and species (IPBES, 2022b). Origin: Japan.;Transformative change assessment;;34213.0;88403.0;;;;;;;;;
savanna_afa_apa;savanna;;Ecosystem characterised by a continuous layer of herbaceous plants, mostly grasses, and a discontinuous upper layer of trees that may vary in density.;Africa assessment, Asia-Pacific assessment;;21751;41833.0;;;;;;;;;;;
sawnwood_sua;sawnwood;;Sawnwood is defined as planks, sleepers (cross-ties), beams, joists, boards, rafters, 1679 scantlings, laths, boxboards and lumber that exceed 5 mm in thickness.;Sustainable use assessment;;25341;41834.0;;;;;;;;;;;
scale_ldr;scale;;The spatial, temporal, quantitative and analytical dimensions used to measure and study any phenomenon. The temporal scale is comprised of two properties: (i) temporal extent - the total length of the time period of interest for a particular study (e.g. 10 years, 50 years, or 100 years);;;;;;;;;;;;;;;
scale paradox_ldr;scale paradox;;Process in which land use outcomes vary (often counterintuitively) according to the geographic location and spatial scale under consideration.;Land degradation and restoration assessment;;25342;41838.0;;;;;;;;;;;
scaling_scm;scaling;;Bringing model outputs to the appropriate scale, which can be done in two different directions: upscaling information from local, fine-grained resolution to global, coarse-grained resolution;;;;;;;;;;;;;;;
scapes (land/sea) approach_nxs;scapes (land/sea) approach;;A multifaceted integrated strategy that aims to bring together multiple stakeholders from multiple sources to provide solutions to multiple objectives at a landscape (or seascape) scale (Reed et al., 2021).;Nexus assessment;;34135;88229.0;;;;;;;;;;;
scenario_afa_ldr_ama_apa;scenario;;Representations of possible futures for one or more components of a system, particularly for drivers of change in nature and nature's benefits, including alternative policy or management options. Exploratory scenarios (also known as explorative scenarios or descriptive scenarios) are scenarios that examine a range of plausible futures, based on potential trajectories of drivers - either indirect (e.g. socio-political, economic and technological factors) or direct (e.g. habitat conversion, climate change). Target-seeking scenarios (also known as goal-seeking scenarios or normative scenarios): scenarios that start with the definition of a clear objective, or a set of objectives, specified either in terms of achievable targets, or as an objective function to be optimized, and then identify different pathways to achieving this outcome (e.g. through backcasting). Intervention scenarios are scenarios that evaluate alternative policy or management options - either through target seeking (also known as goal seeking or normative scenario analysis) or through policy screening (also known as ex-ante assessment). Policy-evaluation scenarios are scenarios, including counterfactual scenarios, used in ex-post assessments of the gap between policy objectives and actual policy results, as part of the policy-review phase of the policy cycle. Policy-screening scenarios are scenarios used in ex-ante assessments, to forecast the effects of alternative policy or management options (interventions) on environmental outcomes.|scale|.;Africa assessment, Land degradation and restoration assessment, Americas assessment, Asia-Pacific assessment;;21753;16411.0;;;;;;;;;;;
scenario analysis_apa;scenario analysis;;Quantitative or qualitative exploration of future pathways through use of scenarios.;Asia-Pacific assessment;;25344;41840.0;;;;;;;;;;;
scenario archetypes_nxs;scenario archetypes;;Clusters of scenarios, sometimes referred to as scenario families, that have similar underlying storylines, assumptions and trends in drivers of change (IPBES, 2016c, 2018c). Examples of common scenario archetypes include global sustainable development scenarios and business-as-uSUAl scenarios that represent the continuation of current trends into the future (IPBES, 2016c).;Nexus assessment;;34136;88231.0;;;;;;;;;;;
scenario storylines or narratives_nxs;scenario storylines or narratives;;Qualitative description of the evolution of events or drivers over time in a scenario. Scenario narratives provide the descriptive framework from which quantitative exploratory scenarios can be formulated (IPBES, 2019a).;Nexus assessment;;34137;88232.0;;;;;;;;;;;
scenarios_sua;scenarios;;Representations of possible futures for one or more components of a system, particularly, in this assessment, for drivers of change in nature and nature’s benefits, including alternative policy or management options. Exploratory scenarios (also known as “explorative scenarios” or “descriptive scenarios”) are scenarios that examine a range of plausible futures, based on potential trajectories of drivers - either indirect (socio-political, economic and technological factors) or direct (e.g. habitat conversion, climate change). Target-seeking scenarios (also known as “goal-seeking scenarios” or “normative scenarios”) are scenarios that start with the definition of a clear objective, or a set of objectives, specified either in terms of achievable targets, or as an objective function to be optimized, and then identify different pathways to achieving this outcome (e.g. through backcasting). Intervention scenarios are scenarios that evaluate alternative policy or management options - either through target seeking (also known as “goal seeking” or “normative scenario analysis”) or through policy screening (also known as “ex-ante assessment”). Policy-evaluation scenarios are scenarios, including counterfactual scenarios, used in ex-post assessments of the gap between policy objectives and actual policy results, as part of the policy-review phase of the policy cycle. Policy-screening scenarios are scenarios used in ex-ante assessments, to forecast the effects of alternative policy or management options (interventions) on environmental outcomes.;Sustainable use assessment;;25345;41841.0;;;;;;;;;;;
scenarios (nexus)_nxs;scenarios (nexus);;In the scope of this assessment, nexus scenario archetypes are a family of scenarios with recurrent processes and interactions between nexus elements (biodiversity, water, food, health and climate change), and the outcomes for each of the elements (positive or negative), based on analysis of nexus scenarios (Source: this assessment, Chapter 3). Similar to interaction archetypes, which represent recurrent patterns of factors and processes that repeatedly determine the interactions between elements or entities (Oberlack et al., 2019;;;;;;;;;;;;;;;
scenarios archetypes (nexus)_nxs;scenarios archetypes (nexus);;In the scope of this assessment, nexus scenarios are scenarios addressing potential future development in multiple nexus elements and thus facilitating the assessment of potential synergies and trade-offs between biodiversity, water, food, health and climate change (Source: this assessment, Chapter 3).;Nexus assessment;;34139;88234.0;;;;;;;;;;;
science-policy interface_ama;science-policy interface;;Environment-related SPIs are organizations, initiatives or projects that work at the boundary of science, policy and society to enrich decision making, shape their participants’ and audiences’ understandings of problems, and so produce outcomes regarding decisions and behaviours.;Americas assessment;;25346;41845.0;;;;;;;;;;;
scientific uncertainty_scm;scientific uncertainty;;Imperfect knowledge or data on the system being described.;Scenarios and models assessment;;25347;41846.0;;;;;;;;;;;
sea ice_sua_ga1;sea ice;;Any form of ice found at sea which has originated from the freezing of sea water (sea ice does not include superstructure icing). Ice formed from the freezing of the waters of the Great Lakes will be considered the same as sea ice.;Sustainable use assessment, Global assessment (1st work programme);;25348;41847.0;;;;;;;;;;;
sea mount_apa;sea mount;;A seamount is a mountain rising from the ocean seafloor that does not reach to the water’s surface (sea level), and thus is not an island. Seamounts are typically formed from extinct volcanoes that rise abruptly and are usually found rising from the seafloor to 1,000-4,000 m (3,300- 13,100 ft) in height.;Asia-Pacific assessment;;25349;41848.0;;;;;;;;;;;
sea surface temperature_apa;sea surface temperature;;Sea surface temperature (SST) is the water temperature close to the ocean’s surface. The exact meaning of surface varies between 1mm and 20 metres below the sea surface.;Asia-Pacific assessment;;25350;41849.0;;;;;;;;;;;
sea-level rise_apa;sea-level rise;;The average height of the ocean’s surface is higher than the daily changes of the tides.;Asia-Pacific assessment;;25351;41850.0;;;;;;;;;;;
seascape_sua;seascape;SEPLS;Seascape can be defined as a spatially heterogeneous area of coastal environment (i.e. intertidal, brackish) that can be perceived as a mosaic of patches, a spatial gradient, or some other geometric patterning. The tropical coastal “seascape” often includes a patchwork of mangroves, seagrass beds, and coral reefs that produces a variety of natural resources and ecosystem services.;Sustainable use assessment;;25352;41851.0;;;;;;;;;;;
seasonal_ppa;seasonal;;adj. Pertaining to particular season (spring, summer, autumn, winter, rainy, dry etc.) or recurring in relation to particular seasons.;Pollination assessment;;25353;41854.0;;;;;;;;;;;
second-growth forest_ga1;second-growth forest;;Regenerating forest after disturbance, such as fire or clear-cutting (IUCN, 2012a).;Global assessment (1st work programme);;25354;41855.0;;;;;;;;;;;
sector_apa_ldr_sua_eca_ama_scm_nxs;sector;;A distinct part of society, or of a nation's economy.;Asia-Pacific assessment;;21755;16412.0;;;;;;;;;;;
sedentarization_ldr;sedentarization;;The process by which a nomadic group transitions to a lifestyle of living in one place.;Land degradation and restoration assessment;;25355;41857.0;;;;;;;;;;;
sedimentary upper slope_ga1;sedimentary upper slope;;Refers to the upper part of continental slopes. See 'Continental slope'.;Global assessment (1st work programme);;25356;41858.0;;;;;;;;;;;
selection pressure_ga1;selection pressure;;The effect of any feature of the environment that results in natural selection, e.g. food shortage, predator activity, competition from members of the same or other species (Lawrence, 2005).;Global assessment (1st work programme);;25357;41859.0;;;;;;;;;;;
selective hunting_sua;selective hunting;;Selective hunting, in this assessment, refers to situations where hunters focus on particular species, or on individual animals within a population that have particular attributes, e.g. large size, large horns or antlers.;Sustainable use assessment;;25358;41860.0;;;;;;;;;;;
selective logging_apa;selective logging;;Extracting one or a few tree species instead of for example clearcutting of forests. Trees are only felled when they reach a particular height. This allows young trees a guaranteed life span and the forest will regain full maturity after around 30-50 years.;Asia-Pacific assessment;;25359;41861.0;;;;;;;;;;;
semi-natural ecosystem_ama_ga1_sua_ga1_eca;semi-natural ecosystem;;An ecosystem with most of its processes and biodiversity intact, though altered by human activity in strength or abundance relative to the natural state.;Americas assessment, Global assessment (1st work programme), Sustainable use assessment, Global assessment (1st work programme), Europe and Central Asia assessment;;25360;16909.0;;;;;;;;;;;
sense of place_ga1;sense of place;;Characteristics that make a place special or unique, as well as to those that foster a sense of authentic human attachment and belonging (Casey, 2001).;Global assessment (1st work programme);;25361;41862.0;;;;;;;;;;;
sentinel sites or locations_ias;sentinel sites or locations;;selected locations with heightened levels of detection and effective reporting through concentration of activities on subpopulations to enhance detection and improve cost-effectiveness of invasive alien species surveillance efforts;Invasive alien species assessment;;28682;69619.0;;;;;;;;;;;
sessile_ga1;sessile;;Attached or stationary, as opposed to free-living or motile (Lawrence, 2005).;Global assessment (1st work programme);;25362;41864.0;;;;;;;;;;;
set-aside fields_ppa;set-aside fields;;Fields removed from agricultural production for various durations. Set-aside policy and management reduced the extent of agricultural production surpluses, resulted in soil improvement, landscape and farm diversification, and conservation of nature. Also sometimes referred to as fallow.;Pollination assessment;;25363;41865.0;;;;;;;;;;;
sewage_apa;sewage;;Sewage (or domestic wastewater or municipal wastewater) is a type of wastewater that is produced from a community of people.;Asia-Pacific assessment;;25364;41866.0;;;;;;;;;;;
shale gas_ga1;shale gas;;Natural gas from shale formations (European Commission, 2018).;Global assessment (1st work programme);;25365;41867.0;;;;;;;;;;;
shamanism_sua_ga1;shamanism;;A system that links people to the vital forces of nature, especially the soul or inner-self of non-humans or nature spirits, through the mediation of a specialist, the shaman. Shamans are generally trained through enduring experiences including the consumption of psychotropic substances that lead them to experience spiritual connections that are mobilized to combat illness and any dangers that may affect their community.;Sustainable use assessment, Global assessment (1st work programme);;25366;41868.0;;;;;;;;;;;
shared socio-economic pathways_sua;shared socio-economic pathways;SSP;Shared Socio-economic Pathways (SSPs) describe alternative socioeconomic futures in the absence of climate policy intervention, comprising sustainable development (SSP1), regional rivalry (SSP3), inequality (SSP4), fossil-fuelled development (SSP5) and middle-of- the-road development (SSP2). The combination of SSP-based socio- economic scenarios and Representative Concentration Pathway (RCP)-based climate projections provides an integrative frame for climate impact and policy analysis.;Sustainable use assessment;;25367;41869.0;;;;;;;;;;;
shared socioeconomic pathways (ssps)_nxs;shared socioeconomic pathways (ssps);;Shared Socioeconomic Pathways (SSPs) describe alternative socioeconomic futures in the absence of climate policy intervention, comprising sustainability (SSP1), middle-of-the-road (SSP2), regional rivalry (SSP3), inequality (SSP4) and fossil-fuelled development (SSP5). The combination of SSP-based socioeconomic scenarios and Representative Concentration Pathway (RCP)-based climate projections provides an integrative framework for climate impact and policy analysis (IPCC, 2018). See also Representative Concentration Pathways.;Nexus assessment;;34140;88237.0;;;;;;;;;;;
shared values_va;shared values;;Shared values are the broad and specific values that people express collectively, in groups, communities, and across society as a whole. They can be formed through long-term processes of socialisation and shorter-term processes such as group deliberations.;Values assessment;;25368;41872.0;;;;;;;;;;;
shareholder primacy_tca;shareholder primacy;;A prevailing theory in corporate governance, which holds that shareholder interests should be prioritized relative to all other corporate stakeholders (Kersten &amp;;;;;;;;;;;;;;;
shelf ecosystem_ga1;shelf ecosystem;;See 'Continental shelf'.;Global assessment (1st work programme);;25369;41873.0;;;;;;;;;;;
shifting baseline syndrome_nxs;shifting baseline syndrome;;This refers to the gradual change in human perceptions of environmental thresholds over generations due to lack of past information or lack of experience of past conditions. This occurs through an unconscious human perception of the environment's state where the abnormal easily becomes the new normal (Papworth et al., 2009;;;;;;;;;;;;;;;
shifting cultivation_ga1_sua;shifting cultivation;;An agricultural system in which plots of land are cultivated temporarily, then abandoned to regenerate soil fertility by the regeneration of natural vegetation. The system involves 1) the removal of the natural vegetation (usually forest or shrub land) in most cases (though not exclusively) by cutting and subsequent burning, mulching, or their combinations (such as in slash-and-burn, slash-and-mulch);;;;;;;;;;;;;;;
shinto shrine_apa;shinto shrine;;A building or other construction associated with a Japanese religion (Shinto) which incorporate the worship of ancestors and nature spirits.;Asia-Pacific assessment;;25371;41877.0;;;;;;;;;;;
short-lived climate forcers (slcfs)_nxs;short-lived climate forcers;SLCFs;SLCFs is a set of chemically reactive compounds with short (relative to carbon dioxide (CO2) atmospheric lifetimes (from hours to about two decades) but characterized by different physiochemical properties and environmental effects. Their emission or formation has a significant effect on radiative forcing over a period determined by their respective atmospheric lifetimes. Changes in their emissions can also induce long-term climate effects via, in particular, their interactions (IPCC, 2021).;Nexus assessment;;34214;88409.0;;;;;;;;;;;
short-lived climate pollutants (slcp)_nxs;short-lived climate pollutants;SLCP;See Short-lived climate forcers (SLCFs).;Nexus assessment;;34215;88410.0;;;;;;;;;;;
siida_tca;siida;;Consisting of the people, land and the reindeer herd, together create a unit that has deep knowledge of the landscape and on how to adapt to available resources (Sara, 2001). Origin: Sàmi communities.;Transformative change assessment;;34145;88411.0;;;;;;;;;;;
siloed approach_nxs;siloed approach;;In the scope of this assessment, defined as addressing issues in isolation and without regard to interlinkages, resulting in potential misalignment, unintended consequences or trade-offs (Source: this assessment, Chapter 1).;Nexus assessment;;34146;88241.0;;;;;;;;;;;
silviculture_ldr;silviculture;;The applied science of forest ecology and management. The foundation is based on silvics, which is concerned with the development and growth of trees and forests. The practice of silviculture is rooted in a broad understanding of forested ecosystems, which includes biometeorology, hydrology, geology and soils and ecology.;Land degradation and restoration assessment;;25372;41878.0;;;;;;;;;;;
silvopastoralism_apa;silvopastoralism;;Combination of livestock-cattle, sheep, goats, other ruminants-with trees or other woody perennials and forages on the same unit of land.;Asia-Pacific assessment;;25373;41880.0;;;;;;;;;;;
site-based management_ias;site-based management;;programmes that aim to manage the impacts of invasive alien species within a site/area through both implementation of control measures and where necessary restoration (sometimes referred to as asset protection) e.g., within high value protected sites/areas.;Invasive alien species assessment;;28683;69620.0;;;;;;;;;;;
slash-and-burn agriculture_ga1;slash-and-burn agriculture;;See ‘Shifting cultivation’.;Global assessment (1st work programme);;25374;41881.0;;;;;;;;;;;
small-scale fisheries_ga1;small-scale fisheries;;Traditional fishing performed by family units rather than commercial units, using a relatively small amount of capital and energy, and carrying out short fishing trips close to coasts and mainly for local consumption (FAO, 2018a).;Global assessment (1st work programme);;25375;41883.0;;;;;;;;;;;
smart city_nxs;smart city;;A place where traditional networks and services are made more efficient with the use of digital solutions for the benefit of its inhabitants and business. A smart city goes beyond the use of digital technologies for better resource use and less emissions. It means smarter urban transport networks, upgraded water supply and waste disposal facilities and more efficient ways to light and heat buildings. It also means a more interactive and responsive city administration, safer public spaces and meeting the needs of an ageing population (Eurostat, n.d.).;Nexus assessment;;34147;88242.0;;;;;;;;;;;
smriti veda_apa;smriti veda;;A Hindu religious text containing traditional teachings on religion.;Asia-Pacific assessment;;25376;41885.0;;;;;;;;;;;
social and cultural based instrument_sua;social and cultural based instrument;;see “Policy instruments”.;Sustainable use assessment;;25377;41886.0;;;;;;;;;;;
social behaviour_va;social behaviour;;defined as interactions among individuals, normally within the same species, that are usually beneficial to one or more of the individuals. It is believed that social behaviour evolved because it was beneficial to those who engaged in it, which means that these individuals were more likely to survive and reproduce. Social behaviour serves many purposes and is exhibited by an extraordinary wide variety of animals, including invertebrates, fish, birds, and mammals. Thus, social behaviour is not only displayed by animals possessing well-developed brains and nervous systems.;Values assessment;;25378;41887.0;;;;;;;;;;;
social capital_sua;social capital;;As used in the global assessment, social capital refers to networks together with shared norms, values and understandings that facilitate co-operation within or among groups. Put together, these networks and understandings engender trust and so enable people to work together.;Sustainable use assessment;;25379;41888.0;;;;;;;;;;;
social construction_va;social construction;;Emphasizes that social/cultural processes behind the creation of artefacts, values and institutions. To the extent that these constructs influence people’s identity and personality, one talks of social construction of the human.;Values assessment;;25380;41891.0;;;;;;;;;;;
social inequality_ldr;social inequality;;A state whereby resources in a given society are distributed unevenly, typically through norms of allocation, that engender specific patterns along lines of socially defined categories of persons.;Land degradation and restoration assessment;;25381;41892.0;;;;;;;;;;;
social justice_tca;social justice;;"Specific habit of justice that is ""social"" in that it inspire, works with and organizes others to accomplish together a work of justice and that it aims at the good of the community (all) rather than that of one agent (Novak, 2000).";Transformative change assessment;;34148;88412.0;;;;;;;;;;;
social learning_va;social learning;;Social learning is both the cooperation of partners and the outcome of this cooperation that occurs most efficiently through joint problem solving and reflection within learning networks can be reinforced by experiences.;Values assessment;;25382;41893.0;;;;;;;;;;;
social marginalization_ldr;social marginalization;;The process in which individuals or people are systematically blocked from (or denied full access to) various rights, opportunities and resources that are normally available to members of a different group, and which are fundamental to social integration and observance of human rights within that particular group (e.g. housing, employment, healthcare, civic engagement, democratic participation and due process).;Land degradation and restoration assessment;;25383;41894.0;;;;;;;;;;;
social movements_tca;social movements;;Social processes where actors i) share a distinct collective identity, ii) connect through dense informal networks and iii) engage in conflictual collective action.;Transformative change assessment;;34149;88413.0;;;;;;;;;;;
social network_ga1;social network;;A network of social interactions and personal relationships.;Global assessment (1st work programme);;25384;41895.0;;;;;;;;;;;
social norms_ga1;social norms;;A social norm is what people in some group believe to be normal in the group, that is, believed to be a typical action, an appropriate action, or both (Gerry Mackie et al., 2015).;Global assessment (1st work programme);;25385;41896.0;;;;;;;;;;;
social responsibility_afa;social responsibility;;Refers to transparent social practices that are based on ethical values, compliance with legal requirements, and respect for people, communities, and the environment.;Africa assessment;;25386;41898.0;;;;;;;;;;;
social safety net_sua;social safety net;;Social welfare services provided by a community of individuals at the state and local levels. These services are geared toward eliminating poverty in a specific area. These services may include housing re- assignment, job placement, subsidies for household bills, and other cash equivalents for food. Social safety net works in conjunction with a number of other poverty reduction programs with the primary goal of reducing/preventing poverty.;Sustainable use assessment;;25387;41899.0;;;;;;;;;;;
social security_nxs;social security;;The condition of a society emphasizing happiness and contentment. Social welfare relates to how individuals use their relationships to other actors in societies for their own and for the collective good. It has both material elements and wider spiritual and social dimensions (Adger et al., 2003).;Nexus assessment;;34150;88245.0;;;;;;;;;;;
social tipping point_nxs;social tipping point;;A point within a socio-ecological system where a small quantitative change inevitably triggers a non-linear change in the social component of the system, driven by self-reinforcing positive feedback mechanisms that inevitably and often irreversibly lead to a qualitatively different state of the social system (Milkoreit et al., 2018).;Nexus assessment;;34151;88246.0;;;;;;;;;;;
social values_va;social values;;Social values refer to value indicators at a social scale, such as social willingness to pay in economics. They can be established by aggregation from individual values through analytical procedures, or through social processes, such as deliberative valuation, that lead to shared social values.;Values assessment;;25388;41900.0;;;;;;;;;;;
social welfare_ga1_sua;social welfare;;The condition of a society emphasizing happiness and contentment;;;;;;;;;;;;;;;
social-ecological resilience_ldr;social-ecological resilience;;The capacity of a social-ecological system to absorb or withstand perturbations and other stressors such that the system remains within the same regime, essentially maintaining its structure and functions. It describes the degree to which the system is capable of self-organization, learning and adaptation.;Land degradation and restoration assessment;;25390;41902.0;;;;;;;;;;;
socialism_tca;socialism;;A political, philosophical and economic system in which the means of production are collectively controlled, rather than owned by private corporations as they are under capitalism, or by aristocrats under feudalism (Sherwin, 2020).;Transformative change assessment;;34152;88247.0;;;;;;;;;;;
societies_apa;societies;;Aggregations of people involved in persistent social interactions or sharing geographical or social territories, often with individual political authorities and dominant cultural expectations.;Asia-Pacific assessment;;25391;41903.0;;;;;;;;;;;
socio-cultural value_scm;socio-cultural value;;Values shared by people in groups and/or values that inform shared identity of a particular group.;Scenarios and models assessment;;25392;41904.0;;;;;;;;;;;
socio-ecological production landscapes and seascapes_sua;socio-ecological production landscapes and seascapes;SEPLS;Dynamic mosaics of habitats and land uses where the harmonious interaction between people and nature maintains biodiversity while providing humans with the goods and services needed for their.;Sustainable use assessment;;25393;41905.0;;;;;;;;;;;
socio-ecological systems_nxs;socio-ecological systems;;Complex adaptive systems in which people and nature are inextricably linked, in which both the social and ecological components exert strong influence over outcomes. The social dimension includes actors, institutions, cultures and economies, including livelihoods. The ecological dimension includes wild species and the ecosystem they inhabit (IPBES, 2022b). The functions of such a system arise from the interactions and interdependence of the social and ecological subsystems. The system's structure is characterized by reciprocal feedbacks, emphasizing that humans must be seen as a part of, not apart from, nature (Berkes &amp;;;;;;;;;;;;;;;
socio-economic driver_scm;socio-economic driver;;see indirect drivers.;Scenarios and models assessment;;25395;41910.0;;;;;;;;;;;
socio-economic system_nxs;socio-economic system;;Relating to or concerned with the interaction of social and economic factors (Merriam-Webster, n.d.).;Nexus assessment;;34155;88250.0;;;;;;;;;;;
socioeconomic transformations_tca;socioeconomic transformations;;Co-evolutionary processes that include changes in modes of production, work relations and culture (Kemp et al., 2018).;Transformative change assessment;;34156;88251.0;;;;;;;;;;;
socionature_tca;socionature;;A concept that conveys that society and nature are inseparable and should not be analysed in abstraction from each other. They are always co-productive (Bear, 2017).;Transformative change assessment;;34157;88252.0;;;;;;;;;;;
sociotechnical infrastructures_tca;sociotechnical infrastructures;;The emergent systems that organize people and technologies such as databases, information systems, maps, metrics, instruments and more to enable a wide range of actors to know and act in specific ways regarding all kind of contemporary matters including biodiversity loss (Blok et al., 2016).;Transformative change assessment;;34158;88253.0;;;;;;;;;;;
sociotechnical transitions_tca;sociotechnical transitions;;Long-term complex systemic change processes involving multiple actors. Associated with deep structural changes in transport, energy, agri-food and other systems, involving alterations in their overall configuration - includes technology, policy, markets, consumer practices, infrastructure, cultural meaning and scientific knowledge (Geels, 2011).;Transformative change assessment;;34159;88254.0;;;;;;;;;;;
soil_ldr;soil;;The upper layer of the Earth’s crust transformed by weathering and physical/ chemical and biological processes. It is composed of mineral particles, organic matter, water, air and living organisms organized in genetic soil horizons.;Land degradation and restoration assessment;;25396;41911.0;;;;;;;;;;;
soil acidification_ldr;soil acidification;;Soil acidification is caused by a number of factors including acidic precipitation and the deposition from the atmosphere of acidifying gases or particles, such as sulphur dioxide, ammonia and nitric acid. The most important causes of soil acidification on agricultural land, however, are the application of ammonium-based fertilizers and urea, elemental S fertilizer and the growth of legumes.;Land degradation and restoration assessment;;25397;41912.0;;;;;;;;;;;
soil biodiversity loss_ldr;soil biodiversity loss;;Decline in the diversity of (micro- and macro-) organisms present in a soil. In turn, this prejudices the ability of soil to provide critical ecosystem services.;Land degradation and restoration assessment;;25398;41913.0;;;;;;;;;;;
soil compaction_ga1_ldr_ama;soil compaction;;An increase in density and a decline of porosity in a soil that impedes root penetration and movements of water and gases.;Global assessment (1st work programme), Land degradation and restoration assessment, Americas assessment;;21758;41914.0;;;;;;;;;;;
soil contamination_ldr;soil contamination;;An increase of toxic compounds (heavy metals, pesticides and so on) in a soil that constitute, directly or indirectly (via the food chain), a hazard for human health and/or for the provision of ecosystem services assured by the soil.;Land degradation and restoration assessment;;25399;41915.0;;;;;;;;;;;
soil degradation_ga1_ldr;soil degradation;;The diminishing capacity of the soil to provide ecosystem goods and services.;Global assessment (1st work programme), Land degradation and restoration assessment;;21759;41916.0;;;;;;;;;;;
soil ecosystem function_ldr;soil ecosystem function;;A description of the significance of soils to humans and the environment. Examples are: (i) control of substance and energy cycles within ecosystems;;;;;;;;;;;;;;;
soil fertility_sua;soil fertility;;The capacity of a soil to receive, store and transmit energy to support plant growth. It is the component of overall soil productivity that deals with its available nutrient status, and its ability to provide nutrients out of its own reserves and through external applications for crop production.;Sustainable use assessment;;25401;41918.0;;;;;;;;;;;
soil formation rate_ldr;soil formation rate;;The process of rock weathering though which soil is formed.;Land degradation and restoration assessment;;25402;41921.0;;;;;;;;;;;
soil health_ldr;soil health;;The continued capacity of the soil to function as a vital living system, within ecosystem and land-use boundaries, to sustain biological productivity, promote the quality of air and water environments, and maintain plant, animal and human health.;Land degradation and restoration assessment;;25403;41922.0;;;;;;;;;;;
soil organic carbon_ldr;soil organic carbon;SOC;A summarizing parameter including all of the carbon forms for dissolved (DOC: Dissolved Organic Carbon) and total organic compounds (TOC: Total Organic Carbon) in soils.;Land degradation and restoration assessment;;25404;41923.0;;;;;;;;;;;
soil organic matter_ama_ga1;soil organic matter;SOM;Matter consisting of plant and/or animal organic materials, and the conversion products of those materials in soils (ISO, 2013).;Americas assessment, Global assessment (1st work programme);;21760;41924.0;;;;;;;;;;;
soil pollution_ldr;soil pollution;;Process of soil contamination by chemicals (fertilizers, petroleum products, pesticides, herbicides, mining) which has affected agricultural productivity and other ecosystem services negatively.;Land degradation and restoration assessment;;25405;41925.0;;;;;;;;;;;
soil process_ldr;soil process;;Physical or reactive geochemical and biological processes which may attenuate, concentrate, immobilize, liberate, degrade or otherwise transform substances in soil.;Land degradation and restoration assessment;;25406;41926.0;;;;;;;;;;;
soil quality_ldr;soil quality;;All current positive or negative properties with regard to soil utilization and soil functions.;Land degradation and restoration assessment;;21761;41927.0;;;;;;;;;;;
soil salinization_ldr;soil salinization;;Increase in water-soluble salts in soil which is responsible for increasing the osmotic pressure of the soil. In turn, this negatively affects plant growth because less water is made available to plants.;Land degradation and restoration assessment;;25407;41928.0;;;;;;;;;;;
soil sealing_ldr;soil sealing;;The covering of the soil surface with materials like concrete and stone, as a result of new buildings, roads, parking places, but also other public and private space.;Land degradation and restoration assessment;;25408;41929.0;;;;;;;;;;;
soil stability_ldr;soil stability;;The integrity of soil aggregates, degree of soil structural development, and erosion resistance.;Land degradation and restoration assessment;;25409;41930.0;;;;;;;;;;;
soil structure_ldr;soil structure;;The arrangement of soil particles in a variety of recognized shapes and sizes.;Land degradation and restoration assessment;;25410;41931.0;;;;;;;;;;;
solitary bee_ppa;solitary bee;;Bees that are not fully social (such as honey bees (q.v.), bumble bees (q.v.) and stingless bees (q.v.)), but are instead solitary or primitively social. There are more than 19,000 species of solitary bee.;Pollination assessment;;25411;41932.0;;;;;;;;;;;
sovereignty principle_ldr;sovereignty principle;;Sovereignty in the sense of contemporary public international law denotes the basic international legal status of a state that is not subject, within its territorial jurisdiction, to the governmental, executive, legislative, or judicial jurisdiction of a foreign state or to foreign law other than public international law. A sovereign entity can decide and administer its own laws, can determine the use of its land and can do pretty much as it pleases, free of external influence (within the limitations of international law).;Land degradation and restoration assessment;;25412;41933.0;;;;;;;;;;;
spatial downscaling_scm;spatial downscaling;;see downscaling.;Scenarios and models assessment;;21762;16414.0;;;;;;;;;;;
spatial scale_scm_ppa;spatial scale;;Comprised of two properties: 1) spatial extent - the size of the total area of interest for a particular study (e.g. a watershed, a country, the entire planet);;;;;;;;;;;;;;;
specialist species_ppa;specialist species;;A species that can thrive only in restrictive environmental conditions and can make use of only a few different (even only one) resources (for example, a flower-visiting insect that lives on the floral resources provided by one plant or a few different plants or a plant that depends on just one or only a few animal species for pollination).;Pollination assessment;;25414;41936.0;;;;;;;;;;;
species_ldr_apa_sua_ama_eca;species;;An interbreeding group of organisms that is reproductively isolated from all other organisms, although there are many partial exceptions to this rule in particular taxa. Operationally, the term species is a generally agreed fundamental taxonomic unit, based on morphological or genetic similarity, that once described and accepted is associated with a unique scientific name.;Land degradation and restoration assessment, Asia-Pacific assessment, Sustainable use assessment, Americas assessment, Europe and Central Asia assessment;;21763;16415.0;;;;;;;;;;;
species composition_ldr_ga1_apa;species composition;;The array of species in a specific region, area, or assembly.;Land degradation and restoration assessment, Global assessment (1st work programme), Asia-Pacific assessment;;21764;41937.0;;;;;;;;;;;
species distribution model_sua_eca_ama;species distribution model;;Species distribution models relate field observations of the presence/absence of a species to environmental predictor variables, based on statistically or theoretically derived response surfaces, for prediction and inference. The predictor variables are often climatic but can include other environmental variables.;Sustainable use assessment, Europe and Central Asia assessment, Americas assessment;;25415;16417.0;;;;;;;;;;;
species extirpation_ga1;species extirpation;;The local extinction of a species.;Global assessment (1st work programme);;25416;41938.0;;;;;;;;;;;
species richness_ppa;species richness;;Number of species.;Pollination assessment;;21766;41939.0;;;;;;;;;;;
species trait_ga1;species trait;;The morphological, physiological, phonological or behavioural characteristics of an organism, that typically inform about its response to the environment and effects on the ecosystem (Lavorel &amp;;;;;;;;;;;;;;;
species-area relationship_ga1;species-area relationship;;A well-known strong empirical relationship between the area (A) of a region or patch of habitat and the number of species (S) it contains. Over most spatial scales, a power-law relationship S = cAz provides a good fit to data, with z often around 0.25 for separate sets of regions (known as the island species-area relationship) and 0.15 for nested parts of the same region (known as the continental species-area relationship). The species- area relationship has often been used to estimate the size of an extinction debt (qv) resulting from habitat loss.;Global assessment (1st work programme);;25418;41942.0;;;;;;;;;;;
species-led management_ias;species-led management;;invasive alien species management (in all contexts) focused on reducing the threats and impacts of specific or multiple invasive alien species.;Invasive alien species assessment;;28684;69621.0;;;;;;;;;;;
specific values_va;specific values;;Specific values of nature are opinions or judgments regarding the importance of nature in a particular situation or context. Specific values can be grouped into three types: instrumental, intrinsic and relational values.;Values assessment;;25419;41943.0;;;;;;;;;;;
speculative (certainty term (q.v.))_ppa;speculative (certainty term (q.v.));;Existing as or based on a suggestion or speculation;;;;;;;;;;;;;;;
spheres of influence_tca;spheres of influence;;In this assessment, it refers to the domain in which a person (or organisation) has the capacity to encourage or effect meaningful change. This includes the range of people and topics they have the potential to engage with and the spatial reach of their actions, ideas or decisions, as well as the specific context, stakeholders, or systems that can be shaped by their identity and interests (chapter 1).;Transformative change assessment;;34161;88256.0;;;;;;;;;;;
spillover_nxs;spillover;;This term has two meanings: (i) in the context of socio-ecological systems, spillover effects refer to human impacts or natural disturbances beyond system boundaries. These effects can be positive or negative, socio-economic or/and environmental and can be more profound than the effects within the focal system (IPBES, 2019a;;;;;;;;;;;;;;;
"spillover (a. reference to populations; b. reference to disease transmission)_ppa";spillover (a. reference to populations;;;;;;;;;;;;;;;;;
spillover effect_sua;spillover effect;;Human impacts or natural disturbances beyond system boundaries. These effects can be positive or negative, socioeconomic or/and environmental and can be much more profound than the effects within the focal system.;Sustainable use assessment;;25421;41945.0;;;;;;;;;;;
spillover effects_ga1;spillover effects;;Human impacts or natural disturbances beyond system boundaries. These effects can be positive or negative, socioeconomic or/and environmental and can be much more profound than the effects within the focal system (Liu et al., 2013).;Global assessment (1st work programme);;25422;41946.0;;;;;;;;;;;
spiritual reconnection_tca;spiritual reconnection;;Refers to personal and collective practices, processes and outcomes regarding the actualization of the potential to connect to and experience the sacred or the reflection of the divine within oneself. This has been referred to as the spirit, the self, the kingdom of God, resurrection and other terms by different spiritual or religious traditions around the world (de Kalbermatten, 2003).;Transformative change assessment;;34163;88258.0;;;;;;;;;;;
spirituality_tca;spirituality;;The search for the sacred in oneself. Religion is the institutionalisation of such search - which can be compatible or incompatible with spirituality depending on the context (de Kalbermatten, 2003;;;;;;;;;;;;;;;
stability (socio-ecological system)_sua_ga1;stability (socio-ecological system);;The degree to which a system can continue to function if inputs, controls, or conditions are disrupted. It is a reflection of how minor a perturbation is capable of rendering the system inoperable or degraded;;;;;;;;;;;;;;;
stages of invasion_ama;stages of invasion;;Refers to the three stages that a species must successfully transit by in an invasion process and become an invasive species.;Americas assessment;;25424;41948.0;;;;;;;;;;;
stakeholder_ldr_sua_eca_apa_ama_scm_afa;stakeholder;;Any individuals, groups or organizations who affect, or could be affected (whether positively or negatively) by a particular issue and its associated policies, decisions and action.;Land degradation and restoration assessment, Sustainable use assessment, Europe and Central Asia assessment, Asia-Pacific assessment, Americas assessment, Scenarios and models assessment, Africa assessment;;25425;16419.0;;;;;;;;;;;
state (socio-ecological system)_sua;state (socio-ecological system);;The collection of variables that describe the whole of the social- ecological system, including the attributes of ecosystem service providers and beneficiaries.;Sustainable use assessment;;25426;41950.0;;;;;;;;;;;
statistical downscaling_scm;statistical downscaling;;Downscaling based on interpolation of statistical relationships between specific model or scenario metrics and predictors with higher resolution data.;Scenarios and models assessment;;21768;16420.0;;;;;;;;;;;
statistical model_scm;statistical model;;see correlative model.;Scenarios and models assessment;;25427;41952.0;;;;;;;;;;;
status_sua;status;;Based in actual observations (data).;Sustainable use assessment;;25428;41953.0;;;;;;;;;;;
stewardship_ppa;stewardship;;The activity or job of protecting and being responsible for something.;Pollination assessment;;25429;41954.0;;;;;;;;;;;
stewardship practice_ga1;stewardship practice;;The responsible use and protection of the natural environment through conservation actions, active restoration and the sustainable use and management of resources (N. J. Bennett et al., 2018).;Global assessment (1st work programme);;25430;41955.0;;;;;;;;;;;
stingless bee_ppa;stingless bee;;A large group of social bees (about 500 species), comprising the tribe Meliponini, characterized by a highly reduced stinger that cannot be used for defense. Stingless belong in the family Apidae, and are related to common honey bees, carpenter bees, orchid bees, and bumble bees.;Pollination assessment;;25431;41957.0;;;;;;;;;;;
stochastic uncertainty_scm;stochastic uncertainty;;Random behaviour or unpredictability of complex natural, social and economic systems, particularly in relation to future states.;Scenarios and models assessment;;25432;41958.0;;;;;;;;;;;
storyline_scm_eca_apa;storyline;;Qualitative narratives which provide the descriptive framework from which quantitative exploratory scenarios can be formulated.;Scenarios and models assessment, Europe and Central Asia assessment, Asia-Pacific assessment;;21769;16421.0;;;;;;;;;;;
stranded assets_nxs;stranded assets;;Refers to investments which experience unanticipated falls in their financial value and therefore may no longer be used or become financial liabilities before their planned end of life due to environmental changes such as climate change or biodiversity loss, or (unexpected) policy responses to address them. (Source: this assessment, Chapter 6).;Nexus assessment;;34165;88261.0;;;;;;;;;;;
strategic environmental assessment_ldr;strategic environmental assessment;SEA;A mechanism that attempts to assess systematically the environmental impacts of decisions made at, what is conventionally called, levels of strategic decisions.;Land degradation and restoration assessment;;25433;41959.0;;;;;;;;;;;
stratification (water column)_ga1;stratification (water column);;The formation of layers of water masses with different properties - salinity, oxygenation, density, temperature - that act as barriers to water mixing. These layers are normally arranged according to density, with the least dense water masses sitting above the more dense layers.;Global assessment (1st work programme);;25434;41960.0;;;;;;;;;;;
stressor_scm;stressor;;see direct drivers.;Scenarios and models assessment;;25435;41961.0;;;;;;;;;;;
structures_tca;structures;;The stable norms, rules, regulations, institutions and governance arrangements that influence how societies and individuals function. Structures generate consistent patterns in social behaviours, interactions and relationships. In dynamic analyses, they both affect and are emergent from patterns of behaviours and interactions. In this assessment, they broadly refer to ways of organising, regulating and governing (Porpora, 1989;;;;;;;;;;;;;;;
subregion_apa;subregion;;See Asia-Pacific region.;Asia-Pacific assessment;;25436;41962.0;;;;;;;;;;;
subsistence_sua;subsistence;;Subsistence is defined as the livelihood uses in which a species is used or consumed directly by the individual who obtained it from the wild and his/her/their direct social network.;Sustainable use assessment;;25437;41963.0;;;;;;;;;;;
subsistence agriculture_ga1;subsistence agriculture;;Farming system emphasizing production for use rather than for sale (FAO, 1998).;Global assessment (1st work programme);;25438;41964.0;;;;;;;;;;;
succession (ecological)_ga1;succession (ecological);;The process whereby communities of plants, animals and microorganisms are replaced by others, usually more complex, over time as an area is colonized. Primary succession occurs on bare ground (e.g. after a volcanic eruption);;;;;;;;;;;;;;;
suma qamaña_tca;suma qamaña;;A term from the Aymara people meaning living well together with harmonious relationships between people and nature (Albó, 2018;;;;;;;;;;;;;;;
sumak kawsay and suma qamaña_tca;sumak kawsay and suma qamaña;;Indigenous Andean worldviews in South America that conceptualizes a good quality of life through broad values that guide human-human and human-nature interconnections (Artaraz &amp;;;;;;;;;;;;;;;
summary for policymakers_ldr_ama_apa_sua_afa_eca;summary for policymakers;SPM;A component of any report, providing a policy-relevant but not policy prescriptive summary of that report.;Land degradation and restoration assessment, Americas assessment, Asia-Pacific assessment, Sustainable use assessment, Africa assessment, Europe and Central Asia assessment;;21770;41967.0;;;;;;;;;;;
supporting material_ga1;supporting material;;Consists of four categories:(a) Intercultural and interscientific dialogue reports that are based on the material generated at the ecoregional level by discussions between members of academic, indigenous and social organizations and that take into account the diff erent approaches, visions and knowledge systems that exist as well as the various views and approaches to sustainable development;;;;;;;;;;;;;;;
surface mining_ldr;surface mining;;Includes strip mining, open-pit mining and mountaintop removal mining, is a broad category of mining in which soil and rock overlying the mineral deposit (the overburden) are removed.;Land degradation and restoration assessment;;25440;41969.0;;;;;;;;;;;
surveillance_ias;surveillance;;actions, including extended programme of surveys and general surveillance (capturing unstructured and untargeted surveillance data and information from a wide range of sources), undertaken in order to directly or indirectly detect the presence of one or many invasive alien species over time.;Invasive alien species assessment;;28685;69622.0;;;;;;;;;;;
sustainability_eca_ldr_afa_ama_apa;sustainability;;A characteristic or state whereby the needs of the present and local population can be met without compromising the ability of future generations or populations in other locations to meet their needs.;Europe and Central Asia assessment, Land degradation and restoration assessment, Africa assessment, Americas assessment, Asia-Pacific assessment;;21772;16424.0;;;;;;;;;;;
sustainability transitions_ama;sustainability transitions;;A transformation process that is multidimensional, multistakeholder, and often operates in the long-term, by which conventional systems shift to more sustainable modes of production and consumption.;Americas assessment;;25441;41971.0;;;;;;;;;;;
sustainable community forestry_ga1;sustainable community forestry;;Forestry management strategies and practices designed to meet present needs without compromising the needs of future generations.;Global assessment (1st work programme);;25442;41972.0;;;;;;;;;;;
sustainable development_nxs;sustainable development;;"Originally popularized by the UN report 'Our Common Future' (1987), it is intended to mean development that meets the needs and aspirations of the current generation without compromising the ability to meet those of future generations. The Johannesburg Declaration on Sustainable Development emphasizes ""collective responsibility to advance and strengthen the interdependent and mutually reinforcing pillars of sustainable development - economic development, social development and environmental protection - at the local, national, regional and global levels.""";Nexus assessment;;25443;88417.0;;;;;;;;;;;
sustainable development goals_ama_afa_eca;sustainable development goals;SDG;A set of goals adopted by the United Nations in 2015 to end poverty, protect the planet, and ensure prosperity for all, as part of the 2030 Agenda for Sustainable Development.;Americas assessment, Africa assessment, Europe and Central Asia assessment;;21773;16425.0;;;;;;;;;;;
sustainable forest management_ldr;sustainable forest management;SFM;Can mean many things to many people - yet a common thread is the production of forest goods and services for the present and future generations. The concept provides guidance on how to manage forests to provide for today’s needs (as best as possible) and not compromise (i.e. reduce) the options of future generations.;Land degradation and restoration assessment;;25444;41977.0;;;;;;;;;;;
sustainable intensification_nxs;sustainable intensification;;Process or system for increasing agricultural yields without adverse environmental impacts and without the conversion of additional non-agricultural land (Pretty &amp;;;;;;;;;;;;;;;
sustainable intensive agriculture_ldr;sustainable intensive agriculture;;Process or system where agricultural yields are increased without adverse environmental impact and without the conversion of additional non-agricultural land.;Land degradation and restoration assessment;;25446;41980.0;;;;;;;;;;;
sustainable land management_ldr;sustainable land management;;The use of land resources, including soils, water, animals and plants for the production of goods to meet changing human needs while ensuring the long- term productive potential of these resources and the maintenance of their environmental functions.;Land degradation and restoration assessment;;25447;41981.0;;;;;;;;;;;
sustainable land use_ldr;sustainable land use;;The land use that serves the needs (for food, energy, housing, recreation etc.) of all human beings living on Earth today and in the future, respecting the boundaries and the resilience of ecological systems.;Land degradation and restoration assessment;;25448;41982.0;;;;;;;;;;;
sustainable livelihood_sua;sustainable livelihood;;Sustainable livelihoods is defined as the ability of the users to cope with and respond to the stresses and shocks related to fluctuations in the Nature’s contribution to people that adversely impact their material, relational and subjective dimensions of life and create vulnerabilities, develop their capabilities to strengthen access and entitlements to the variety of livelihood resources, without unnecessarily undermining the natural resource base (the wild species and its natural environment), so as to achieve a desirable standard of living that befits them as humans and also approved by the measures of wellbeing and human development.;Sustainable use assessment;;25449;41983.0;;;;;;;;;;;
sustainable resource management_tca;sustainable resource management;;Refers to both ensuring that consumption does not exceed levels of sustainable supply and, ensuring that the earth's systems are able to perform their natural functions (i.e., preventing disruptions, as in the case of greenhouse gas emissions affecting the ability of the atmosphere to 'regulate' the earth's temperature). It requires monitoring and management at various scales. The aim of sustainable resource management is to ensure the long-term material basis of societies in a way that neither resource extraction and use nor the deposition of waste and emissions will surpass the thresholds of a safe operating space (UNEP, 2017).;Transformative change assessment;;34170;88418.0;;;;;;;;;;;
sustainable soil management_ldr;sustainable soil management;;Sets of activities that maintain or enhance the supporting, provisioning, regulating and cultural services provided by soils without significantly impairing either the soil functions that enable those services or biodiversity.;Land degradation and restoration assessment;;25450;41984.0;;;;;;;;;;;
sustainable use_ga1;sustainable use;;The use of components of biological diversity in a way and at a rate that does not lead to the long-term decline of biological diversity, thereby maintaining its potential to meet the needs and aspirations of present and future generations (CBD, 1992).;Global assessment (1st work programme);;25451;41985.0;;;;;;;;;;;
sustainable use (of biodiversity and its components)_ldr_apa_ama_afa_eca;sustainable use (of biodiversity and its components);;The use of components of biological diversity in a way and at a rate that does not lead to the long-term decline of biological diversity, thereby maintaining its potential to meet the needs and aspirations of present and future generations.;Land degradation and restoration assessment, Asia-Pacific assessment, Americas assessment, Africa assessment, Europe and Central Asia assessment;;21774;16426.0;;;;;;;;;;;
sustainably-intensified agriculture_ppa;sustainably-intensified agriculture;;Any system that is designed to produce high yields but with careful management and selection of inputs to reduce harm to the environment. It includes development and use of crop and animal varieties better suited to their environment, use of new technology for pest and disease control and for input management.;Pollination assessment;;25452;41987.0;;;;;;;;;;;
swidden_apa;swidden;;See Shifting cultivation.;Asia-Pacific assessment;;25453;41988.0;;;;;;;;;;;
swidden agriculture_ga1;swidden agriculture;;See 'Shifting cultivation'.;Global assessment (1st work programme);;25454;41990.0;;;;;;;;;;;
symbiosis_ga1;symbiosis;;A long-term interaction between two species that can often have mutual benefit for both species (IUCN, 2012a).;Global assessment (1st work programme);;25455;41991.0;;;;;;;;;;;
synergies_eca_ama;synergies;;See trade-off.;Europe and Central Asia assessment, Americas assessment;;21775;16427.0;;;;;;;;;;;
synergy_nxs;synergy;;In the scope of this assessment, defined as the enhancement of a desirable outcome in one element leading to enhancement of another element (Source: this assessment, Chapter 1). Synergies can be intentional or the result of a combined action of two or more forces, so that the resulting total effect is greater than the sum of the parts (IPBES, 2016b). See also Trade-off.;Nexus assessment;;25456;88271.0;;;;;;;;;;;
synthesis report_apa;synthesis report;;Synthesis reports further distil and integrate materials drawing from assessment reports, are written in a nontechnical style suitable for policymakers and address a broad range of policy-relevant questions. They are to be composed of two sections: a summary for policymakers, and a full report.;Asia-Pacific assessment;;21776;41993.0;;;;;;;;;;;
synthetic biology_sua;synthetic biology;;Adopted as a working definition definition by the Convention on Biological Diversity AHTEG on Synthetic Biology, Synthetic biology was defined as “a further development and new dimension of modern biotechnology that combines science, technology, and engineering to facilitate and accelerate the understanding, design, redesign, manufacture and/or modification of genetic materials, living organisms and biological systems”.;Sustainable use assessment;;25457;41994.0;;;;;;;;;;;
system_tca;system;;A group of interacting or interrelated elements that act according to a set of rules to form a unified whole. A system, surrounded and influenced by its environment, is described by its boundaries, structure and purpose and expressed in its functioning. Also refers to a set of elements or parts that is coherently organized and interconnected in a pattern or structure that produces a characteristic set of behaviours, often classified as its function or purpose (Meadows, 2008). In the transformative change assessment, systems and their boundaries are recognized as subjective rather than realist objects.;Transformative change assessment;;34171;88272.0;;;;;;;;;;;
systematic review_sua_apa;systematic review;;Collation and critical analysis of multiple research studies or papers, using a structured methodology.;Sustainable use assessment, Asia-Pacific assessment;;25458;41995.0;;;;;;;;;;;
systems of life_scm;systems of life;;The complex, integrated interactions of living beings (including humans), such as the cultural attributes of communities, socio-economic conditions and biophysical variables.;Scenarios and models assessment;;25459;41996.0;;;;;;;;;;;
systems thinking_tca;systems thinking;;A way of thinking about the web of interrelations linked to complex problems, our relationship with the world and how change happens (Voulvoulis et al., 2022). Systems thinking moves the focus from entities to relationships among them. There are ontological (systems viewed as real-world phenomena) and epistemological (systems as a lens through which sustainability issues can be addressed) approaches to systems thinking (Abson et al., 2017).;Transformative change assessment;;34172;88273.0;;;;;;;;;;;
taboo_sua_ga1;taboo;;A social or religious custom prohibiting or restricting a particular practice or forbidding association with a particular person, place, or behavior.;Sustainable use assessment, Global assessment (1st work programme);;25460;41997.0;;;;;;;;;;;
target_ldr;target;;A choice by people of a desired contemporary or future outcome.;Land degradation and restoration assessment;;25461;41998.0;;;;;;;;;;;
target condition_ldr;target condition;;A condition that maximizes the desired mix of ecosystem services.;Land degradation and restoration assessment;;25462;41999.0;;;;;;;;;;;
target-seeking scenario_ama_sua;target-seeking scenario;;See “scenarios”.;Americas assessment, Sustainable use assessment;;21777;16429.0;;;;;;;;;;;
taxon_ga1_sua_ama_apa_eca;taxon;;A category applied to a group in a formal system of nomenclature, e.g. species, genus, family etc. (plural: taxa).;Global assessment (1st work programme), Sustainable use assessment, Americas assessment, Asia-Pacific assessment, Europe and Central Asia assessment;;21778;16430.0;;;;;;;;;;;
taxonomic diversity_ga1;taxonomic diversity;;Variety of species or other taxonomic categories (IUCN, 2012a).;Global assessment (1st work programme);;25463;42001.0;;;;;;;;;;;
technocracy_tca;technocracy;;A form of governance that is strongly reliant on elite technical experts, whose understandings are distinctively based on forms of scientific and technical knowledge that emphasize categorization, simplification and measurement of nature and the classification and stratification of people or societies (Arias-Maldonado &amp;;;;;;;;;;;;;;;
technology_tca;technology;;The application of scientific and other knowledge to practical tasks by ordered systems that involve people and organizations, production actions and skill, living organisms and machines (Robson &amp;;;;;;;;;;;;;;;
technology transfer_tca;technology transfer;;The process of applying extant technology to new and innovative applications (Lane, 1999).;Transformative change assessment;;34175;88276.0;;;;;;;;;;;
tele-grabbing_ga1;tele-grabbing;;Transboundary acquisition of land.;Global assessment (1st work programme);;25465;42008.0;;;;;;;;;;;
teleconnection_ama;teleconnection;;Relates to the environmental interactions between climatic systems over considerable distances.;Americas assessment;;25464;42002.0;;;;;;;;;;;
telecoupling_ga1_ga1;telecoupling;;Telecoupling refers to socioeconomic and environmental interactions over distances. It involves distant exchanges of information, energy and matter (e.g. people, goods, products, capital) at multiple spatial, temporal and organizational scales.;Global assessment (1st work programme), Global assessment (1st work programme);;21781;16433.0;;;;;;;;;;;
temporal scale_ppa_ga1_scm;temporal scale;;Comprised of two properties: 1) temporal extent - the total length of the time period of interest for a particular study (e.g. 10 years, 50 years, or 100 years);;;;;;;;;;;;;;;
temporal scales_apa_sua;temporal scales;;Measurements or other observations reported along a time series.;Asia-Pacific assessment, Sustainable use assessment;;25467;42010.0;;;;;;;;;;;
tenure_ppa;tenure;;The act, fact, manner, or condition of holding something in one’s possession, as real estate or an office;;;;;;;;;;;;;;;
tenure security_apa_sua_ldr_ga1;tenure security;;An agreement between an individual or group to land and residential property, which is governed and regulated by a legal and administrative framework includes both customary and statutory systems.;Asia-Pacific assessment, Sustainable use assessment, Land degradation and restoration assessment, Global assessment (1st work programme);;21782;16914.0;;;;;;;;;;;
teratogen_ama;teratogen;;Any agent that causes an abnormality following fetal exposure during pregnancy.;Americas assessment;;25469;42013.0;;;;;;;;;;;
terrestrial animal harvesting_sua;terrestrial animal harvesting;;Terrestrial animal harvesting is defined as the removal from their habitat of animals (vertebrates and invertebrates) that spend some or all of their life cycle in terrestrial environments. As for fishing, terrestrial animal harvesting often results in the death of the animal, but it may not in some cases. To reflect both situations, terrestrial animal harvesting has been sub-divided into a lethal and a “non- lethal” category. Hunting is defined as the lethal category of terrestrial animal harvesting which leads to the killing of the animal, such as in trophy hunting. “Non-lethal” terrestrial animal harvesting is defined as the temporary or permanent capture of live animals from their habitat without intended mortality, such as pet trade, falconry or green hunting. Non-lethal harvest of animals also includes removal of parts or products of animals that do not lead to the mortality of the host, such as vicuña fiber or wild honey. Unintended mortality may however occur in this category and the term “non-lethal” is therefore put in quotes.;Sustainable use assessment;;25470;42014.0;;;;;;;;;;;
terrestrial productivity_ldr;terrestrial productivity;;Net Primary Production (NPP) from the terrestrial environment.;Land degradation and restoration assessment;;25471;42015.0;;;;;;;;;;;
territorial use rights in fisheries_ama;territorial use rights in fisheries;TURF;Give a specific harvester exclusive access to ocean areas.;Americas assessment;;21783;16915.0;;;;;;;;;;;
territories of life_tca;territories of life;;Refers to the unique areas which are under the governance, management and conservation of Indigenous peoples and local communities. Such territories are defined by a connection to the land which transcends the physical and serves as a source of cultural and social identity and a link connecting past generations to present inhabitants. Further, territories of life exist wherever pertinent decisions are made via a functioning governance institution composed by the custodian peoples or local communities. Overall, such territories positively contribute to both the conservation of nature as well as the livelihood and wellbeing of the local communities (ICCA Consortium, 2021).;Transformative change assessment;;34176;88280.0;;;;;;;;;;;
thermodynamics_ldr;thermodynamics;;The science of the relationship between heat, work, temperature, and energy. In broad terms, thermodynamics deals with the transfer of energy from one place to another and from one form to another. The key concept is that heat is a form of energy corresponding to a definite amount of mechanical work. The behaviour of a complex thermodynamic system, such as Earth's atmosphere, can be understood by first applying the principles of states and properties to its component parts—in this case, water, water vapour, and the various gases making up the atmosphere. By isolating samples of material whose states and properties can be controlled and manipulated, properties and their interrelations can be studied as the system changes from state to state.;Land degradation and restoration assessment;;25472;42017.0;;;;;;;;;;;
threatened species_ldr_ga1_ga1_sua_afa_apa_eca_ama;threatened species;;In the IUCN Red List terminology, a threatened species is any species listed in the Red List categories: critically endangered, endangered, or vulnerable.;Land degradation and restoration assessment, Global assessment (1st work programme), Global assessment (1st work programme), Sustainable use assessment, Africa assessment, Asia-Pacific assessment, Europe and Central Asia assessment, Americas assessment;;21784;16434.0;;;;;;;;;;;
threshold_nxs;threshold;;Refers to the levels of a parameter or condition beyond which a system undergoes significant change (Berdugo et al., 2020;;;;;;;;;;;;;;;
threshold effect_sua;threshold effect;;Harmful or fatal effect of a small change in environmental conditions that exceeds the limit of tolerance of an organism or population of a species.;Sustainable use assessment;;25474;42019.0;;;;;;;;;;;
tidal flat_ga1;tidal flat;;Intertidal, non-vegetated, soft sediment habitats, found between mean high- water and mean low-water spring tide datums and generally located in estuaries and other low energy marine environments (Dineen, 2010).;Global assessment (1st work programme);;25475;42020.0;;;;;;;;;;;
tillage_ldr;tillage;;In agriculture, the preparation of soil for planting and the cultivation of soil after planting.;Land degradation and restoration assessment;;25476;42021.0;;;;;;;;;;;
timber line_ga1;timber line;;The altitude (in mountains) and latitude above which trees are unable to grow - also called tree line (Lawrence, 2005).;Global assessment (1st work programme);;25477;42022.0;;;;;;;;;;;
tipping point_afa_apa_ldr_ama_ga1_eca_sua;tipping point;;A set of conditions of an ecological or social system where further perturbation will cause rapid change and prevent the system from returning to its former state.;Africa assessment, Asia-Pacific assessment, Land degradation and restoration assessment, Americas assessment, Global assessment (1st work programme), Europe and Central Asia assessment, Sustainable use assessment;;21785;16435.0;;;;;;;;;;;
tiwizi (ⵜⵉⵡⵉⵣⵉ)_tca;tiwizi (ⵜⵉⵡⵉⵣⵉ);;Amazigh word for group work or mutual aid. Tiwizi is done within the tribe, to work together to benefit everyone, for example building an agadir (ⴰⴳⴰⴷⵉⵔ), (fortified communal granary) igoudar (ⵉⴳⵓⴷⴰⵔ) (traditional granary) or taddagh (ⵜⴰⴷⴷⴰⵔⵜ) (road) (IPBES, 2023). Origin: North Africa.;Transformative change assessment;;34218;88420.0;;;;;;;;;;;
top down_apa;top down;;Systems driven by top level or higher- order processes.;Asia-Pacific assessment;;25478;42024.0;;;;;;;;;;;
topsoil_ldr;topsoil;;The upper part of a natural soil that is generally dark coloured and has a higher content of organic matter and nutrients when compared to the (mineral) horizons below. It excludes the litter layer.;Land degradation and restoration assessment;;25479;42025.0;;;;;;;;;;;
total allowable catch_ga1;total allowable catch;TAC;The total catch allowed to be taken from a resource within a specified time period (usually a year) by all operators;;;;;;;;;;;;;;;
total economic value_apa;total economic value;;A concept in cost-benefit analysis that refers to the value derived by people from a natural resource, a man-made heritage resource or an infrastructure system, compared to not having it.;Asia-Pacific assessment;;25481;42028.0;;;;;;;;;;;
totemism_ga1_sua;totemism;;A principle or an ontology found within societies that differentiate different sections of the society, according to the attachment of these sections to animal or plant tutelar spirits. In other words, totemism defines discontinuities in social order according to each group's attachment to a specific animal or plant spirit that is perceived as having similar features to this section (or clan) and an innerself that also ressembles people in this section (and reciprocally).;Global assessment (1st work programme);;25482;42029.0;;;;;;;;;;;
trade (formal or informal)_sua;trade (formal or informal);;Trade is defined in formal markets as the exchanges in which records are kept and statistics generated. It is expected that currency is the medium of exchange in formal markets. Trade in informal markets encompasses exchanges in which neither records nor statistics are generated;;;;;;;;;;;;;;;
trade-off_sua;trade-off;;A trade-off is a situation where an improvement in the status of one aspect of the environment or of human well-being is necessarily associated with a decline in or loss of a different aspect. Trade-offs characterize most complex systems, and are important to consider when making decisions that aim to improve environmental and/or socio-economic outcomes. Trade-offs are distinct from synergies (the latter are also referred to as “win-win” scenarios): synergies arise when the enhancement of one desirable outcome leads to enhancement of another.;Sustainable use assessment;;21786;16436.0;;;;;;;;;;;
traditional agriculture_ppa;traditional agriculture;;Any type of farming that uses techniques developed over decades or centuries to ensure good, sustainable yields in a specific area or region. Traditional farms are based around mixed crops that complement one another.;Pollination assessment;;25484;42035.0;;;;;;;;;;;
traditional and community-based management system_sua_ga1;traditional and community-based management system;;Resource management strategies and practices based on accumulated indigenous and local knowledge acquired through community-based learning processes and transmitted between successive generations.;Sustainable use assessment, Global assessment (1st work programme);;25485;42036.0;;;;;;;;;;;
traditional and local knowledge_scm_scm;traditional and local knowledge;;see indigenous and local knowledge.;Scenarios and models assessment, Scenarios and models assessment;;25486;42037.0;;;;;;;;;;;
traditional ecological knowledge_sua;traditional ecological knowledge;TEK;Traditional Ecological Knowledge (TEK) is a cumulative body of knowledge and beliefs, handed down through generations by cultural transmission, about the relationship of living beings (including humans) with one another and with their environment. Further, TEK is an attribute of societies with historical continuity in resource use practices;;;;;;;;;;;;;;;
traditional ecological/environmental knowledge (tek)_scm;traditional ecological/environmental knowledge;;"see ""indigenous and local knowledge"".";Scenarios and models assessment;;34178;88421.0;;;;;;;;;;;
traditional ecosystem healing principle_ga1;traditional ecosystem healing principle;;Restoration and ecosystem management activities based on indigenous and local knowledge and often executed by IPLC to restore and maintain the healthy functioning of ecosystems.;Global assessment (1st work programme);;25488;42039.0;;;;;;;;;;;
traditional farming_ga1;traditional farming;;A term used to refer to complex, diverse and locally adapted agricultural systems, managed with time-tested through multi-generational experimentation, as well as diffusion of knowledge and practices. While the term ‘traditional’ is used to refer to a persisting long-term farming system, it does not intend to imply that such systems are static.;Global assessment (1st work programme);;25489;42040.0;;;;;;;;;;;
traditional knowledge_ldr;traditional knowledge;TK;See Indigenous and local knowledge.;Land degradation and restoration assessment;;25490;42041.0;;;;;;;;;;;
traditional medicinal practice_sua;traditional medicinal practice;;Traditional medicine is the sum total of the knowledge, skill, and practices based on the theories, beliefs, and experiences indigenous to different cultures, whether explicable or not, used in the maintenance of health as well as in the prevention, diagnosis, improvement or treatment of physical and mental illness.;Sustainable use assessment;;25491;42044.0;;;;;;;;;;;
tragedy of the commons_ias;tragedy of the commons;;a situation in which individuals with access to a public resource (also called a common) act in their own interest and, in doing so, ultimately deplete the resource;Invasive alien species assessment;;25492;69623.0;;;;;;;;;;;
transboundary_sua_apa;transboundary;;Flows, interactions, relationships across boundary, in reference to jurisdictions, political units, physical nature features.;Sustainable use assessment, Asia-Pacific assessment;;25493;42046.0;;;;;;;;;;;
transboundary pollution_ldr;transboundary pollution;;Pollution that originates in one country but, by crossing the border through pathways of water or air, can cause damage to the environment in another country.;Land degradation and restoration assessment;;25494;42047.0;;;;;;;;;;;
transdisciplinary_tca;transdisciplinary;;An approach to research that is based on integration of multiple disciplines and the active inclusion and participation of stakeholders representing different societal sectors in the processes of problem formulation, knowledge production and learning (Angelstam et al., 2013). It often focuses on specific, complex and societally relevant real-world situations or problems and emphasizes working in a transformative manner to proactively support action or intervention, with an orientation toward the common good and betterment of society (Lawrence et al., 2022).;Transformative change assessment;;34179;88287.0;;;;;;;;;;;
transformability (part of resilience)_ga1;transformability (part of resilience);;The capacity to cross thresholds, enter new development trajectories, abandon unsustainable actions and chart better pathways to established targets (Folke et al. 2010).;Global assessment (1st work programme);;25495;42048.0;;;;;;;;;;;
transformation_tca_nxs;transformation;;A change in the fundamental attributes of natural and human systems, or a thorough or dramatic change in form, composition, structure, appearance, or functionality. In terms of systems, it refers to changes that are fundamental, broad and deep (IPCC, 2022);;;;;;;;;;;;;;;
transformative capacities_tca;transformative capacities;;The knowledge, skills, attitudes and resources necessary to realize transformative change (chapter 1). These include the capacities of individuals and organisations to transform themselves and their society in deliberate, conscious ways to imagine, enact and sustain a transformed world and a way of life that is in balance and where all life flourishes (Ziervogel et al., 2016).;Transformative change assessment;;34180;88289.0;;;;;;;;;;;
transformative change_nxs;transformative change;;A fundamental, system-wide reorganization across technological, economic and social factors, including paradigms, goals and values (IPBES, 2019a). In line with the IPBES transformative change assessment, this assessment defines transformative change as fundamental, system-wide shifts across views, structures and practices. When such shifts address the underlying causes of biodiversity loss and nature's decline, transformative change contributes to a just and sustainable world (Source: IPBES transformative change assessment).;Nexus assessment;;25497;88290.0;;;;;;;;;;;
transformative governance_tca;transformative governance;;The formal and informal (public and private) rules, rule-making systems and actor-networks at all levels of human society (from local to global) that enable transformative change for a just and sustainable world (Visseren-Hamakers et al., 2021;;;;;;;;;;;;;;;
transformative innovation policy_tca;transformative innovation policy;;Focuses on innovation as a search process on the system level, guided by social and environmental objectives, informed by experience and the learning that accompanies that experience and a willingness to revisit existing arrangements to de-routinize them to address societal challenges (Schot &amp;;;;;;;;;;;;;;;
transformative learning_tca;transformative learning;;The process of transforming problematic frames of reference associated with assumptions and expectations (mindsets, habits of mind, meaning perspectives) to make them more inclusive, discriminating, open, reflective and emotionally able to change (Mezirow, 1997).;Transformative change assessment;;34182;88294.0;;;;;;;;;;;
transformative potential_tca;transformative potential;;A latent quality, characteristic or capacity for realising fundamental, system-wide shifts in views, structures and practices to address the underlying causes of biodiversity loss and nature's decline. Transformative potential can be realized through the development of transformative capacities, which include the knowledge, skills, attitudes and resources necessary to realize transformative change (chapter 1).;Transformative change assessment;;34183;88423.0;;;;;;;;;;;
transhumance_eca;transhumance;;Form of pastoralism or nomadism organized around the migration of livestock between mountain pastures in warm seasons and lower altitudes the rest of the year. The seasonal migration may also occur between lower and upper latitudes. A traditional farming practice based on indigenous and local knowledge.;Europe and Central Asia assessment;;21787;16916.0;;;;;;;;;;;
transition_nxs_tca;transition;;The process of changing from one state or condition to another in a given period of time. Transitions can involve individuals, firms, cities, regions and nations, and can be based on incremental or transformative change (IPCC, 2022a). See also transition (socio-technical).;Nexus assessment;;34184;88296.0;;;;;;;;;;;
transition (socio-technical)_nxs;transition (socio-technical);;Long-term complex systemic change process involving multiple actors. Associated with deep structural changes in transport, energy, agri-food and other systems, involving alterations in their overall configuration (includes technology, policy, markets, consumer practices, infrastructure, cultural meaning and scientific knowledge) (Geels, 2004).;Nexus assessment;;34185;88297.0;;;;;;;;;;;
transition risk_nxs;transition risk;;In this assessment, refers to risks related to the costs that especially high-impact sectors will face as policy responses increase to prevent biodiversity loss and/or expand restoration, including the implementation of the Global Biodiversity Framework (Source: this assessment, Chapter 6).;Nexus assessment;;34186;88298.0;;;;;;;;;;;
transitional pathway_eca;transitional pathway;;A course of actions and strategies that aim to achieve the vision. They are closely related to policy or target-seeking scenarios.;Europe and Central Asia assessment;;21788;16437.0;;;;;;;;;;;
translocation_apa;translocation;;The human-mediated movement of living organisms from one area, with release in another.;Asia-Pacific assessment;;25498;42059.0;;;;;;;;;;;
tree-covered area_ldr;tree-covered area;;A land cover class that includes any geographic area dominated by natural tree plants with a cover of 10 percent or more. Areas planted with trees for afforestation purposes and forest plantations are included in this class.;Land degradation and restoration assessment;;25499;42060.0;;;;;;;;;;;
trees outside forest_apa;trees outside forest;TOF;All trees excluded from the definition of forest and other wooded lands. Trees outside the forest are located on other lands, mostly on farmlands and built-up areas, both in rural and urban areas.;Asia-Pacific assessment;;25500;42061.0;;;;;;;;;;;
trend_ias;trend;;temporal trends are directional long-term changes (i.e., decades to centuries) in numbers of species, populations or individuals introduced, or the spatial extent of colonization (Buckland et al., 2017). In this assessment report, trends are presented as indicators of species numbers (species richness) and rates of accumulation of species (e.g., first records of a species in a given location) over time.;Invasive alien species assessment;;25501;69626.0;;;;;;;;;;;
trophic cascades_eca_apa_sua;trophic cascades;;The chain of knock-on extinctions observed or predicted to occur following the loss of one or a few species that play a critical role (e.g. as a pollinator) in ecosystem functioning.;Europe and Central Asia assessment, Asia-Pacific assessment, Sustainable use assessment;;21789;16438.0;;;;;;;;;;;
trophic level_eca_ama_sua;trophic level;;The level in the food chain in which one group of organisms serves as a source of nutrition for another group of organisms (e.g. primary producers, primary or secondary consumers, decomposers).;Europe and Central Asia assessment, Americas assessment, Sustainable use assessment;;21790;16439.0;;;;;;;;;;;
trophic transfer_ga1;trophic transfer;;The transport of contaminants between two trophic levels (Suedel et al., 1994).;Global assessment (1st work programme);;25502;42065.0;;;;;;;;;;;
trophy hunting_sua;trophy hunting;;Trophy hunting is defined as the hunting for one or more individuals of a particular species with specific desired characteristics (such as large size or antlers) with the payment of a fee by a hunter for a hunting experience and trophy. The most common trophy is the mounted head with horns or antlers, although other parts of animal body ( skins, tails, teeth, heads) or even the whole bodies can be also appreciated as a trophy.;Sustainable use assessment;;25503;42066.0;;;;;;;;;;;
turbidity_ama;turbidity;;Turbidity describes the cloudiness of water caused by suspended particles such as clay and silts, chemical precipitates such as manganese and iron, and organic particles such as plant debris and organisms.;Americas assessment;;25504;42067.0;;;;;;;;;;;
ubuntu_tca;ubuntu;;The relational values system of the Ubuntu philosophy focuses on reciprocity, dialogue and collective humanity, which are extended to nature and have been applied in development, external relations, educational and health practices (Chibvongodze, 2016;;;;;;;;;;;;;;;
ukama_tca;ukama;;A term from the Shona people that represents an ethic of relationality and care for all that exists. It acknowledges human interrelatedness in a network of mutuality with all things in the cosmos (Ndofirepi &amp;;;;;;;;;;;;;;;
uncertainty_ppa;uncertainty;;Any situation in which the current state of knowledge is such that (1) the order or nature of things is unknown, (2) the consequences, extent, or magnitude of circumstances, conditions, or events is unpredictable, and (3) credible probabilities to possible outcomes cannot be assigned.;Pollination assessment;;21791;42068.0;;;;;;;;;;;
underlying causes_tca;underlying causes;;The deep-rooted social and cultural patterns that shape and reinforce the indirect and direct drivers of biodiversity loss and nature's decline. This assessment highlights what underlies current modes of social organisation and ways of interacting with nature that are causing the multi-layered socio-environmental degradation associated with the polycrisis. This assessment identifies the following underlying causes: disconnection from and domination over nature and people;;;;;;;;;;;;;;;
units of analysis_sua;units of analysis;;The IPBES Units of Analysis result from subdividing the Earth’s surface into units solely for the purposes of analysis. The following have been identified as IPBES units of analysis globally: Terrestrial: Tropical and subtropical dry and humid forests Temperate and boreal forests and woodlands Mediterranean forests, woodlands and scrub Tundra and High Mountain habitats Tropical and subtropical savannas and grasslands Temperate Grasslands Deserts and xeric shrublands Wetlands - peatlands, mires, bogs Urban/Semi-urban Cultivated areas (incl. cropping, intensive livestock farming etc.) Aquatic, including both marine and freshwater: Cryosphere Aquaculture areas Inland surface waters and water bodies/freshwater Shelf ecosystems (neritic and intertidal/littoral zone) Open ocean pelagic systems (euphotic zone) Deep-Sea Coastal areas intensively used for multiple purposes by humans These IPBES terrestrial and aquatic units of analysis serve as a framework for comparison within and across assessments and represent a pragmatic solution. The IPBES terrestrial and aquatic units of analysis are not intended to be prescriptive for other purposes than those of IPBES assessments. They are likely to evolve as the work of IPBES develops.;Sustainable use assessment;;21792;16441.0;;;;;;;;;;;
universal health coverage_nxs;universal health coverage;;See health coverage (universal).;Nexus assessment;;34190;88302.0;;;;;;;;;;;
unpredictability_scm;unpredictability;;Something difficult or impossible to foretell or foresee.;Scenarios and models assessment;;25505;42078.0;;;;;;;;;;;
unresolved (certainty term (q.v.))_ppa;unresolved (certainty term (q.v.));;Multiple independent studies exist but conclusions do not agree.;Pollination assessment;;25506;42079.0;;;;;;;;;;;
upanishad_apa;upanishad;;Each of a series of Hindu sacred treatises written in Sanskrit c.800-200 BC, expounding the Vedas in predominantly mystical and monistic terms.;Asia-Pacific assessment;;25507;42080.0;;;;;;;;;;;
upscaling_ldr_scm_ga1_apa;upscaling;;The process of scaling information from local, fine-grained resolution to global, coarse-grained resolution.;Land degradation and restoration assessment, Scenarios and models assessment, Global assessment (1st work programme), Asia-Pacific assessment;;21793;16442.0;;;;;;;;;;;
upwelling_sua_ga1;upwelling;;A process in which deep, cold water rises toward the surface replacing warmer water pushed away by winds. Water that rises to the surface as a result of upwelling is typically colder and rich in nutrients, which “fertilize” surface waters, meaning that these surface waters often have high biological productivity.;Sustainable use assessment, Global assessment (1st work programme);;25508;42081.0;;;;;;;;;;;
urban_ppa;urban;;adj. Pertaining to the built-up, human- inhabited environment (cities, towns, villages, etc.).;Pollination assessment;;25509;42082.0;;;;;;;;;;;
urban ecosystem_ga1;urban ecosystem;;Any ecological system located within a city or other densely settled area or, in a broader sense, the greater ecological system that makes up an entire metropolitan area (Pickett, 2018).;Global assessment (1st work programme);;25510;42083.0;;;;;;;;;;;
urban heat island effect_ldr;urban heat island effect;;The term heat island describes built up areas that are hotter than nearby rural areas.;Land degradation and restoration assessment;;25511;42084.0;;;;;;;;;;;
urban metabolism_ga1;urban metabolism;;A method to evaluate the flows of energy and materials within an urban system, which can provide insights into the system's sustainability and the severity of urban problems such as excessive social, community, and household metabolism at scales ranging from global to local.;Global assessment (1st work programme);;25512;42085.0;;;;;;;;;;;
urban planning_nxs;urban planning;;Encompasses the preparation of plans for and the regulation and management of towns, cities and metropolitan regions. It attempts to organize socio-spatial relations across different scales of government and governance. Urban planning is concerned with the social, economic and environmental consequences of delineating spatial boundaries and influencing spatial distributions of resources (Kobayashi, 2020);Nexus assessment;;34191;88303.0;;;;;;;;;;;
urbanization_sua;urbanization;;The increase in the proportion of a population living in urban areas;;;;;;;;;;;;;;;
use of wild species_sua;use of wild species;;The wild species uses are defined through the practices of fishing, gathering, terrestrial animal harvesting, logging, and non-extractive practices. For the purposes of this assessment, the use of wild species have been divided into different categories, which are not mutually exclusive: ceremony and ritual expression, decorative and aesthetic, energy, food and feed, learning and education, materials and construction, medicine and hygiene, recreation and other: companionship.;Sustainable use assessment;;25514;42089.0;;;;;;;;;;;
users_scm;users;;Stakeholders who use the products of an assessment, such as decision-makers.;Scenarios and models assessment;;25515;42090.0;;;;;;;;;;;
usufruct right_apa;usufruct right;;A legal right accorded to a person or party that confers the temporary right to use and derive income or benefit from someone else’s property.;Asia-Pacific assessment;;25516;42091.0;;;;;;;;;;;
validation (of models)_scm;validation (of models);;Typically refers to checking model outputs for consistency with observations. However, since models cannot be validated in the formal sense of the term (i.e. proven to be true), some scientists prefer to use the words benchmarking or evaluation.;Scenarios and models assessment;;21794;42092.0;;;;;;;;;;;
valuation_va;valuation;;It is the process of documenting the existence of values, identifying when and where and by whom they are expressed, that in turn allows characterizing values. Valuation of nature can inform decision-making about numerous human-nature relationships;;;;;;;;;;;;;;;
valuation approach_va;valuation approach;;Valuation approaches are higher level assumptions, ideas or beliefs that underpin methods. They translate key decisions on how a method is to be applied or how the information generated by methods is to be interpreted. For each approach there are often multiple accepted methods that adhere to the basic assumptions and ideas of the given approach. Valuation approaches can also be manifested as “traditions” or widely accepted and expected protocols for undertaking valuation. Valuation traditions are heavily informed and influenced by the cultural context and/or epistemological worldviews.;Values assessment;;25518;42094.0;;;;;;;;;;;
valuation method_va;valuation method;;Are the specific techniques and accepted formal procedures that are applied to gather and analyse information from nature and society in order to and understand or make explicit the state of nature and its importance to people a) quantity, quality and status of nature including its spatial and temporal variations;;;;;;;;;;;;;;;
value (as importance)_ama_apa_eca_ldr_ga1;value (as importance);;A value can be the importance of something for itself or for others, now or in the future, close by or at a distance. This importance can be considered in three broad classes. 1. The importance that something has subjectively, and may be based on experience. 2. The importance that something has in meeting objective needs. 3. The intrinsic value of something.;Americas assessment;;25520;42096.0;;;;;;;;;;;
value (as measure)_ama_eca_ldr_apa_afa;value (as measure);;A value can be a measure. In the biophysical sciences, any quantified measure can be seen as a value.;Americas assessment, Europe and Central Asia assessment, Land degradation and restoration assessment, Asia-Pacific assessment, Africa assessment;;25521;42098.0;;;;;;;;;;;
value (as preference)_afa_ldr_apa_ama_eca_ga1;value (as preference);;A value can be the preference someone has for something or for a particular state of the world. Preference involves the act of making comparisons, either explicitly or implicitly. Preference refers to the importance attributed to one entity relative to another one.;Africa assessment;;25522;42099.0;;;;;;;;;;;
value (as principle)_afa_ldr_eca_apa_ama;value (as principle);;A value can be a principle or core belief underpinning rules and moral judgments. Values as principles vary from one culture to another and also between individuals and groups.;Africa assessment, Land degradation and restoration assessment, Europe and Central Asia assessment, Asia-Pacific assessment, Americas assessment;;25523;42100.0;;;;;;;;;;;
value chains_tca;value chains;;the full range of activities that firms and workers do to bring a product from its conception to its end use and beyond (Gereffi &amp;;;;;;;;;;;;;;;
value chains (that link production systems; markets and consumers)_ias;value chains (that link production systems, markets and consumers);;a contact network, which provides opportunities for the transmission of contagious diseases within and between sectors. It follows that these chains (networks) can be understood and taken into account in planning risk management strategies for disease prevention and control” especially in relation with “risky parts of the value chain”;Invasive alien species assessment;;28687.0;69627.0;;;;;;;;;;
value change_va;value change;;Value change refers to the modification of people’s values or of the prioritization of their values in particular contexts. Value change processes occur at different social scales, from large-scale cultural shifts (e.g. intergenerational shifts due to changing demography or changes to shared values) to small-scale personal shifts (e.g. values formation and change over an individual’s lifetime). Individual, social and social-ecological experiences and interactions influence value change;;;;;;;;;;;;;;;
value expression_va;value expression;;Values can be expressed explicitly through language and implicitly through actions like choices, decisions made, everyday practices or rituals. Valuation methods are used to undertake explicit valuation. Methods and approaches to integrate and bridge values, provide knowledge about nature’s values as input to decision-making.;Values assessment;;25526;42102.0;;;;;;;;;;;
value formation_va;value formation;;'Value formation' refers to how values develop in the first place. It can occur in individual-focused processes, trough socially-oriented processes or in social-ecological processes that do not separate humans and nature.;Values assessment;;25527;42103.0;;;;;;;;;;;
value indicator_va;value indicator;;Indicators of value are quantitative and qualitative measures of the importance of nature to people. Indicators used to express the value of nature can be biophysical, economic and socio-cultural.;Values assessment;;25528;42104.0;;;;;;;;;;;
value monism_va;value monism;;Derives from a utilitarian perspective on human-nature relationships which privileges some values of nature over others (usually monetary values).;Values assessment;;25529;42105.0;;;;;;;;;;;
value pluralism_va;value pluralism;;Value pluralism is the idea that there are several values which may be equally correct and fundamental, and yet in conflict with each other. It is the opposite of value monism. More broadly speaking, value pluralism may also refer to different people having different worldviews and hence different values. In addition, these plural values may be incommensurable (i.e. they do not share a single unit of measurement, a single metric, and that there is no objective way of comparing them or weighting them against each other).;Values assessment;;25530;42106.0;;;;;;;;;;;
value systems_scm;value system;;Sets of values according to which people, societies and organizations regulate their behaviour.;Scenarios and models assessment;;25531;42107.0;;;;;;;;;;;
value-action gap_tca;value-action gap;;Instances wherein consumers do not behave or act in accordance with their beliefs about the environment (Franco &amp;;;;;;;;;;;;;;;
value-articulating institution_va;value-articulating institution;;Methods for valuation of nature and NCPs may be termed value articulating institutions since they are based on a set of rules concerning the valuing process: Participation: who participates;;;;;;;;;;;;;;;
value; values_tca;value, values;;Values reflect life goals, beliefs and general guiding principles. They also reflect the opinions or judgements of the importance of specific things in particular situations and contexts. When considering the values of nature, values can refer to nature itself, how nature contributes to people's quality of life, in addition to the way people express the value of life-supporting processes, functions and systems - interrelating biophysical, spiritual, or symbolic aspects. Within the assessment we refer to broad, specific values and value indicators;;;;;;;;;;;;;;
values_sua;values;;Value systems: Set of values according to which people, societies and organizations regulate their behavior. Value systems can be identified in both individuals and social groups (Pascual et al., 2017). Value (as principle): A value can be a principle or core belief underpinning rules and moral judgments. Values as principles vary from one culture to another and also between individuals and groups (IPBES, 2015). Value (as preference): A value can be the preference someone has for something or for a particular state of the world. Preference involves the act of making comparisons, either explicitly or implicitly. Preference refers to the importance attributed to one entity relative to another one (IPBES, 2015). Value (as importance): A value can be the importance of something for itself or for others, now or in the future, close by or at a distance. This importance can be considered in three broad classes. 1. The importance that something has subjectively, and may be based on experience. 2. The importance that something has in meeting objective needs. 3. The intrinsic Please do not cite, quote or circulate 1733 value of something (IPBES, 2015). Value (as measure): A value can be a measure. In the biophysical sciences, any quantified measure can be seen as a value (IPBES, 2015). Non-anthropocentric value: A non-anthropocentric value is a value centered on something other than human beings. These values can be non-instrumental or instrumental to non-human ends (IPBES, 2015). Intrinsic value: This concept refers to inherent value, that is the value something has independent of any human experience or evaluation. Such a value is viewed as an inherent property of the entity and not ascribed or generated by external valuing agents (Pascual et al., 2017). Anthropocentric value: The value that something has for human beings and human purposes (Pascual et al., 2017). Instrumental value: The value attributed to something as a means to achieving a particular end (Pascual et al., 2017). Non-instrumental value: The value attributed to something as an end in itself, regardless of its utility for other ends. Relational value: The values that contribute to desirable relationships, such as those among people or societies, and between people and nature, as in “Living in harmony with nature” (IPBES, 2015). Integrated valuation: The process of collecting, synthesizing, and communicating knowledge about the ways in which people ascribe importance and meaning of Nature’s contributions to people, to facilitate deliberation and agreement for decision making and planning.;Sustainable use assessment;;21795;16444.0;;;;;;;;;;;
values of nature_va;values of nature;;The values of nature encompass the different layers of the values typology, including worldviews (and underpinning knowledge systems, languages and cultures), broad values, specific values, indicators and preferences. In addition to instrumental values, the values of nature include reciprocal values and perspectives of nature where nature and people are not seen as separate, and where intrinsic values are acknowledged on a par with values of nature’s benefits to people.;Values assessment;;25533;42115.0;;;;;;;;;;;
valuing_va;valuing;;Is the more implicit act of assigning a value to something, which, in contrast to valuation, does not necessarily follow an explicit and formal process. Thus, while we all go through the process of ‘valuing’ on a daily basis for our day-to-day decisions, valuation is most often an exercise that is undertaken by 'experts' or a specifically designed team systematically applying a specific method.;Values assessment;;25535;42117.0;;;;;;;;;;;
vector_ias;vector;;Any living or non-living carrier that transports living organisms intentionally or unintentionally;Invasive alien species assessment;;25536;69628.0;;;;;;;;;;;
vector-borne pathogen_ldr;vector-borne pathogen;;Disease causing agents that are spread from host to host by living or non-living agent. For example, malaria is transmitted to humans by mosquitos.;Land degradation and restoration assessment;;25537;42119.0;;;;;;;;;;;
vested interests_tca;vested interests;;Special benefits enjoyed based on existing economic, political, or social privileges. Vested interests arise because certain people and groups benefit from what businesses and institutions do or make possible-for example, through the services they provide, the supplies they purchase, or the jobs they fund (Moe, 2015).;Transformative change assessment;;34195;88427.0;;;;;;;;;;;
views_tca;views;;In this assessment, views refer to the ways of seeing, thinking, or knowing. Views include values of nature, as well as views on legitimacy of knowledge types and around intent and purpose (chapter 1).;Transformative change assessment;;34196;88309.0;;;;;;;;;;;
virtual water_ldr;virtual water;;The volume of freshwater used to produce the commodity, good or service, measured at the place where the product was actually produced.;Land degradation and restoration assessment;;25538;42120.0;;;;;;;;;;;
virtual water balance_ldr;virtual water balance;;In global trade, the difference between water used to produce export products and the water used to produce import products.;Land degradation and restoration assessment;;25539;42121.0;;;;;;;;;;;
vision_tca;vision;;A desirable future (an endpoint in time). Visions uSUAlly consist of statements depicting the explicit desires, assumptions, beliefs and paradigms that underlie the desired future (IPBES, 2018b). In this assessment, visions refer to descriptions of desirable future states of nature and people. They are shaped by values and worldviews and often include defined goals and intentional efforts to attain future states (chapter 2).;Transformative change assessment;;25540;88310.0;;;;;;;;;;;
visioning_tca;visioning;;Process of creating a vision, a representation of a desirable future state, which can be operationalized in specific qualitative and quantitative goals and targets, or be more general (Wiek &amp;;;;;;;;;;;;;;;
visions (of the future)_va;visions (of the future);;“Visions” are descriptions of a desirable future (an endpoint in time), which society or parts of society want to achieve. They usually consist of statements depicting orienting goals, and the assumptions, beliefs and paradigms that underlie the desired future. Visions can take the form of policy targets, but can also be formulated by a range of actors, e.g. from the private sector to address business targets or civil society to address social targets.;Values assessment;;25541;42123.0;;;;;;;;;;;
volatilization_ldr;volatilization;;The process of converting a chemical substance from a liquid or solid state to a gaseous or vapour state.;Land degradation and restoration assessment;;25542;42124.0;;;;;;;;;;;
vulnerability_nxs;vulnerability;;The conditions determined by physical, social, economic and environmental factors or processes which increase the susceptibility of an individual, a community, assets or systems to the impacts of hazards (UNDRR, 2022). The propensity or predisposition to be adversely affected;;;;;;;;;;;;;;;
vulnerability reduction_ldr;vulnerability reduction;;The propensity or predisposition to be adversely affected. Vulnerability encompasses a variety of concepts and elements including sensitivity or susceptibility to harm and lack of capacity to cope and adapt.;Land degradation and restoration assessment;;25544;42126.0;;;;;;;;;;;
vulnerable population_sua;vulnerable population;;Those individuals or groups who have a greater probability than the population as a whole of being harmed and experiencing an impaired quality of life because of social, environmental, health, or economic conditions or policies.;Sustainable use assessment;;25545;42127.0;;;;;;;;;;;
waka taurua_tca;waka taurua;;"Translated as ""Double Canoe"", this conceptual framework symbolizes the unity of Western and Māori knowledges, characterized as two canoes lashed together, each maintaining its distinct values and perspectives while striving for a common goal (Maxwell et al., 2020). Origin: Maori, New Zealand.";Transformative change assessment;;34198;88428.0;;;;;;;;;;;
warinyi_tca;warinyi;;"Among the speakers of the Warumungu language in Australia, habitat-based classification is expressed through the suffix warinyi. This designation has implications for interactions and relationships between humans and other-than-human beings, since, according to this worldview, all ""dwellers"" of a particular habitat (e.g., plants, animals, humans, etc.) have equal rights (IPBES, 2022b). Origin: Warumungu, Australia.";Transformative change assessment;;34199;88429.0;;;;;;;;;;;
water_nxs;water;;In the scope of this assessment, the nexus element of water covers inland waters as defined by the Convention on Biological Diversity (CBD, 1992). This includes all waters (fresh, brackish and salt water) located or adjacent to land boundaries and encompasses nearshore/coastal marine environments and lakes, rivers, ponds, streams, groundwater, springs, cave waters, floodplains, as well as bogs, marshes and swamps (Source: this assessment, Chapter 1).;Nexus assessment;;34200;88315.0;;;;;;;;;;;
water (virtual)_nxs;water (virtual);;Virtual water is the water embodied in commodities, so in the production of food and fibre and non-food commodities, including energy (Allan, 2003).;Nexus assessment;;34201;88316.0;;;;;;;;;;;
water footprint_ldr_ga1;water footprint;;The measure of humanity's use of fresh water as represented in volumes of water consumed and/or polluted.;Land degradation and restoration assessment, Global assessment (1st work programme);;25546;42128.0;;;;;;;;;;;
water governance_nxs;water governance;;the range of political, social, economic and administrative systems that are in place to develop and manage water resources, and the delivery of water services, at different levels of society (GWP, 2021).;Nexus assessment;;34202;88317.0;;;;;;;;;;;
water grabbing_ga1;water grabbing;;A situation where powerful actors are able to take control of, or reallocate to their own benefits, water resources already used by local communities or feeding aquatic ecosystems on which their livelihoods are based (Mehta et al., 2012).;Global assessment (1st work programme);;25547;42130.0;;;;;;;;;;;
water logging_ldr;water logging;;An excess of water on top and/or within the soil, leading to reduced air availability in the soil for long periods.;Land degradation and restoration assessment;;25548;42131.0;;;;;;;;;;;
water purification_ldr;water purification;;Vegetation, and specially aquatic plants, can assist in removing sediments and nutrients and other impurities from water.;Land degradation and restoration assessment;;25549;42132.0;;;;;;;;;;;
water security_nxs;water security;;The capacity of a population to safeguard sustainable access to adequate quantities of acceptable quality water for sustaining livelihoods, human well-being and socioeconomic development, for ensuring protection against water-borne pollution and water-related disasters, and for preserving ecosystems in a climate of peace and political stability (UN Water, n.d.).;Nexus assessment;;21796;88318.0;;;;;;;;;;;
water security index_ldr;water security index;WSI;The ratio of total water withdrawal to the water availability including environmental flow requirements. Higher WSI values lead to decreasing water security.;Land degradation and restoration assessment;;25550;42136.0;;;;;;;;;;;
water stress_eca_afa_ama;water stress;;Water stress occurs in an organism when the demand for water exceeds the available amount during a certain period or when poor quality restricts its use.;Europe and Central Asia assessment, Africa assessment, Americas assessment;;21797;16918.0;;;;;;;;;;;
water table_ldr;water table;;The upper surface of the zone of ground water.;Land degradation and restoration assessment;;25551;42138.0;;;;;;;;;;;
water use efficiency_ga1;water use efficiency;;The ratio between effective water use and actual water withdrawal. In irrigation, it represents the ratio between estimated plant water requirements (through evapotranspiration) and actual water withdrawal.;Global assessment (1st work programme);;25552;42139.0;;;;;;;;;;;
weed_ppa;weed;;A plant that is a pest (q.v.) in a particular circumstance.;Pollination assessment;;25553;42140.0;;;;;;;;;;;
welfare_ga1_sua;welfare;;See 'Social welfare'.;Global assessment (1st work programme), Sustainable use assessment;;25554;42141.0;;;;;;;;;;;
well established (certainty term (q.v.))_ppa;well established (certainty term (q.v.));;Consensus from a comprehensive meta- analysis7 or other synthesis, or multiple independent studies that agree.;Pollination assessment;;25555;42143.0;;;;;;;;;;;
well-being_tca;well-being;;The value that someone attaches to personal circumstances in a social state of affairs (Dasgupta, 2001).;Transformative change assessment;;34203;88319.0;;;;;;;;;;;
wellbeing_ama_eca_afa;wellbeing;;A perspective on a good life that comprises access to basic resources, freedom and choice, health and physical well-being, good social relationships, security, peace of mind and spiritual experience. Well-being is achieved when individuals and communities can act meaningfully to pursue their goals and can enjoy a good quality of life. The concept of human well-being is used in many western societies and its variants, together with living in harmony with nature, and living well in balance and harmony with Mother Earth. All these are different perspectives on a good quality of life.;Americas assessment;;21798;16445.0;;;;;;;;;;;
wellbeing (human)_ga1;wellbeing (human);;A perspective on a good life that comprises access to basic resources, freedom and choice, health and physical, including psychological, well- being, good social relationships, security, equity, peace of mind and spiritual experience. Well-being is achieved when individuals and communities can act meaningfully to pursue their goals and can enjoy a good quality of life. The concept of human well-being is used in many western societies and its variants, together with living in harmony with nature, and living well in balance and harmony with Mother Earth. All these are different perspectives on a good quality of life.;Global assessment (1st work programme);;25556;42148.0;;;;;;;;;;;
western science_ldr;western science;;(Also called modern science, Western scientific knowledge or international science) is used in the context of the IPBES conceptual framework as a broad term to refer to knowledge typically generated in universities, research institutions and private firms following paradigms and methods typically associated with the scientific method consolidated in Post-Renaissance Europe on the basis of wider and more ancient roots. It is typically transmitted through scientific journals and scholarly books. Some of its central tenets are observer independence, replicable findings, systematic scepticism, and transparent research methodologies with standard units and categories.;Land degradation and restoration assessment;;21799;42150.0;;;;;;;;;;;
wetland_sua_ga1_ama_apa_ga1_ldr_eca;wetland;;Areas that are subject to inundation or soil saturation at a frequency and duration, such that the plant communities present are dominated by species adapted to growing in saturated soil conditions, and/or that the soils of the area are chemically and physically modified due to saturation and indicate a lack of oxygen;;;;;;;;;;;;;;;
whakapapa_tca;whakapapa;;Refers to a type of cultural connectedness that encompasses both ancestry and nature and determines both the relationships and obligations that exist for Maori people, who see themselves living within the natural world rather than separate. Ko au te awa, ko te awa ko au is a Maori saying that translates to 'I am the river and the river is me' (Charpleix, 2018). Origin: Maori, New Zealand.;Transformative change assessment;;34204;88430.0;;;;;;;;;;;
whakataukī_tca;whakataukī;;Kia whakatōmuri te haere ki whakamua' (in Maori), To walk into the future our eyes must be fixed on the past (chapter 2). Origin: Maori, New Zealand.;Transformative change assessment;;34219;88431.0;;;;;;;;;;;
widespread species_ias;widespread species;;species that are able to maintain viable populations across a range of environments leading to a large range size. Widespread species are likely to experience a large range of ecological and climatic conditions within their range. A large niche width – based on the current distribution of a species – seems to be a general pattern in widespread species;Invasive alien species assessment;;28688;69629.0;;;;;;;;;;;
wild food_sua;wild food;;Wild foods are food products obtained from non-domesticated species.;Sustainable use assessment;;25558;42153.0;;;;;;;;;;;
wild habitat_ga1_sua;wild habitat;;See 'Natural habitat'.;Global assessment (1st work programme);;25559;42154.0;;;;;;;;;;;
wild meat_sua;wild meat;;Wild meat is defined as meat for human consumption derived from wild species.;Sustainable use assessment;;25560;42156.0;;;;;;;;;;;
wild pollinator_ppa;wild pollinator;;A pollinator that can live without human husbandry. Some may depend on agricultural settings for survival.;Pollination assessment;;25561;42157.0;;;;;;;;;;;
wild relative_ga1_sua;wild relative;;Wild species related to crops, including crop progenitors.;Global assessment (1st work programme), Sustainable use assessment;;25562;42158.0;;;;;;;;;;;
wild species_sua;wild species;;Wild species refers to populations of any species that have not been domesticated through multigenerational selection for particular traits, and which can survive independently of human intervention that may occur in any environment. This does not imply a complete absence of human management and recognizes various intermediate states between wild and domesticated. This assessment excludes feral and introduced populations.;Sustainable use assessment;;25563;42159.0;;;;;;;;;;;
wild species watching_sua;wild species watching;;Wild species watching is defined as a non-extractive practice where humans observe, and in some cases interact, with wild species in their natural environment in a way that does not involve the harvest or removal of any part of the organism. Wild species watching activities vary greatly in the level of wild species involvement, ranging from photographing animals from afar to more invasive practices of habituating, feeding and touching animals (UNEP/CMS, 2006, p. 2006). Wild species watching also is an economically important segment of nature-based tourism.;Sustainable use assessment;;25564;42160.0;;;;;;;;;;;
wilderness_ga1_sua;wilderness;;Ecosystems, landscapes and seascapes with a very low degree of human influence, at present with full recognition that they are often inhabited and managed by people, and have been so for centuries or millennia, often at low population densities, and therefore their native biodiversity and ecological and evolutionary processes have not been reconfigured by human drivers to a significant degree. Not all areas designated as wilderness conform to this definition, especially in Europe where abandoned agricultural areas ‘managed’ by ‘wild living’ large herbivores are also called wilderness. Some wilderness areas in the world show transition to cultural landscapes with low human influence.;Global assessment (1st work programme), Sustainable use assessment;;25565;42161.0;;;;;;;;;;;
willingness-to-accept_ga1_sua;willingness-to-accept;WTA;Estimate of the amount people are prepared to accept in exchange for a certain state or good (e.g. WTA for protection of an endangered species).;Global assessment (1st work programme), Sustainable use assessment;;25566;42162.0;;;;;;;;;;;
willingness-to-pay_ias;willingness-to-pay;WTP;the stated price that an individual would accept to pay for avoiding the loss or the diminution of an environmental service;Invasive alien species assessment;;25567;69630.0;;;;;;;;;;;
woody encroachment_ldr;woody encroachment;;Increasing dominance of shrubs in grasslands and trees in shrublands.;Land degradation and restoration assessment;;25568;42164.0;;;;;;;;;;;
world heritage site_apa;world heritage site;;A World Heritage Site is a landmark or area which is selected by the United Nations Educational, Scientific and Cultural Organization (UNESCO) as having cultural, historical, scientific or other form of significance, and is legally protected by international treaties. The sites are judged important to the collective interests of humanity.;Asia-Pacific assessment;;25569;42165.0;;;;;;;;;;;
worldview_ga1_ldr_eca_ama;worldview;;Defined by the connections between networks of concepts and systems of knowledge, values, norms and beliefs. Individual person's worldviews are moulded by the community the person belongs to. Practices are embedded in worldviews and are intrinsically part of them (e.g. through rituals, institutional regimes, social organization, but also in environmental policies, in development choices, etc.). See also Perceptions;;;;;;;;;;;;;;;
worldviews_tca;worldviews;;Overarching systems of meaning and meaning making that significantly extent inform and influence how humans interpret, enact and co-create reality (Hedlund-de Witt, 2013). Also considered mental lenses through which human social groups perceive, think about, interpret, inhabit and modify the world. Rooted in cultural traditions, they shape and are shaped by knowledge systems, languages and values. Epistemic worldviews pertain to diverse knowledge systems that hold often implicit philosophical assumptions about how nature and values can be known, while human-nature worldviews guide perspectives on our conceptualization of and relationship with nature based on underlying value systems (IPBES, 2022b).;Transformative change assessment;;34206;88323.0;;;;;;;;;;;
yindyamarra_tca;yindyamarra;;A vital term for the Wiradjuri people that is often translated as respect and informs a way of life grounded in mutual respect and caring for all, including self, community, ancestors, land, animals etc. (Sullivan et al., 2016). Origin: Wiradjuri, Australia.;Transformative change assessment;;34207;88324.0;;;;;;;;;;;
zoonotic disease_apa_sua_ga1_afa;zoonotic disease;;Zoonotic disease or zoonoses are directly transmitted from animals to humans via various routes of transmission (e.g. air - influenza;;;;;;;;;;;;;;;
;abiotic pollination;;;;;bag_of_words;;;;;;;;;;;;
;abundance;;;;;bag_of_words;;;;;;;;;;;;
;abundance (ecological);;;;;bag_of_words;;;;;;;;;;;;
;abyssal plain;;;;;bag_of_words;;;;;;;;;;;;
;acaricide;;;;;bag_of_words;;;;;;;;;;;;
;acceptance;;;;;bag_of_words;;;;;;;;;;;;
;access and benefit sharing;;;;;bag_of_words;;;;;;;;;;;;
;accessibility;;;;;bag_of_words;;;;;;;;;;;;
;acclimatization;;;;;bag_of_words;;;;;;;;;;;;
;accountability;;;;;bag_of_words;;;;;;;;;;;;
;acid deposition;;;;;bag_of_words;;;;;;;;;;;;
;acid sulfate soil;;;;;bag_of_words;;;;;;;;;;;;
;acidification;;;;;bag_of_words;;;;;;;;;;;;
;active disruption;;;;;bag_of_words;;;;;;;;;;;;
;active restoration;;;;;bag_of_words;;;;;;;;;;;;
;actor;;;;;bag_of_words;;;;;;;;;;;;
;adaptability;;;;;bag_of_words;;;;;;;;;;;;
;adaptation;;;;;bag_of_words;;;;;;;;;;;;
;adaptation response;;;;;bag_of_words;;;;;;;;;;;;
;adaptive capacity;;;;;bag_of_words;;;;;;;;;;;;
;adaptive co-management;;;;;bag_of_words;;;;;;;;;;;;
;adaptive governance;;;;;bag_of_words;;;;;;;;;;;;
;adaptive learning;;;;;bag_of_words;;;;;;;;;;;;
;adaptive management;;;;;bag_of_words;;;;;;;;;;;;
;adaptive radiation;;;;;bag_of_words;;;;;;;;;;;;
;adoption;;;;;bag_of_words;;;;;;;;;;;;
;aerobic;;;;;bag_of_words;;;;;;;;;;;;
;aerosol;;;;;bag_of_words;;;;;;;;;;;;
;affected actor;;;;;bag_of_words;;;;;;;;;;;;
;afforestation;;;;;bag_of_words;;;;;;;;;;;;
;agency;;;;;bag_of_words;;;;;;;;;;;;
;agenda setting;;;;;bag_of_words;;;;;;;;;;;;
;aggregating;;;;;bag_of_words;;;;;;;;;;;;
;agribusiness;;;;;bag_of_words;;;;;;;;;;;;
;agricultural biodiversity;;;;;bag_of_words;;;;;;;;;;;;
;agricultural commodity;;;;;bag_of_words;;;;;;;;;;;;
;agricultural ecosystem / agroecosystem;;;;;bag_of_words;;;;;;;;;;;;
;agricultural extensification;;;;;bag_of_words;;;;;;;;;;;;
;agricultural extension;;;;;bag_of_words;;;;;;;;;;;;
;agricultural intensification;;;;;bag_of_words;;;;;;;;;;;;
;agricultural orientation index;;;;;bag_of_words;;;;;;;;;;;;
;agricultural production landscapes;;;;;bag_of_words;;;;;;;;;;;;
;agriculture;;;;;bag_of_words;;;;;;;;;;;;
;agri-environmental scheme;;;;;bag_of_words;;;;;;;;;;;;
;agrisilvicultural system;;;;;bag_of_words;;;;;;;;;;;;
;agrisilvipastoral system;;;;;bag_of_words;;;;;;;;;;;;
;agrobiodiversity;;;;;bag_of_words;;;;;;;;;;;;
;agrochemical;;;;;bag_of_words;;;;;;;;;;;;
;agro-deforestation;;;;;bag_of_words;;;;;;;;;;;;
;agroecological agriculture;;;;;bag_of_words;;;;;;;;;;;;
;agro-ecological zone;;;;;bag_of_words;;;;;;;;;;;;
;agroecology;;;;;bag_of_words;;;;;;;;;;;;
;agroecosystem;;;;;bag_of_words;;;;;;;;;;;;
;agroforestry;;;;;bag_of_words;;;;;;;;;;;;
;ahimsā;;;;;bag_of_words;;;;;;;;;;;;
;aichi (biodiversity) targets;;;;;bag_of_words;;;;;;;;;;;;
;albedo;;;;;bag_of_words;;;;;;;;;;;;
;alien invasive species;;;;;bag_of_words;;;;;;;;;;;;
;alien species;;;;;bag_of_words;;;;;;;;;;;;
;alliance for zero extinction sites;;;;;bag_of_words;;;;;;;;;;;;
;alluvial soil;;;;;bag_of_words;;;;;;;;;;;;
;alpha diversity;;;;;bag_of_words;;;;;;;;;;;;
;alternative futures;;;;;bag_of_words;;;;;;;;;;;;
;alternative trajectories;;;;;bag_of_words;;;;;;;;;;;;
;ameliorative policy arrangements;;;;;bag_of_words;;;;;;;;;;;;
;amorphous;;;;;bag_of_words;;;;;;;;;;;;
;anaerobic;;;;;bag_of_words;;;;;;;;;;;;
;ancestors;;;;;bag_of_words;;;;;;;;;;;;
;animism;;;;;bag_of_words;;;;;;;;;;;;
;annual;;;;;bag_of_words;;;;;;;;;;;;
;anoxic;;;;;bag_of_words;;;;;;;;;;;;
;anoxic event;;;;;bag_of_words;;;;;;;;;;;;
;anthrome;;;;;bag_of_words;;;;;;;;;;;;
;anthropocene;;;;;bag_of_words;;;;;;;;;;;;
;anthropocentric;;;;;bag_of_words;;;;;;;;;;;;
;anthropocentric value;;;;;bag_of_words;;;;;;;;;;;;
;anthropocentrism;;;;;bag_of_words;;;;;;;;;;;;
;anthropogenic;;;;;bag_of_words;;;;;;;;;;;;
;anthropogenic assets;;;;;bag_of_words;;;;;;;;;;;;
;anthropogenic biome;;;;;bag_of_words;;;;;;;;;;;;
;anthropogenic drivers;;;;;bag_of_words;;;;;;;;;;;;
;anthropogenic impact;;;;;bag_of_words;;;;;;;;;;;;
;anthropogenic landscape;;;;;bag_of_words;;;;;;;;;;;;
;anthropogenic pressure;;;;;bag_of_words;;;;;;;;;;;;
;anthropogenic value;;;;;bag_of_words;;;;;;;;;;;;
;aphotic zone;;;;;bag_of_words;;;;;;;;;;;;
;apiculture;;;;;bag_of_words;;;;;;;;;;;;
;approach;;;;;bag_of_words;;;;;;;;;;;;
;approval;;;;;bag_of_words;;;;;;;;;;;;
;aquaculture;;;;;bag_of_words;;;;;;;;;;;;
;aqueous slurries;;;;;bag_of_words;;;;;;;;;;;;
;aquifer;;;;;bag_of_words;;;;;;;;;;;;
;arable;;;;;bag_of_words;;;;;;;;;;;;
;archetype;;;;;bag_of_words;;;;;;;;;;;;
;areas;;;;;bag_of_words;;;;;;;;;;;;
;arenas of engagement;;;;;bag_of_words;;;;;;;;;;;;
;arid ecosystem;;;;;bag_of_words;;;;;;;;;;;;
;arid region;;;;;bag_of_words;;;;;;;;;;;;
;aridification;;;;;bag_of_words;;;;;;;;;;;;
;article 8(j) of the cbd;;;;;bag_of_words;;;;;;;;;;;;
;asia-pacific region;;;;;bag_of_words;;;;;;;;;;;;
;aspirations;;;;;bag_of_words;;;;;;;;;;;;
;assessment report;;;;;bag_of_words;;;;;;;;;;;;
;assisted colonization;;;;;bag_of_words;;;;;;;;;;;;
;asymmetry (in plant-pollinator networks (q.v.));;;;;bag_of_words;;;;;;;;;;;;
;available water capacity;;;;;bag_of_words;;;;;;;;;;;;
;average genetic variation;;;;;bag_of_words;;;;;;;;;;;;
;avoided deforestation in conjunction with afforestation and reforestation;;;;;bag_of_words;;;;;;;;;;;;
;ayni;;;;;bag_of_words;;;;;;;;;;;;
;backcasting;;;;;bag_of_words;;;;;;;;;;;;
;badland;;;;;bag_of_words;;;;;;;;;;;;
;balance;;;;;bag_of_words;;;;;;;;;;;;
;ballast water;;;;;bag_of_words;;;;;;;;;;;;
;bare soil;;;;;bag_of_words;;;;;;;;;;;;
;barrier;;;;;bag_of_words;;;;;;;;;;;;
;basal area;;;;;bag_of_words;;;;;;;;;;;;
;baseline;;;;;bag_of_words;;;;;;;;;;;;
;beekeeping;;;;;bag_of_words;;;;;;;;;;;;
;behaviour change;;;;;bag_of_words;;;;;;;;;;;;
;behavioural economics;;;;;bag_of_words;;;;;;;;;;;;
;benchmarking (of models);;;;;bag_of_words;;;;;;;;;;;;
;beneficiary;;;;;bag_of_words;;;;;;;;;;;;
;beneficiary pays principle;;;;;bag_of_words;;;;;;;;;;;;
;benefit;;;;;bag_of_words;;;;;;;;;;;;
;benefit sharing;;;;;bag_of_words;;;;;;;;;;;;
;benefits;;;;;bag_of_words;;;;;;;;;;;;
;benthic;;;;;bag_of_words;;;;;;;;;;;;
;benthos;;;;;bag_of_words;;;;;;;;;;;;
;bequest value;;;;;bag_of_words;;;;;;;;;;;;
;best practice;;;;;bag_of_words;;;;;;;;;;;;
;biennial;;;;;bag_of_words;;;;;;;;;;;;
;bioaccumulation;;;;;bag_of_words;;;;;;;;;;;;
;biocapacity;;;;;bag_of_words;;;;;;;;;;;;
;biocentric perspectives;;;;;bag_of_words;;;;;;;;;;;;
;biocentric worldview;;;;;bag_of_words;;;;;;;;;;;;
;biocentrism;;;;;bag_of_words;;;;;;;;;;;;
;biochar;;;;;bag_of_words;;;;;;;;;;;;
;biochemical oxygen demand;;;;;bag_of_words;;;;;;;;;;;;
;biocultural;;;;;bag_of_words;;;;;;;;;;;;
;biocultural approaches to conservation;;;;;bag_of_words;;;;;;;;;;;;
;biocultural community protocol;;;;;bag_of_words;;;;;;;;;;;;
;biocultural diversity;;;;;bag_of_words;;;;;;;;;;;;
;biocultural management;;;;;bag_of_words;;;;;;;;;;;;
;biocultural refugia;;;;;bag_of_words;;;;;;;;;;;;
;biodegradation;;;;;bag_of_words;;;;;;;;;;;;
;biodiesel;;;;;bag_of_words;;;;;;;;;;;;
;biodiversity;;;;;bag_of_words;;;;;;;;;;;;
;biodiversity conservation;;;;;bag_of_words;;;;;;;;;;;;
;biodiversity dilution effect;;;;;bag_of_words;;;;;;;;;;;;
;biodiversity finance;;;;;bag_of_words;;;;;;;;;;;;
;biodiversity finance (blended);;;;;bag_of_words;;;;;;;;;;;;
;biodiversity finance (private);;;;;bag_of_words;;;;;;;;;;;;
;biodiversity finance (public domestic);;;;;bag_of_words;;;;;;;;;;;;
;biodiversity finance (public international);;;;;bag_of_words;;;;;;;;;;;;
;biodiversity financing gap;;;;;bag_of_words;;;;;;;;;;;;
;biodiversity footprint hotspot;;;;;bag_of_words;;;;;;;;;;;;
;biodiversity hotspot;;;;;bag_of_words;;;;;;;;;;;;
;biodiversity intactness index;;;;;bag_of_words;;;;;;;;;;;;
;biodiversity loss;;;;;bag_of_words;;;;;;;;;;;;
;biodiversity offset;;;;;bag_of_words;;;;;;;;;;;;
;biodiversity offsets;;;;;bag_of_words;;;;;;;;;;;;
;biodynamic agriculture;;;;;bag_of_words;;;;;;;;;;;;
;bioeconomy;;;;;bag_of_words;;;;;;;;;;;;
;bioenergy;;;;;bag_of_words;;;;;;;;;;;;
;bioenergy with carbon capture and storage;;;;;bag_of_words;;;;;;;;;;;;
;bioethanol;;;;;bag_of_words;;;;;;;;;;;;
;biofuel;;;;;bag_of_words;;;;;;;;;;;;
;biogas;;;;;bag_of_words;;;;;;;;;;;;
;biogenic volatile organic compound;;;;;bag_of_words;;;;;;;;;;;;
;biogeochemical cycle;;;;;bag_of_words;;;;;;;;;;;;
;biogeochemistry;;;;;bag_of_words;;;;;;;;;;;;
;biological conservation;;;;;bag_of_words;;;;;;;;;;;;
;biological control;;;;;bag_of_words;;;;;;;;;;;;
;biological diversity;;;;;bag_of_words;;;;;;;;;;;;
;biological invasion;;;;;bag_of_words;;;;;;;;;;;;
;biological oxygen demand;;;;;bag_of_words;;;;;;;;;;;;
;biological pump;;;;;bag_of_words;;;;;;;;;;;;
;biological resource;;;;;bag_of_words;;;;;;;;;;;;
;biological sustainable level (fished within);;;;;bag_of_words;;;;;;;;;;;;
;biomass;;;;;bag_of_words;;;;;;;;;;;;
;biomass (ecology);;;;;bag_of_words;;;;;;;;;;;;
;biomass (for production);;;;;bag_of_words;;;;;;;;;;;;
;biome;;;;;bag_of_words;;;;;;;;;;;;
;biophysical system;;;;;bag_of_words;;;;;;;;;;;;
;biophysical value;;;;;bag_of_words;;;;;;;;;;;;
;bioprospecting;;;;;bag_of_words;;;;;;;;;;;;
;bio-prospectors;;;;;bag_of_words;;;;;;;;;;;;
;bioremediation;;;;;bag_of_words;;;;;;;;;;;;
;biosecurity;;;;;bag_of_words;;;;;;;;;;;;
;biosphere;;;;;bag_of_words;;;;;;;;;;;;
;biota;;;;;bag_of_words;;;;;;;;;;;;
;bio-technical stabilization;;;;;bag_of_words;;;;;;;;;;;;
;biotechnology;;;;;bag_of_words;;;;;;;;;;;;
;biotechnology (modern);;;;;bag_of_words;;;;;;;;;;;;
;bioterrorism;;;;;bag_of_words;;;;;;;;;;;;
;biotic facilitation;;;;;bag_of_words;;;;;;;;;;;;
;biotic homogenization;;;;;bag_of_words;;;;;;;;;;;;
;biotic resistance to invasion;;;;;bag_of_words;;;;;;;;;;;;
;birgejupmi;;;;;bag_of_words;;;;;;;;;;;;
;black carbon;;;;;bag_of_words;;;;;;;;;;;;
;blue carbon;;;;;bag_of_words;;;;;;;;;;;;
;blue carbon ecosystem;;;;;bag_of_words;;;;;;;;;;;;
;bog;;;;;bag_of_words;;;;;;;;;;;;
;bonn challenge;;;;;bag_of_words;;;;;;;;;;;;
;bottom-up;;;;;bag_of_words;;;;;;;;;;;;
;bottom-up;;;;;bag_of_words;;;;;;;;;;;;
;bottom-up control of the food web;;;;;bag_of_words;;;;;;;;;;;;
;boundary object;;;;;bag_of_words;;;;;;;;;;;;
;brackish water;;;;;bag_of_words;;;;;;;;;;;;
;breadth;;;;;bag_of_words;;;;;;;;;;;;
;bridging organizations;;;;;bag_of_words;;;;;;;;;;;;
;broad values;;;;;bag_of_words;;;;;;;;;;;;
;buen vivir;;;;;bag_of_words;;;;;;;;;;;;
;buen vivir (sumak kawsay in quechua, suma qamaña in aymara);;;;;bag_of_words;;;;;;;;;;;;
;buffer (ecology);;;;;bag_of_words;;;;;;;;;;;;
;buffer zones (protected areas);;;;;bag_of_words;;;;;;;;;;;;
;built environment;;;;;bag_of_words;;;;;;;;;;;;
;bumble bee;;;;;bag_of_words;;;;;;;;;;;;
;burden;;;;;bag_of_words;;;;;;;;;;;;
;burden of disease;;;;;bag_of_words;;;;;;;;;;;;
;bureau;;;;;bag_of_words;;;;;;;;;;;;
;bush encroachment;;;;;bag_of_words;;;;;;;;;;;;
;bushmeat;;;;;bag_of_words;;;;;;;;;;;;
;bushmeat hunting;;;;;bag_of_words;;;;;;;;;;;;
;business;;;;;bag_of_words;;;;;;;;;;;;
;business-as-usual;;;;;bag_of_words;;;;;;;;;;;;
;businesses;;;;;bag_of_words;;;;;;;;;;;;
;bycatch;;;;;bag_of_words;;;;;;;;;;;;
;c3 photosynthesis;;;;;bag_of_words;;;;;;;;;;;;
;c3 plants;;;;;bag_of_words;;;;;;;;;;;;
;c4 photosynthesis;;;;;bag_of_words;;;;;;;;;;;;
;c4 plants;;;;;bag_of_words;;;;;;;;;;;;
;calendars;;;;;bag_of_words;;;;;;;;;;;;
;calibration (of models);;;;;bag_of_words;;;;;;;;;;;;
;canned hunting;;;;;bag_of_words;;;;;;;;;;;;
;capacity development;;;;;bag_of_words;;;;;;;;;;;;
;capacity dimensions;;;;;bag_of_words;;;;;;;;;;;;
;capacity-building;;;;;bag_of_words;;;;;;;;;;;;
;cap-and-trade;;;;;bag_of_words;;;;;;;;;;;;
;capital;;;;;bag_of_words;;;;;;;;;;;;
;capitalism;;;;;bag_of_words;;;;;;;;;;;;
;carbon capture and storage;;;;;bag_of_words;;;;;;;;;;;;
;carbon cycle;;;;;bag_of_words;;;;;;;;;;;;
;carbon dioxide equivalent;;;;;bag_of_words;;;;;;;;;;;;
;carbon footprint;;;;;bag_of_words;;;;;;;;;;;;
;carbon offset;;;;;bag_of_words;;;;;;;;;;;;
;carbon sequestration;;;;;bag_of_words;;;;;;;;;;;;
;carbon sink;;;;;bag_of_words;;;;;;;;;;;;
;carbon storage;;;;;bag_of_words;;;;;;;;;;;;
;carbon tax;;;;;bag_of_words;;;;;;;;;;;;
;carbon uptake;;;;;bag_of_words;;;;;;;;;;;;
;carbon-lock-in phase;;;;;bag_of_words;;;;;;;;;;;;
;carrying capacity;;;;;bag_of_words;;;;;;;;;;;;
;cascading impact;;;;;bag_of_words;;;;;;;;;;;;
;casual species;;;;;bag_of_words;;;;;;;;;;;;
;catalogue of policy support tools and methodologies;;;;;bag_of_words;;;;;;;;;;;;
;causal chains;;;;;bag_of_words;;;;;;;;;;;;
;causal effect;;;;;bag_of_words;;;;;;;;;;;;
;century;;;;;bag_of_words;;;;;;;;;;;;
;ceremonial uses (of wild species);;;;;bag_of_words;;;;;;;;;;;;
;certainty;;;;;bag_of_words;;;;;;;;;;;;
;certainty terminology;;;;;bag_of_words;;;;;;;;;;;;
;certification (environmental);;;;;bag_of_words;;;;;;;;;;;;
;certification principles and standards;;;;;bag_of_words;;;;;;;;;;;;
;challenge;;;;;bag_of_words;;;;;;;;;;;;
;challenges;;;;;bag_of_words;;;;;;;;;;;;
;charismatic species;;;;;bag_of_words;;;;;;;;;;;;
;chemosynthesis;;;;;bag_of_words;;;;;;;;;;;;
;chemosynthetic ecosystem;;;;;bag_of_words;;;;;;;;;;;;
;circular economy;;;;;bag_of_words;;;;;;;;;;;;
;citizen science;;;;;bag_of_words;;;;;;;;;;;;
;citizens;;;;;bag_of_words;;;;;;;;;;;;
;civil society;;;;;bag_of_words;;;;;;;;;;;;
;clade;;;;;bag_of_words;;;;;;;;;;;;
;classical biological control;;;;;bag_of_words;;;;;;;;;;;;
;clean development mechanism;;;;;bag_of_words;;;;;;;;;;;;
;clean technology;;;;;bag_of_words;;;;;;;;;;;;
;climate;;;;;bag_of_words;;;;;;;;;;;;
;climate action;;;;;bag_of_words;;;;;;;;;;;;
;climate change;;;;;bag_of_words;;;;;;;;;;;;
;climate change adaptation;;;;;bag_of_words;;;;;;;;;;;;
;climate change impacts;;;;;bag_of_words;;;;;;;;;;;;
;climate change mitigation;;;;;bag_of_words;;;;;;;;;;;;
;climate envelope;;;;;bag_of_words;;;;;;;;;;;;
;climate regulation;;;;;bag_of_words;;;;;;;;;;;;
;climate smart agriculture;;;;;bag_of_words;;;;;;;;;;;;
;climate variability;;;;;bag_of_words;;;;;;;;;;;;
;climatic driver;;;;;bag_of_words;;;;;;;;;;;;
;climatological anomalies;;;;;bag_of_words;;;;;;;;;;;;
;climatological normal;;;;;bag_of_words;;;;;;;;;;;;
;closed water systems;;;;;bag_of_words;;;;;;;;;;;;
;coastal squeeze;;;;;bag_of_words;;;;;;;;;;;;
;co-benefit;;;;;bag_of_words;;;;;;;;;;;;
;co-benefit strategies;;;;;bag_of_words;;;;;;;;;;;;
;co-creation;;;;;bag_of_words;;;;;;;;;;;;
;cold seep;;;;;bag_of_words;;;;;;;;;;;;
;collaborative;;;;;bag_of_words;;;;;;;;;;;;
;collaborative governance;;;;;bag_of_words;;;;;;;;;;;;
;collapse (socioecological system);;;;;bag_of_words;;;;;;;;;;;;
;collecting;;;;;bag_of_words;;;;;;;;;;;;
;collective action;;;;;bag_of_words;;;;;;;;;;;;
;colonialism;;;;;bag_of_words;;;;;;;;;;;;
;coloniality;;;;;bag_of_words;;;;;;;;;;;;
;colonization pressure;;;;;bag_of_words;;;;;;;;;;;;
;co-management;;;;;bag_of_words;;;;;;;;;;;;
;commercialization;;;;;bag_of_words;;;;;;;;;;;;
;comminution;;;;;bag_of_words;;;;;;;;;;;;
;common pool resource;;;;;bag_of_words;;;;;;;;;;;;
;common property theory;;;;;bag_of_words;;;;;;;;;;;;
;commons;;;;;bag_of_words;;;;;;;;;;;;
;communication;;;;;bag_of_words;;;;;;;;;;;;
;community (ecological);;;;;bag_of_words;;;;;;;;;;;;
;community (social);;;;;bag_of_words;;;;;;;;;;;;
;community forestry;;;;;bag_of_words;;;;;;;;;;;;
;community-based;;;;;bag_of_words;;;;;;;;;;;;
;community-based conservation;;;;;bag_of_words;;;;;;;;;;;;
;community-based forest management;;;;;bag_of_words;;;;;;;;;;;;
;community-based monitoring;;;;;bag_of_words;;;;;;;;;;;;
;community-based monitoring and information systems;;;;;bag_of_words;;;;;;;;;;;;
;community-based natural resource management;;;;;bag_of_words;;;;;;;;;;;;
;community-based tourism;;;;;bag_of_words;;;;;;;;;;;;
;community-managed forest;;;;;bag_of_words;;;;;;;;;;;;
;compensation;;;;;bag_of_words;;;;;;;;;;;;
;compliance;;;;;bag_of_words;;;;;;;;;;;;
;compounding impact;;;;;bag_of_words;;;;;;;;;;;;
;concepts;;;;;bag_of_words;;;;;;;;;;;;
;conceptual framework;;;;;bag_of_words;;;;;;;;;;;;
;conceptualization;;;;;bag_of_words;;;;;;;;;;;;
;conceptualizations;;;;;bag_of_words;;;;;;;;;;;;
;conditions;;;;;bag_of_words;;;;;;;;;;;;
;confidence;;;;;bag_of_words;;;;;;;;;;;;
;conflict;;;;;bag_of_words;;;;;;;;;;;;
;conflicts;;;;;bag_of_words;;;;;;;;;;;;
;connectance (in plant-pollinator networks (q.v.));;;;;bag_of_words;;;;;;;;;;;;
;connected water systems;;;;;bag_of_words;;;;;;;;;;;;
;connections;;;;;bag_of_words;;;;;;;;;;;;
;connectivity;;;;;bag_of_words;;;;;;;;;;;;
;conservation agriculture;;;;;bag_of_words;;;;;;;;;;;;
;conservation benefit;;;;;bag_of_words;;;;;;;;;;;;
;conservation biology;;;;;bag_of_words;;;;;;;;;;;;
;conservation easement;;;;;bag_of_words;;;;;;;;;;;;
;conservation tender;;;;;bag_of_words;;;;;;;;;;;;
;consumer surplus;;;;;bag_of_words;;;;;;;;;;;;
;consumerism;;;;;bag_of_words;;;;;;;;;;;;
;containment;;;;;bag_of_words;;;;;;;;;;;;
;contaminant;;;;;bag_of_words;;;;;;;;;;;;
;continental shelf;;;;;bag_of_words;;;;;;;;;;;;
;continental slope;;;;;bag_of_words;;;;;;;;;;;;
;contingent valuation;;;;;bag_of_words;;;;;;;;;;;;
;continuity;;;;;bag_of_words;;;;;;;;;;;;
;control;;;;;bag_of_words;;;;;;;;;;;;
;convention on international trade in endangered species of wild fauna and flora;;;;;bag_of_words;;;;;;;;;;;;
;conventional agricultural methods;;;;;bag_of_words;;;;;;;;;;;;
;conventions;;;;;bag_of_words;;;;;;;;;;;;
;co-production;;;;;bag_of_words;;;;;;;;;;;;
;co-production (of contributions between nature and people);;;;;bag_of_words;;;;;;;;;;;;
;coral bleaching;;;;;bag_of_words;;;;;;;;;;;;
;coral triangle;;;;;bag_of_words;;;;;;;;;;;;
;correlative model;;;;;bag_of_words;;;;;;;;;;;;
;corridor;;;;;bag_of_words;;;;;;;;;;;;
;cosmic model;;;;;bag_of_words;;;;;;;;;;;;
;cosmocentric;;;;;bag_of_words;;;;;;;;;;;;
;cosmologies;;;;;bag_of_words;;;;;;;;;;;;
;cosmovision;;;;;bag_of_words;;;;;;;;;;;;
;cost-benefit analysis;;;;;bag_of_words;;;;;;;;;;;;
;cost-effectiveness analysis;;;;;bag_of_words;;;;;;;;;;;;
;country of origin of genetic resources;;;;;bag_of_words;;;;;;;;;;;;
;country providing genetic resources;;;;;bag_of_words;;;;;;;;;;;;
;coupled social-ecological systems;;;;;bag_of_words;;;;;;;;;;;;
;crop intensification;;;;;bag_of_words;;;;;;;;;;;;
;crop wild relative;;;;;bag_of_words;;;;;;;;;;;;
;cropland;;;;;bag_of_words;;;;;;;;;;;;
;cropping system;;;;;bag_of_words;;;;;;;;;;;;
;cross pollination;;;;;bag_of_words;;;;;;;;;;;;
;cross-scale analysis;;;;;bag_of_words;;;;;;;;;;;;
;cross-sectoral;;;;;bag_of_words;;;;;;;;;;;;
;crowding out;;;;;bag_of_words;;;;;;;;;;;;
;cryosphere;;;;;bag_of_words;;;;;;;;;;;;
;cryptogenic species;;;;;bag_of_words;;;;;;;;;;;;
;cultural change;;;;;bag_of_words;;;;;;;;;;;;
;cultural continuity;;;;;bag_of_words;;;;;;;;;;;;
;cultural diversity;;;;;bag_of_words;;;;;;;;;;;;
;cultural ecosystem services;;;;;bag_of_words;;;;;;;;;;;;
;cultural identity;;;;;bag_of_words;;;;;;;;;;;;
;cultural keystone species;;;;;bag_of_words;;;;;;;;;;;;
;cultural landscape;;;;;bag_of_words;;;;;;;;;;;;
;cultural values;;;;;bag_of_words;;;;;;;;;;;;
;culture;;;;;bag_of_words;;;;;;;;;;;;
;cumulative;;;;;bag_of_words;;;;;;;;;;;;
;cumulative impacts;;;;;bag_of_words;;;;;;;;;;;;
;customary;;;;;bag_of_words;;;;;;;;;;;;
;customary land tenure;;;;;bag_of_words;;;;;;;;;;;;
;customary law;;;;;bag_of_words;;;;;;;;;;;;
;customary practices;;;;;bag_of_words;;;;;;;;;;;;
;customary rights;;;;;bag_of_words;;;;;;;;;;;;
;customary sustainable use;;;;;bag_of_words;;;;;;;;;;;;
;customs;;;;;bag_of_words;;;;;;;;;;;;
;cycles;;;;;bag_of_words;;;;;;;;;;;;
;daoism;;;;;bag_of_words;;;;;;;;;;;;
;decadal;;;;;bag_of_words;;;;;;;;;;;;
;decision context;;;;;bag_of_words;;;;;;;;;;;;
;decision support tools;;;;;bag_of_words;;;;;;;;;;;;
;decision uncertainty;;;;;bag_of_words;;;;;;;;;;;;
;decision-making;;;;;bag_of_words;;;;;;;;;;;;
;decision-making framework;;;;;bag_of_words;;;;;;;;;;;;
;decomposition;;;;;bag_of_words;;;;;;;;;;;;
;decorative and aesthetic uses;;;;;bag_of_words;;;;;;;;;;;;
;deflation (wind);;;;;bag_of_words;;;;;;;;;;;;
;deforestation;;;;;bag_of_words;;;;;;;;;;;;
;degraded land;;;;;bag_of_words;;;;;;;;;;;;
;degraded lands;;;;;bag_of_words;;;;;;;;;;;;
;degrowth;;;;;bag_of_words;;;;;;;;;;;;
;demographic change;;;;;bag_of_words;;;;;;;;;;;;
;demographic transition;;;;;bag_of_words;;;;;;;;;;;;
;denitrification;;;;;bag_of_words;;;;;;;;;;;;
;densification;;;;;bag_of_words;;;;;;;;;;;;
;deoxygenation (ocean);;;;;bag_of_words;;;;;;;;;;;;
;depositional sites;;;;;bag_of_words;;;;;;;;;;;;
;depth;;;;;bag_of_words;;;;;;;;;;;;
;descriptive scenarios;;;;;bag_of_words;;;;;;;;;;;;
;desertification;;;;;bag_of_words;;;;;;;;;;;;
;development pathways;;;;;bag_of_words;;;;;;;;;;;;
;dialogue;;;;;bag_of_words;;;;;;;;;;;;
;diet (healthy);;;;;bag_of_words;;;;;;;;;;;;
;diet (sustainable healthy);;;;;bag_of_words;;;;;;;;;;;;
;dietary diversity;;;;;bag_of_words;;;;;;;;;;;;
;direct drivers;;;;;bag_of_words;;;;;;;;;;;;
;direct drivers (of biodiversity);;;;;bag_of_words;;;;;;;;;;;;
;direct drivers (of environmental change);;;;;bag_of_words;;;;;;;;;;;;
;disability-adjusted life year;;;;;bag_of_words;;;;;;;;;;;;
;disaster risk reduction;;;;;bag_of_words;;;;;;;;;;;;
;discourse;;;;;bag_of_words;;;;;;;;;;;;
;disease;;;;;bag_of_words;;;;;;;;;;;;
;disease (zoonotic);;;;;bag_of_words;;;;;;;;;;;;
;dispersal;;;;;bag_of_words;;;;;;;;;;;;
;displacement;;;;;bag_of_words;;;;;;;;;;;;
;dissemination;;;;;bag_of_words;;;;;;;;;;;;
;distributional equity;;;;;bag_of_words;;;;;;;;;;;;
;distributive justice;;;;;bag_of_words;;;;;;;;;;;;
;diverse values;;;;;bag_of_words;;;;;;;;;;;;
;diversified farming;;;;;bag_of_words;;;;;;;;;;;;
;diversified farming system;;;;;bag_of_words;;;;;;;;;;;;
;diversity;;;;;bag_of_words;;;;;;;;;;;;
;dna barcoding;;;;;bag_of_words;;;;;;;;;;;;
;domain;;;;;bag_of_words;;;;;;;;;;;;
;domesticated species;;;;;bag_of_words;;;;;;;;;;;;
;domestication;;;;;bag_of_words;;;;;;;;;;;;
;domestication of agreements’ commitment;;;;;bag_of_words;;;;;;;;;;;;
;double counting of services;;;;;bag_of_words;;;;;;;;;;;;
;double materiality;;;;;bag_of_words;;;;;;;;;;;;
;downscaling;;;;;bag_of_words;;;;;;;;;;;;
;driver;;;;;bag_of_words;;;;;;;;;;;;
;drivers;;;;;bag_of_words;;;;;;;;;;;;
;drivers of change;;;;;bag_of_words;;;;;;;;;;;;
;drivers, anthropogenic direct;;;;;bag_of_words;;;;;;;;;;;;
;drivers, natural direct;;;;;bag_of_words;;;;;;;;;;;;
;drought;;;;;bag_of_words;;;;;;;;;;;;
;dry forest;;;;;bag_of_words;;;;;;;;;;;;
;drylands;;;;;bag_of_words;;;;;;;;;;;;
;dynamic downscaling;;;;;bag_of_words;;;;;;;;;;;;
;dynamic model;;;;;bag_of_words;;;;;;;;;;;;
;dynamics and processes;;;;;bag_of_words;;;;;;;;;;;;
;earth jurisprudence;;;;;bag_of_words;;;;;;;;;;;;
;earth system justice;;;;;bag_of_words;;;;;;;;;;;;
;ecocentrism;;;;;bag_of_words;;;;;;;;;;;;
;eco-certification;;;;;bag_of_words;;;;;;;;;;;;
;ecocide;;;;;bag_of_words;;;;;;;;;;;;
;eco-communalism;;;;;bag_of_words;;;;;;;;;;;;
;eco-evolutionary dynamics;;;;;bag_of_words;;;;;;;;;;;;
;ecohealth;;;;;bag_of_words;;;;;;;;;;;;
;eco-informatics;;;;;bag_of_words;;;;;;;;;;;;
;ecolabelling;;;;;bag_of_words;;;;;;;;;;;;
;ecological breakpoint or threshold;;;;;bag_of_words;;;;;;;;;;;;
;ecological civilization;;;;;bag_of_words;;;;;;;;;;;;
;ecological community;;;;;bag_of_words;;;;;;;;;;;;
;ecological connectivity;;;;;bag_of_words;;;;;;;;;;;;
;ecological crisis;;;;;bag_of_words;;;;;;;;;;;;
;ecological destruction;;;;;bag_of_words;;;;;;;;;;;;
;ecological disturbance (natural and anthropogenic);;;;;bag_of_words;;;;;;;;;;;;
;ecological footprint;;;;;bag_of_words;;;;;;;;;;;;
;ecological infrastructure;;;;;bag_of_words;;;;;;;;;;;;
;ecological integrity;;;;;bag_of_words;;;;;;;;;;;;
;ecological intensification;;;;;bag_of_words;;;;;;;;;;;;
;ecological justice;;;;;bag_of_words;;;;;;;;;;;;
;ecological marginalization;;;;;bag_of_words;;;;;;;;;;;;
;ecological processes;;;;;bag_of_words;;;;;;;;;;;;
;ecological solidarity;;;;;bag_of_words;;;;;;;;;;;;
;ecologically intensified agriculture;;;;;bag_of_words;;;;;;;;;;;;
;ecologically unequal exchange;;;;;bag_of_words;;;;;;;;;;;;
;ecology;;;;;bag_of_words;;;;;;;;;;;;
;e-commerce;;;;;bag_of_words;;;;;;;;;;;;
;economic and financial instruments;;;;;bag_of_words;;;;;;;;;;;;
;economic valuation;;;;;bag_of_words;;;;;;;;;;;;
;economic value;;;;;bag_of_words;;;;;;;;;;;;
;economic vulnerability;;;;;bag_of_words;;;;;;;;;;;;
;ecoregion;;;;;bag_of_words;;;;;;;;;;;;
;eco-social contracts;;;;;bag_of_words;;;;;;;;;;;;
;ecosystem;;;;;bag_of_words;;;;;;;;;;;;
;ecosystem accounting;;;;;bag_of_words;;;;;;;;;;;;
;ecosystem approach;;;;;bag_of_words;;;;;;;;;;;;
;ecosystem degradation;;;;;bag_of_words;;;;;;;;;;;;
;ecosystem disservices;;;;;bag_of_words;;;;;;;;;;;;
;ecosystem ecology;;;;;bag_of_words;;;;;;;;;;;;
;ecosystem engineer;;;;;bag_of_words;;;;;;;;;;;;
;ecosystem function;;;;;bag_of_words;;;;;;;;;;;;
;ecosystem functioning;;;;;bag_of_words;;;;;;;;;;;;
;ecosystem goods;;;;;bag_of_words;;;;;;;;;;;;
;ecosystem health;;;;;bag_of_words;;;;;;;;;;;;
;ecosystem integrity;;;;;bag_of_words;;;;;;;;;;;;
;ecosystem management;;;;;bag_of_words;;;;;;;;;;;;
;ecosystem restoration;;;;;bag_of_words;;;;;;;;;;;;
;ecosystem sensitivity;;;;;bag_of_words;;;;;;;;;;;;
;ecosystem service;;;;;bag_of_words;;;;;;;;;;;;
;ecosystem services;;;;;bag_of_words;;;;;;;;;;;;
;ecosystem structure;;;;;bag_of_words;;;;;;;;;;;;
;ecosystem-based adaptation;;;;;bag_of_words;;;;;;;;;;;;
;ecosystem-based adaptation to climate change;;;;;bag_of_words;;;;;;;;;;;;
;ecosystem-based approach;;;;;bag_of_words;;;;;;;;;;;;
;ecosystem-based disaster risk reduction;;;;;bag_of_words;;;;;;;;;;;;
;ecosystem-based management;;;;;bag_of_words;;;;;;;;;;;;
;ecotone;;;;;bag_of_words;;;;;;;;;;;;
;ecotourism;;;;;bag_of_words;;;;;;;;;;;;
;ectotherm;;;;;bag_of_words;;;;;;;;;;;;
;edge effect;;;;;bag_of_words;;;;;;;;;;;;
;education;;;;;bag_of_words;;;;;;;;;;;;
;el niño;;;;;bag_of_words;;;;;;;;;;;;
;empowerment;;;;;bag_of_words;;;;;;;;;;;;
;enabler;;;;;bag_of_words;;;;;;;;;;;;
;enabling conditions;;;;;bag_of_words;;;;;;;;;;;;
;enabling environment;;;;;bag_of_words;;;;;;;;;;;;
;enabling factors;;;;;bag_of_words;;;;;;;;;;;;
;endangered species;;;;;bag_of_words;;;;;;;;;;;;
;endemic species;;;;;bag_of_words;;;;;;;;;;;;
;endemism;;;;;bag_of_words;;;;;;;;;;;;
;endogenous drivers;;;;;bag_of_words;;;;;;;;;;;;
;energy security;;;;;bag_of_words;;;;;;;;;;;;
;energy source;;;;;bag_of_words;;;;;;;;;;;;
;energy system;;;;;bag_of_words;;;;;;;;;;;;
;engagement;;;;;bag_of_words;;;;;;;;;;;;
;environmental additionality;;;;;bag_of_words;;;;;;;;;;;;
;environmental asset;;;;;bag_of_words;;;;;;;;;;;;
;environmental crime;;;;;bag_of_words;;;;;;;;;;;;
;environmental education;;;;;bag_of_words;;;;;;;;;;;;
;environmental envelope;;;;;bag_of_words;;;;;;;;;;;;
;environmental governance;;;;;bag_of_words;;;;;;;;;;;;
;environmental gradient;;;;;bag_of_words;;;;;;;;;;;;
;environmental hazard;;;;;bag_of_words;;;;;;;;;;;;
;environmental health;;;;;bag_of_words;;;;;;;;;;;;
;environmental impact;;;;;bag_of_words;;;;;;;;;;;;
;environmental impact assessment;;;;;bag_of_words;;;;;;;;;;;;
;environmental income;;;;;bag_of_words;;;;;;;;;;;;
;environmental justice;;;;;bag_of_words;;;;;;;;;;;;
;environmental kuznets curve;;;;;bag_of_words;;;;;;;;;;;;
;environmental tax;;;;;bag_of_words;;;;;;;;;;;;
;epifauna;;;;;bag_of_words;;;;;;;;;;;;
;epistemic community;;;;;bag_of_words;;;;;;;;;;;;
;epistemic justice;;;;;bag_of_words;;;;;;;;;;;;
;epistemology;;;;;bag_of_words;;;;;;;;;;;;
;epizootics;;;;;bag_of_words;;;;;;;;;;;;
;equality;;;;;bag_of_words;;;;;;;;;;;;
;equitable;;;;;bag_of_words;;;;;;;;;;;;
;equity;;;;;bag_of_words;;;;;;;;;;;;
;eradication;;;;;bag_of_words;;;;;;;;;;;;
;erodibility;;;;;bag_of_words;;;;;;;;;;;;
;erosion hotspots;;;;;bag_of_words;;;;;;;;;;;;
;essential biodiversity variables;;;;;bag_of_words;;;;;;;;;;;;
;established alien species;;;;;bag_of_words;;;;;;;;;;;;
;established but incomplete (certainty term (q.v.));;;;;bag_of_words;;;;;;;;;;;;
;ethics;;;;;bag_of_words;;;;;;;;;;;;
;ethics of care;;;;;bag_of_words;;;;;;;;;;;;
;ethnobiology;;;;;bag_of_words;;;;;;;;;;;;
;etuaptmumk;;;;;bag_of_words;;;;;;;;;;;;
;euphotic zone;;;;;bag_of_words;;;;;;;;;;;;
;eutrophic;;;;;bag_of_words;;;;;;;;;;;;
;eutrophication;;;;;bag_of_words;;;;;;;;;;;;
;evaluation (of models);;;;;bag_of_words;;;;;;;;;;;;
;evapotranspiration;;;;;bag_of_words;;;;;;;;;;;;
;evenness;;;;;bag_of_words;;;;;;;;;;;;
;evolutionary adaptation;;;;;bag_of_words;;;;;;;;;;;;
;evolutionary anthropology;;;;;bag_of_words;;;;;;;;;;;;
;evolutionary biology;;;;;bag_of_words;;;;;;;;;;;;
;evolutionary distinctiveness;;;;;bag_of_words;;;;;;;;;;;;
;ex-ante assessment;;;;;bag_of_words;;;;;;;;;;;;
;exclusions;;;;;bag_of_words;;;;;;;;;;;;
;exclusive economic zone;;;;;bag_of_words;;;;;;;;;;;;
;exclusive economic zone areas;;;;;bag_of_words;;;;;;;;;;;;
;existence value;;;;;bag_of_words;;;;;;;;;;;;
;exogenous drivers;;;;;bag_of_words;;;;;;;;;;;;
;exotic pollinator;;;;;bag_of_words;;;;;;;;;;;;
;exotics;;;;;bag_of_words;;;;;;;;;;;;
;expert;;;;;bag_of_words;;;;;;;;;;;;
;expert-based model;;;;;bag_of_words;;;;;;;;;;;;
;exploitation;;;;;bag_of_words;;;;;;;;;;;;
;exploratory scenario;;;;;bag_of_words;;;;;;;;;;;;
;ex-post assessment;;;;;bag_of_words;;;;;;;;;;;;
;exposure;;;;;bag_of_words;;;;;;;;;;;;
;extensive forest management;;;;;bag_of_words;;;;;;;;;;;;
;extensive grazing;;;;;bag_of_words;;;;;;;;;;;;
;extensive grazing (lands);;;;;bag_of_words;;;;;;;;;;;;
;extent (spatial or temporal);;;;;bag_of_words;;;;;;;;;;;;
;externality;;;;;bag_of_words;;;;;;;;;;;;
;extinction;;;;;bag_of_words;;;;;;;;;;;;
;extinction debt;;;;;bag_of_words;;;;;;;;;;;;
;extractive practice;;;;;bag_of_words;;;;;;;;;;;;
;extractives;;;;;bag_of_words;;;;;;;;;;;;
;extractivism;;;;;bag_of_words;;;;;;;;;;;;
;fairness;;;;;bag_of_words;;;;;;;;;;;;
;fallow;;;;;bag_of_words;;;;;;;;;;;;
;family forestry;;;;;bag_of_words;;;;;;;;;;;;
;farm;;;;;bag_of_words;;;;;;;;;;;;
;feedback;;;;;bag_of_words;;;;;;;;;;;;
;feedback loop;;;;;bag_of_words;;;;;;;;;;;;
;feedback loops;;;;;bag_of_words;;;;;;;;;;;;
;feedbacks;;;;;bag_of_words;;;;;;;;;;;;
;feral;;;;;bag_of_words;;;;;;;;;;;;
;fiction;;;;;bag_of_words;;;;;;;;;;;;
;field;;;;;bag_of_words;;;;;;;;;;;;
;finance;;;;;bag_of_words;;;;;;;;;;;;
;financing;;;;;bag_of_words;;;;;;;;;;;;
;fire regime;;;;;bag_of_words;;;;;;;;;;;;
;fire-stick farming;;;;;bag_of_words;;;;;;;;;;;;
;fisherman;;;;;bag_of_words;;;;;;;;;;;;
;fishery;;;;;bag_of_words;;;;;;;;;;;;
;fishing;;;;;bag_of_words;;;;;;;;;;;;
;fitness (ecology);;;;;bag_of_words;;;;;;;;;;;;
;flagship species;;;;;bag_of_words;;;;;;;;;;;;
;flower strip;;;;;bag_of_words;;;;;;;;;;;;
;flowering plant;;;;;bag_of_words;;;;;;;;;;;;
;flower-visitor;;;;;bag_of_words;;;;;;;;;;;;
;folk biology;;;;;bag_of_words;;;;;;;;;;;;
;folk categories;;;;;bag_of_words;;;;;;;;;;;;
;folk medicine;;;;;bag_of_words;;;;;;;;;;;;
;food;;;;;bag_of_words;;;;;;;;;;;;
;food security;;;;;bag_of_words;;;;;;;;;;;;
;food self-sufficiency;;;;;bag_of_words;;;;;;;;;;;;
;food sovereignty;;;;;bag_of_words;;;;;;;;;;;;
;food sovereignty (paradigm);;;;;bag_of_words;;;;;;;;;;;;
;food system;;;;;bag_of_words;;;;;;;;;;;;
;food system (sustainable);;;;;bag_of_words;;;;;;;;;;;;
;food web;;;;;bag_of_words;;;;;;;;;;;;
;forecast;;;;;bag_of_words;;;;;;;;;;;;
;forest;;;;;bag_of_words;;;;;;;;;;;;
;forest degradation;;;;;bag_of_words;;;;;;;;;;;;
;forest garden;;;;;bag_of_words;;;;;;;;;;;;
;forest law enforcement, governance and trade;;;;;bag_of_words;;;;;;;;;;;;
;forest management;;;;;bag_of_words;;;;;;;;;;;;
;forest transition;;;;;bag_of_words;;;;;;;;;;;;
;formal institution;;;;;bag_of_words;;;;;;;;;;;;
;fossil fuel;;;;;bag_of_words;;;;;;;;;;;;
;fpic;;;;;bag_of_words;;;;;;;;;;;;
;fragmentation;;;;;bag_of_words;;;;;;;;;;;;
;frameworks;;;;;bag_of_words;;;;;;;;;;;;
;free, prior and informed consent;;;;;bag_of_words;;;;;;;;;;;;
;functional diversity;;;;;bag_of_words;;;;;;;;;;;;
;functional extinction;;;;;bag_of_words;;;;;;;;;;;;
;functional group;;;;;bag_of_words;;;;;;;;;;;;
;functional redundancy;;;;;bag_of_words;;;;;;;;;;;;
;functional trait;;;;;bag_of_words;;;;;;;;;;;;
;funding;;;;;bag_of_words;;;;;;;;;;;;
;fungicide;;;;;bag_of_words;;;;;;;;;;;;
;gaga;;;;;bag_of_words;;;;;;;;;;;;
;ganma;;;;;bag_of_words;;;;;;;;;;;;
;gaps;;;;;bag_of_words;;;;;;;;;;;;
;gathering;;;;;bag_of_words;;;;;;;;;;;;
;gender;;;;;bag_of_words;;;;;;;;;;;;
;gene;;;;;bag_of_words;;;;;;;;;;;;
;gene flow;;;;;bag_of_words;;;;;;;;;;;;
;general circulation model;;;;;bag_of_words;;;;;;;;;;;;
;generalist species;;;;;bag_of_words;;;;;;;;;;;;
;genetic composition;;;;;bag_of_words;;;;;;;;;;;;
;genetic diversity;;;;;bag_of_words;;;;;;;;;;;;
;genetic engineering;;;;;bag_of_words;;;;;;;;;;;;
;genetic erosion;;;;;bag_of_words;;;;;;;;;;;;
;genetic manipulation or genetic engineering;;;;;bag_of_words;;;;;;;;;;;;
;genetic resources;;;;;bag_of_words;;;;;;;;;;;;
;genetically modified organism;;;;;bag_of_words;;;;;;;;;;;;
;genotype;;;;;bag_of_words;;;;;;;;;;;;
;geographic information systems;;;;;bag_of_words;;;;;;;;;;;;
;geographic range;;;;;bag_of_words;;;;;;;;;;;;
;germplasm;;;;;bag_of_words;;;;;;;;;;;;
;gini index;;;;;bag_of_words;;;;;;;;;;;;
;global;;;;;bag_of_words;;;;;;;;;;;;
;global biodiversity financing gap;;;;;bag_of_words;;;;;;;;;;;;
;global commons pool resources;;;;;bag_of_words;;;;;;;;;;;;
;global north - global south;;;;;bag_of_words;;;;;;;;;;;;
;global warming;;;;;bag_of_words;;;;;;;;;;;;
;globalisation;;;;;bag_of_words;;;;;;;;;;;;
;goal-seeking scenarios;;;;;bag_of_words;;;;;;;;;;;;
;good governance;;;;;bag_of_words;;;;;;;;;;;;
;good quality of life;;;;;bag_of_words;;;;;;;;;;;;
;governance;;;;;bag_of_words;;;;;;;;;;;;
;governance (modes of);;;;;bag_of_words;;;;;;;;;;;;
;governance framework;;;;;bag_of_words;;;;;;;;;;;;
;governance options;;;;;bag_of_words;;;;;;;;;;;;
;governance system;;;;;bag_of_words;;;;;;;;;;;;
;governments;;;;;bag_of_words;;;;;;;;;;;;
;grabbing (of wild species and spaces);;;;;bag_of_words;;;;;;;;;;;;
;grain (spatial or temporal);;;;;bag_of_words;;;;;;;;;;;;
;grassland;;;;;bag_of_words;;;;;;;;;;;;
;grazing;;;;;bag_of_words;;;;;;;;;;;;
;grazing land management;;;;;bag_of_words;;;;;;;;;;;;
;great acceleration;;;;;bag_of_words;;;;;;;;;;;;
;green (environmental) gentrification;;;;;bag_of_words;;;;;;;;;;;;
;green and blue infrastructure;;;;;bag_of_words;;;;;;;;;;;;
;green bonds;;;;;bag_of_words;;;;;;;;;;;;
;green growth;;;;;bag_of_words;;;;;;;;;;;;
;green hunting;;;;;bag_of_words;;;;;;;;;;;;
;green infrastructure;;;;;bag_of_words;;;;;;;;;;;;
;green public procurement;;;;;bag_of_words;;;;;;;;;;;;
;green revolution;;;;;bag_of_words;;;;;;;;;;;;
;green technology;;;;;bag_of_words;;;;;;;;;;;;
;green water;;;;;bag_of_words;;;;;;;;;;;;
;greenhouse gas;;;;;bag_of_words;;;;;;;;;;;;
;greenwashing;;;;;bag_of_words;;;;;;;;;;;;
;grey water;;;;;bag_of_words;;;;;;;;;;;;
;gross primary production;;;;;bag_of_words;;;;;;;;;;;;
;gross primary productivity;;;;;bag_of_words;;;;;;;;;;;;
;growth paradigm;;;;;bag_of_words;;;;;;;;;;;;
;habitat;;;;;bag_of_words;;;;;;;;;;;;
;habitat connectivity;;;;;bag_of_words;;;;;;;;;;;;
;habitat degradation;;;;;bag_of_words;;;;;;;;;;;;
;habitat ecosystem functions;;;;;bag_of_words;;;;;;;;;;;;
;habitat fragmentation;;;;;bag_of_words;;;;;;;;;;;;
;habitat heterogeneity;;;;;bag_of_words;;;;;;;;;;;;
;habitat modification;;;;;bag_of_words;;;;;;;;;;;;
;habitat service;;;;;bag_of_words;;;;;;;;;;;;
;habitat specialist;;;;;bag_of_words;;;;;;;;;;;;
;harmful algal bloom;;;;;bag_of_words;;;;;;;;;;;;
;harmonization;;;;;bag_of_words;;;;;;;;;;;;
;harmony;;;;;bag_of_words;;;;;;;;;;;;
;hazard;;;;;bag_of_words;;;;;;;;;;;;
;health;;;;;bag_of_words;;;;;;;;;;;;
;health (global);;;;;bag_of_words;;;;;;;;;;;;
;health (human);;;;;bag_of_words;;;;;;;;;;;;
;health (public);;;;;bag_of_words;;;;;;;;;;;;
;health (settings for);;;;;bag_of_words;;;;;;;;;;;;
;health (social determinants of);;;;;bag_of_words;;;;;;;;;;;;
;health coverage (universal);;;;;bag_of_words;;;;;;;;;;;;
;health equity;;;;;bag_of_words;;;;;;;;;;;;
;health impact assessment;;;;;bag_of_words;;;;;;;;;;;;
;health policy;;;;;bag_of_words;;;;;;;;;;;;
;health promotion;;;;;bag_of_words;;;;;;;;;;;;
;health system;;;;;bag_of_words;;;;;;;;;;;;
;healthcare;;;;;bag_of_words;;;;;;;;;;;;
;healthcare (primary);;;;;bag_of_words;;;;;;;;;;;;
;heat island effect;;;;;bag_of_words;;;;;;;;;;;;
;hedgerow;;;;;bag_of_words;;;;;;;;;;;;
;hedonic pricing;;;;;bag_of_words;;;;;;;;;;;;
;herbicide;;;;;bag_of_words;;;;;;;;;;;;
;herder;;;;;bag_of_words;;;;;;;;;;;;
;heuristics;;;;;bag_of_words;;;;;;;;;;;;
;holism;;;;;bag_of_words;;;;;;;;;;;;
;holistic decision-making;;;;;bag_of_words;;;;;;;;;;;;
;holocene;;;;;bag_of_words;;;;;;;;;;;;
;homegarden;;;;;bag_of_words;;;;;;;;;;;;
;homeotherm;;;;;bag_of_words;;;;;;;;;;;;
;homogenisation;;;;;bag_of_words;;;;;;;;;;;;
;honey bee;;;;;bag_of_words;;;;;;;;;;;;
;horticulture;;;;;bag_of_words;;;;;;;;;;;;
;hotspot of agrobiodiversity;;;;;bag_of_words;;;;;;;;;;;;
;hotspot of endemism;;;;;bag_of_words;;;;;;;;;;;;
;human appropriation of net primary production;;;;;bag_of_words;;;;;;;;;;;;
;human capital;;;;;bag_of_words;;;;;;;;;;;;
;human history;;;;;bag_of_words;;;;;;;;;;;;
;human rights;;;;;bag_of_words;;;;;;;;;;;;
;human rights instruments;;;;;bag_of_words;;;;;;;;;;;;
;human rights-based approach;;;;;bag_of_words;;;;;;;;;;;;
;human values;;;;;bag_of_words;;;;;;;;;;;;
;human well-being;;;;;bag_of_words;;;;;;;;;;;;
;human-induced climate change;;;;;bag_of_words;;;;;;;;;;;;
;humanistic economics;;;;;bag_of_words;;;;;;;;;;;;
;human-nature relations;;;;;bag_of_words;;;;;;;;;;;;
;humification;;;;;bag_of_words;;;;;;;;;;;;
;hunting;;;;;bag_of_words;;;;;;;;;;;;
;hurai;;;;;bag_of_words;;;;;;;;;;;;
;hybrid model;;;;;bag_of_words;;;;;;;;;;;;
;hydraulic fracturing;;;;;bag_of_words;;;;;;;;;;;;
;hydrothermal vent;;;;;bag_of_words;;;;;;;;;;;;
;hypoxia;;;;;bag_of_words;;;;;;;;;;;;
;identity;;;;;bag_of_words;;;;;;;;;;;;
;illegal logging;;;;;bag_of_words;;;;;;;;;;;;
;illegal practices;;;;;bag_of_words;;;;;;;;;;;;
;illegal, unreported and unregulated fishing;;;;;bag_of_words;;;;;;;;;;;;
;immaterial patrimony;;;;;bag_of_words;;;;;;;;;;;;
;impact investments;;;;;bag_of_words;;;;;;;;;;;;
;impacts;;;;;bag_of_words;;;;;;;;;;;;
;implementation;;;;;bag_of_words;;;;;;;;;;;;
;important bird & biodiversity areas;;;;;bag_of_words;;;;;;;;;;;;
;in situ conservation of biodiversity;;;;;bag_of_words;;;;;;;;;;;;
;inclusive;;;;;bag_of_words;;;;;;;;;;;;
;inclusive governance;;;;;bag_of_words;;;;;;;;;;;;
;inclusive innovation;;;;;bag_of_words;;;;;;;;;;;;
;inclusive wealth;;;;;bag_of_words;;;;;;;;;;;;
;incommensurability;;;;;bag_of_words;;;;;;;;;;;;
;inconclusive (certainty term (q.v.));;;;;bag_of_words;;;;;;;;;;;;
;incremental change;;;;;bag_of_words;;;;;;;;;;;;
;indicator;;;;;bag_of_words;;;;;;;;;;;;
;indicators;;;;;bag_of_words;;;;;;;;;;;;
;indigenous and community conserved areas;;;;;bag_of_words;;;;;;;;;;;;
;indigenous and local knowledge;;;;;bag_of_words;;;;;;;;;;;;
;indigenous and local knowledge holders;;;;;bag_of_words;;;;;;;;;;;;
;indigenous and local knowledge system;;;;;bag_of_words;;;;;;;;;;;;
;indigenous and local knowledge systems;;;;;bag_of_words;;;;;;;;;;;;
;indigenous communities;;;;;bag_of_words;;;;;;;;;;;;
;indigenous people;;;;;bag_of_words;;;;;;;;;;;;
;indigenous peoples and community conserved territories and areas;;;;;bag_of_words;;;;;;;;;;;;
;indigenous peoples and local communities;;;;;bag_of_words;;;;;;;;;;;;
;indigenous peoples and local community conserved areas and territories;;;;;bag_of_words;;;;;;;;;;;;
;indirect driver (including institutions and governance systems);;;;;bag_of_words;;;;;;;;;;;;
;indirect driver (of biodiversity);;;;;bag_of_words;;;;;;;;;;;;
;indirect drivers;;;;;bag_of_words;;;;;;;;;;;;
;indirect use value;;;;;bag_of_words;;;;;;;;;;;;
;individual behaviour;;;;;bag_of_words;;;;;;;;;;;;
;individual fishing quotas;;;;;bag_of_words;;;;;;;;;;;;
;individual transferable quotas;;;;;bag_of_words;;;;;;;;;;;;
;individualism;;;;;bag_of_words;;;;;;;;;;;;
;industrial effluent;;;;;bag_of_words;;;;;;;;;;;;
;industrial fisheries;;;;;bag_of_words;;;;;;;;;;;;
;industrialization;;;;;bag_of_words;;;;;;;;;;;;
;industry;;;;;bag_of_words;;;;;;;;;;;;
;inequality;;;;;bag_of_words;;;;;;;;;;;;
;infauna;;;;;bag_of_words;;;;;;;;;;;;
;influencer;;;;;bag_of_words;;;;;;;;;;;;
;information;;;;;bag_of_words;;;;;;;;;;;;
;information and communication technology;;;;;bag_of_words;;;;;;;;;;;;
;information systems;;;;;bag_of_words;;;;;;;;;;;;
;inner dimensions of sustainability;;;;;bag_of_words;;;;;;;;;;;;
;inner transformation (for sustainability);;;;;bag_of_words;;;;;;;;;;;;
;innovation;;;;;bag_of_words;;;;;;;;;;;;
;innovation system;;;;;bag_of_words;;;;;;;;;;;;
;insectary strip;;;;;bag_of_words;;;;;;;;;;;;
;insecticide;;;;;bag_of_words;;;;;;;;;;;;
;institution;;;;;bag_of_words;;;;;;;;;;;;
;institutional arrangements;;;;;bag_of_words;;;;;;;;;;;;
;institutional competencies;;;;;bag_of_words;;;;;;;;;;;;
;institutional failure;;;;;bag_of_words;;;;;;;;;;;;
;institutional misfits;;;;;bag_of_words;;;;;;;;;;;;
;institutions;;;;;bag_of_words;;;;;;;;;;;;
;institutions and governance systems and other indirect drivers;;;;;bag_of_words;;;;;;;;;;;;
;instrumental value;;;;;bag_of_words;;;;;;;;;;;;
;insular system;;;;;bag_of_words;;;;;;;;;;;;
;insurance value;;;;;bag_of_words;;;;;;;;;;;;
;integrated approach;;;;;bag_of_words;;;;;;;;;;;;
;integrated assessment model;;;;;bag_of_words;;;;;;;;;;;;
;integrated governance for biological invasions;;;;;bag_of_words;;;;;;;;;;;;
;integrated land use system;;;;;bag_of_words;;;;;;;;;;;;
;integrated landscape management;;;;;bag_of_words;;;;;;;;;;;;
;integrated pest management;;;;;bag_of_words;;;;;;;;;;;;
;integrated policy for biological invasions;;;;;bag_of_words;;;;;;;;;;;;
;integrated valuation;;;;;bag_of_words;;;;;;;;;;;;
;integrated water resource management;;;;;bag_of_words;;;;;;;;;;;;
;intellectual and cultural property;;;;;bag_of_words;;;;;;;;;;;;
;intellectual property;;;;;bag_of_words;;;;;;;;;;;;
;intellectual property rights;;;;;bag_of_words;;;;;;;;;;;;
;intensive agriculture;;;;;bag_of_words;;;;;;;;;;;;
;intensive grazing land;;;;;bag_of_words;;;;;;;;;;;;
;interaction;;;;;bag_of_words;;;;;;;;;;;;
;interconnectedness;;;;;bag_of_words;;;;;;;;;;;;
;intercropping;;;;;bag_of_words;;;;;;;;;;;;
;inter-generational equity;;;;;bag_of_words;;;;;;;;;;;;
;intermediate disturbance hypothesis;;;;;bag_of_words;;;;;;;;;;;;
;intervention scenarios;;;;;bag_of_words;;;;;;;;;;;;
;intra-generational equity;;;;;bag_of_words;;;;;;;;;;;;
;intrinsic value;;;;;bag_of_words;;;;;;;;;;;;
;introduced pollinator;;;;;bag_of_words;;;;;;;;;;;;
;introduction pathway;;;;;bag_of_words;;;;;;;;;;;;
;invasion cold spot;;;;;bag_of_words;;;;;;;;;;;;
;invasion curve;;;;;bag_of_words;;;;;;;;;;;;
;invasion debts;;;;;bag_of_words;;;;;;;;;;;;
;invasion hotspot;;;;;bag_of_words;;;;;;;;;;;;
;invasion stages;;;;;bag_of_words;;;;;;;;;;;;
;invasional meltdown;;;;;bag_of_words;;;;;;;;;;;;
;invasive;;;;;bag_of_words;;;;;;;;;;;;
;invasive alien species;;;;;bag_of_words;;;;;;;;;;;;
;invasive pollinator;;;;;bag_of_words;;;;;;;;;;;;
;ipbes conceptual framework;;;;;bag_of_words;;;;;;;;;;;;
;iucn habitats classification scheme;;;;;bag_of_words;;;;;;;;;;;;
;iucn protected area category;;;;;bag_of_words;;;;;;;;;;;;
;iucn red list;;;;;bag_of_words;;;;;;;;;;;;
;jevons paradox;;;;;bag_of_words;;;;;;;;;;;;
;joint production;;;;;bag_of_words;;;;;;;;;;;;
;just;;;;;bag_of_words;;;;;;;;;;;;
;justice;;;;;bag_of_words;;;;;;;;;;;;
;kametsa asaike;;;;;bag_of_words;;;;;;;;;;;;
;kawsak sacha;;;;;bag_of_words;;;;;;;;;;;;
;kciye;;;;;bag_of_words;;;;;;;;;;;;
;kelp;;;;;bag_of_words;;;;;;;;;;;;
;key biodiversity area;;;;;bag_of_words;;;;;;;;;;;;
;key players;;;;;bag_of_words;;;;;;;;;;;;
;keystone species;;;;;bag_of_words;;;;;;;;;;;;
;kinship-centric principle (non-humans);;;;;bag_of_words;;;;;;;;;;;;
;kinship-centric principle (other humans);;;;;bag_of_words;;;;;;;;;;;;
;kmgbf;;;;;bag_of_words;;;;;;;;;;;;
;km-gbf;;;;;bag_of_words;;;;;;;;;;;;
;knowledge;;;;;bag_of_words;;;;;;;;;;;;
;knowledge system;;;;;bag_of_words;;;;;;;;;;;;
;kunming-montreal global biodiversity framework;;;;;bag_of_words;;;;;;;;;;;;
;kyoto protocol;;;;;bag_of_words;;;;;;;;;;;;
;la niña;;;;;bag_of_words;;;;;;;;;;;;
;lag phase;;;;;bag_of_words;;;;;;;;;;;;
;land;;;;;bag_of_words;;;;;;;;;;;;
;land abandonment;;;;;bag_of_words;;;;;;;;;;;;
;land cover;;;;;bag_of_words;;;;;;;;;;;;
;land degradation;;;;;bag_of_words;;;;;;;;;;;;
;land degradation neutrality;;;;;bag_of_words;;;;;;;;;;;;
;land grabbing;;;;;bag_of_words;;;;;;;;;;;;
;land sharing;;;;;bag_of_words;;;;;;;;;;;;
;land sharing and sparing;;;;;bag_of_words;;;;;;;;;;;;
;land sparing;;;;;bag_of_words;;;;;;;;;;;;
;land tenure;;;;;bag_of_words;;;;;;;;;;;;
;land transformation;;;;;bag_of_words;;;;;;;;;;;;
;land use;;;;;bag_of_words;;;;;;;;;;;;
;land use and land use/cover change;;;;;bag_of_words;;;;;;;;;;;;
;land use change;;;;;bag_of_words;;;;;;;;;;;;
;land use intensification;;;;;bag_of_words;;;;;;;;;;;;
;landrace;;;;;bag_of_words;;;;;;;;;;;;
;landscape;;;;;bag_of_words;;;;;;;;;;;;
;landscape composition;;;;;bag_of_words;;;;;;;;;;;;
;landscape configuration;;;;;bag_of_words;;;;;;;;;;;;
;landscape functioning;;;;;bag_of_words;;;;;;;;;;;;
;landscape heterogeneity;;;;;bag_of_words;;;;;;;;;;;;
;landscape planning;;;;;bag_of_words;;;;;;;;;;;;
;landscape socio-ecological approach;;;;;bag_of_words;;;;;;;;;;;;
;land-use change;;;;;bag_of_words;;;;;;;;;;;;
;language;;;;;bag_of_words;;;;;;;;;;;;
;large scale land acquisition;;;;;bag_of_words;;;;;;;;;;;;
;law of the sea;;;;;bag_of_words;;;;;;;;;;;;
;laws;;;;;bag_of_words;;;;;;;;;;;;
;leaching;;;;;bag_of_words;;;;;;;;;;;;
;leaf area index;;;;;bag_of_words;;;;;;;;;;;;
;leakage;;;;;bag_of_words;;;;;;;;;;;;
;leakage effect;;;;;bag_of_words;;;;;;;;;;;;
;learning;;;;;bag_of_words;;;;;;;;;;;;
;learning (traditional and formal);;;;;bag_of_words;;;;;;;;;;;;
;legal and regulatory instrument;;;;;bag_of_words;;;;;;;;;;;;
;legal personality;;;;;bag_of_words;;;;;;;;;;;;
;legal pluralism;;;;;bag_of_words;;;;;;;;;;;;
;lekil kuxlejal;;;;;bag_of_words;;;;;;;;;;;;
;lessons;;;;;bag_of_words;;;;;;;;;;;;
;level of resolution;;;;;bag_of_words;;;;;;;;;;;;
;leverage points;;;;;bag_of_words;;;;;;;;;;;;
;life frames of nature’s values;;;;;bag_of_words;;;;;;;;;;;;
;limestone karsts;;;;;bag_of_words;;;;;;;;;;;;
;linguistic uncertainty;;;;;bag_of_words;;;;;;;;;;;;
;livelihood diversification;;;;;bag_of_words;;;;;;;;;;;;
;livelihood resilience;;;;;bag_of_words;;;;;;;;;;;;
;livelihood security;;;;;bag_of_words;;;;;;;;;;;;
;livelihoods;;;;;bag_of_words;;;;;;;;;;;;
;living in harmony with nature;;;;;bag_of_words;;;;;;;;;;;;
;local;;;;;bag_of_words;;;;;;;;;;;;
;local communities;;;;;bag_of_words;;;;;;;;;;;;
;local community;;;;;bag_of_words;;;;;;;;;;;;
;local ecological knowledge;;;;;bag_of_words;;;;;;;;;;;;
;local economies;;;;;bag_of_words;;;;;;;;;;;;
;lock-in traps;;;;;bag_of_words;;;;;;;;;;;;
;logging;;;;;bag_of_words;;;;;;;;;;;;
;macroecology;;;;;bag_of_words;;;;;;;;;;;;
;mainstreaming;;;;;bag_of_words;;;;;;;;;;;;
;mainstreaming biodiversity;;;;;bag_of_words;;;;;;;;;;;;
;maintaining;;;;;bag_of_words;;;;;;;;;;;;
;maladaptation;;;;;bag_of_words;;;;;;;;;;;;
;malnutrition;;;;;bag_of_words;;;;;;;;;;;;
;managed pollinator;;;;;bag_of_words;;;;;;;;;;;;
;management;;;;;bag_of_words;;;;;;;;;;;;
;management of wild species;;;;;bag_of_words;;;;;;;;;;;;
;managing;;;;;bag_of_words;;;;;;;;;;;;
;mangrove;;;;;bag_of_words;;;;;;;;;;;;
;mapping;;;;;bag_of_words;;;;;;;;;;;;
;marginal lands;;;;;bag_of_words;;;;;;;;;;;;
;marginalization;;;;;bag_of_words;;;;;;;;;;;;
;marginalized community;;;;;bag_of_words;;;;;;;;;;;;
;mariculture;;;;;bag_of_words;;;;;;;;;;;;
;market failures;;;;;bag_of_words;;;;;;;;;;;;
;market forces;;;;;bag_of_words;;;;;;;;;;;;
;market-based instruments;;;;;bag_of_words;;;;;;;;;;;;
;mass balance (analysis);;;;;bag_of_words;;;;;;;;;;;;
;materialism;;;;;bag_of_words;;;;;;;;;;;;
;maximum sustainable yield;;;;;bag_of_words;;;;;;;;;;;;
;mean species abundance (species abundance);;;;;bag_of_words;;;;;;;;;;;;
;measurements;;;;;bag_of_words;;;;;;;;;;;;
;mechanistic model;;;;;bag_of_words;;;;;;;;;;;;
;mechanistic modelling;;;;;bag_of_words;;;;;;;;;;;;
;megadiverse countries;;;;;bag_of_words;;;;;;;;;;;;
;megadiverse country;;;;;bag_of_words;;;;;;;;;;;;
;mental models;;;;;bag_of_words;;;;;;;;;;;;
;mesic areas;;;;;bag_of_words;;;;;;;;;;;;
;meta-analysis;;;;;bag_of_words;;;;;;;;;;;;
;metabolic activity;;;;;bag_of_words;;;;;;;;;;;;
;metabolic rift;;;;;bag_of_words;;;;;;;;;;;;
;metacoupling;;;;;bag_of_words;;;;;;;;;;;;
;methods;;;;;bag_of_words;;;;;;;;;;;;
;microevolution;;;;;bag_of_words;;;;;;;;;;;;
;micro-habitat;;;;;bag_of_words;;;;;;;;;;;;
;micronutrients;;;;;bag_of_words;;;;;;;;;;;;
;microparticles;;;;;bag_of_words;;;;;;;;;;;;
;micro-plastics;;;;;bag_of_words;;;;;;;;;;;;
;migration;;;;;bag_of_words;;;;;;;;;;;;
;millennium ecosystem assessment;;;;;bag_of_words;;;;;;;;;;;;
;mindset;;;;;bag_of_words;;;;;;;;;;;;
;mineral resource extraction;;;;;bag_of_words;;;;;;;;;;;;
;mineralization;;;;;bag_of_words;;;;;;;;;;;;
;minimum tillage;;;;;bag_of_words;;;;;;;;;;;;
;mining;;;;;bag_of_words;;;;;;;;;;;;
;mino-bimaatisiwin;;;;;bag_of_words;;;;;;;;;;;;
;mino-mnaamodzawin;;;;;bag_of_words;;;;;;;;;;;;
;mitigation;;;;;bag_of_words;;;;;;;;;;;;
;mitigation (of climate change);;;;;bag_of_words;;;;;;;;;;;;
;model;;;;;bag_of_words;;;;;;;;;;;;
;models;;;;;bag_of_words;;;;;;;;;;;;
;modern agroecological management system;;;;;bag_of_words;;;;;;;;;;;;
;modernity;;;;;bag_of_words;;;;;;;;;;;;
;modified;;;;;bag_of_words;;;;;;;;;;;;
;moisture recycling;;;;;bag_of_words;;;;;;;;;;;;
;monetary valuation;;;;;bag_of_words;;;;;;;;;;;;
;monitoring;;;;;bag_of_words;;;;;;;;;;;;
;monitoring;;;;;bag_of_words;;;;;;;;;;;;
;monitoring, evaluation and learning;;;;;bag_of_words;;;;;;;;;;;;
;monoculture;;;;;bag_of_words;;;;;;;;;;;;
;monophyletic;;;;;bag_of_words;;;;;;;;;;;;
;moral economy;;;;;bag_of_words;;;;;;;;;;;;
;mosaic landscape;;;;;bag_of_words;;;;;;;;;;;;
;mosaic restoration;;;;;bag_of_words;;;;;;;;;;;;
;mother earth;;;;;bag_of_words;;;;;;;;;;;;
;motivation;;;;;bag_of_words;;;;;;;;;;;;
;motivation crowding;;;;;bag_of_words;;;;;;;;;;;;
;multi stakeholder based scenario development;;;;;bag_of_words;;;;;;;;;;;;
;multi-criteria analysis;;;;;bag_of_words;;;;;;;;;;;;
;multidisciplinary expert panel;;;;;bag_of_words;;;;;;;;;;;;
;multifunctional agriculture;;;;;bag_of_words;;;;;;;;;;;;
;multifunctional 'scape;;;;;bag_of_words;;;;;;;;;;;;
;multifunctionality;;;;;bag_of_words;;;;;;;;;;;;
;muti-use system;;;;;bag_of_words;;;;;;;;;;;;
;mutualism;;;;;bag_of_words;;;;;;;;;;;;
;nagoya protocol;;;;;bag_of_words;;;;;;;;;;;;
;nanao ñu’u;;;;;bag_of_words;;;;;;;;;;;;
;narrative;;;;;bag_of_words;;;;;;;;;;;;
;national;;;;;bag_of_words;;;;;;;;;;;;
;national biodiversity strategies and action plans;;;;;bag_of_words;;;;;;;;;;;;
;native forest;;;;;bag_of_words;;;;;;;;;;;;
;native pollinator;;;;;bag_of_words;;;;;;;;;;;;
;native species;;;;;bag_of_words;;;;;;;;;;;;
;natural area;;;;;bag_of_words;;;;;;;;;;;;
;natural assets;;;;;bag_of_words;;;;;;;;;;;;
;natural capital;;;;;bag_of_words;;;;;;;;;;;;
;natural capital accounts;;;;;bag_of_words;;;;;;;;;;;;
;natural direct drivers;;;;;bag_of_words;;;;;;;;;;;;
;natural disaster;;;;;bag_of_words;;;;;;;;;;;;
;natural habitat;;;;;bag_of_words;;;;;;;;;;;;
;natural heritage;;;;;bag_of_words;;;;;;;;;;;;
;natural resources;;;;;bag_of_words;;;;;;;;;;;;
;natural social contracts;;;;;bag_of_words;;;;;;;;;;;;
;naturalized species;;;;;bag_of_words;;;;;;;;;;;;
;nature;;;;;bag_of_words;;;;;;;;;;;;
;nature deficit disorder;;;;;bag_of_words;;;;;;;;;;;;
;nature futures framework;;;;;bag_of_words;;;;;;;;;;;;
;nature’s benefits to people;;;;;bag_of_words;;;;;;;;;;;;
;nature’s non-material benefits;;;;;bag_of_words;;;;;;;;;;;;
;nature-based recreation;;;;;bag_of_words;;;;;;;;;;;;
;nature-based solutions;;;;;bag_of_words;;;;;;;;;;;;
;nature-based tourism;;;;;bag_of_words;;;;;;;;;;;;
;nature-positive financial flows;;;;;bag_of_words;;;;;;;;;;;;
;nature's contributions to people;;;;;bag_of_words;;;;;;;;;;;;
;ncp (potential);;;;;bag_of_words;;;;;;;;;;;;
;ncp (realized);;;;;bag_of_words;;;;;;;;;;;;
;near surface ozone;;;;;bag_of_words;;;;;;;;;;;;
;negative;;;;;bag_of_words;;;;;;;;;;;;
;neo-endemic taxa;;;;;bag_of_words;;;;;;;;;;;;
;neoliberalism;;;;;bag_of_words;;;;;;;;;;;;
;nested (in plant-pollinator networks (q.v.));;;;;bag_of_words;;;;;;;;;;;;
;net biome production;;;;;bag_of_words;;;;;;;;;;;;
;net ecosystem production;;;;;bag_of_words;;;;;;;;;;;;
;net positive impact;;;;;bag_of_words;;;;;;;;;;;;
;net present value;;;;;bag_of_words;;;;;;;;;;;;
;net primary production;;;;;bag_of_words;;;;;;;;;;;;
;network governance;;;;;bag_of_words;;;;;;;;;;;;
;networking;;;;;bag_of_words;;;;;;;;;;;;
;nexus;;;;;bag_of_words;;;;;;;;;;;;
;nexus approach;;;;;bag_of_words;;;;;;;;;;;;
;nexus challenges;;;;;bag_of_words;;;;;;;;;;;;
;nexus element;;;;;bag_of_words;;;;;;;;;;;;
;nexus governance;;;;;bag_of_words;;;;;;;;;;;;
;nexus scenario archetype;;;;;bag_of_words;;;;;;;;;;;;
;niche (ecological);;;;;bag_of_words;;;;;;;;;;;;
;niche model;;;;;bag_of_words;;;;;;;;;;;;
;night light development index;;;;;bag_of_words;;;;;;;;;;;;
;nitrogen deposition;;;;;bag_of_words;;;;;;;;;;;;
;nitrogen-fixing species;;;;;bag_of_words;;;;;;;;;;;;
;non-anthropocentric;;;;;bag_of_words;;;;;;;;;;;;
;non-anthropocentric value;;;;;bag_of_words;;;;;;;;;;;;
;non-anthropogenic;;;;;bag_of_words;;;;;;;;;;;;
;non-extractive practices;;;;;bag_of_words;;;;;;;;;;;;
;non-human entities;;;;;bag_of_words;;;;;;;;;;;;
;non-indigenous species;;;;;bag_of_words;;;;;;;;;;;;
;non-instrumental value;;;;;bag_of_words;;;;;;;;;;;;
;non-lethal harvest;;;;;bag_of_words;;;;;;;;;;;;
;non-linear;;;;;bag_of_words;;;;;;;;;;;;
;non-monetary valuation;;;;;bag_of_words;;;;;;;;;;;;
;non-timber forest product;;;;;bag_of_words;;;;;;;;;;;;
;non-timber resource;;;;;bag_of_words;;;;;;;;;;;;
;normative principles;;;;;bag_of_words;;;;;;;;;;;;
;normative scenarios;;;;;bag_of_words;;;;;;;;;;;;
;norms;;;;;bag_of_words;;;;;;;;;;;;
;nox;;;;;bag_of_words;;;;;;;;;;;;
;nutrient availability;;;;;bag_of_words;;;;;;;;;;;;
;nutrient cycle;;;;;bag_of_words;;;;;;;;;;;;
;nutrient cycling;;;;;bag_of_words;;;;;;;;;;;;
;objectives;;;;;bag_of_words;;;;;;;;;;;;
;observation;;;;;bag_of_words;;;;;;;;;;;;
;observing;;;;;bag_of_words;;;;;;;;;;;;
;ocean acidification;;;;;bag_of_words;;;;;;;;;;;;
;oceanic gyre;;;;;bag_of_words;;;;;;;;;;;;
;oceanic oxygen minimum zones;;;;;bag_of_words;;;;;;;;;;;;
;oecm;;;;;bag_of_words;;;;;;;;;;;;
;official development assistance;;;;;bag_of_words;;;;;;;;;;;;
;official development finance;;;;;bag_of_words;;;;;;;;;;;;
;offshore wind farms;;;;;bag_of_words;;;;;;;;;;;;
;oil spill;;;;;bag_of_words;;;;;;;;;;;;
;old-growth forest;;;;;bag_of_words;;;;;;;;;;;;
;oligotrophic;;;;;bag_of_words;;;;;;;;;;;;
;one biosecurity;;;;;bag_of_words;;;;;;;;;;;;
;one health;;;;;bag_of_words;;;;;;;;;;;;
;ontology;;;;;bag_of_words;;;;;;;;;;;;
;open ocean pelagic systems;;;;;bag_of_words;;;;;;;;;;;;
;opportunity cost;;;;;bag_of_words;;;;;;;;;;;;
;option value;;;;;bag_of_words;;;;;;;;;;;;
;organic agriculture;;;;;bag_of_words;;;;;;;;;;;;
;organic farming;;;;;bag_of_words;;;;;;;;;;;;
;other effective area-based conservation measures;;;;;bag_of_words;;;;;;;;;;;;
;other official flows;;;;;bag_of_words;;;;;;;;;;;;
;outcomes;;;;;bag_of_words;;;;;;;;;;;;
;overexploitation;;;;;bag_of_words;;;;;;;;;;;;
;over-exploitation;;;;;bag_of_words;;;;;;;;;;;;
;overgrazing;;;;;bag_of_words;;;;;;;;;;;;
;overstocking;;;;;bag_of_words;;;;;;;;;;;;
;ownership;;;;;bag_of_words;;;;;;;;;;;;
;paired catchment;;;;;bag_of_words;;;;;;;;;;;;
;paleological data;;;;;bag_of_words;;;;;;;;;;;;
;palma ratio;;;;;bag_of_words;;;;;;;;;;;;
;paradigms;;;;;bag_of_words;;;;;;;;;;;;
;parasite;;;;;bag_of_words;;;;;;;;;;;;
;paris agreement;;;;;bag_of_words;;;;;;;;;;;;
;participation;;;;;bag_of_words;;;;;;;;;;;;
;participatory;;;;;bag_of_words;;;;;;;;;;;;
;participatory governance;;;;;bag_of_words;;;;;;;;;;;;
;participatory mapping;;;;;bag_of_words;;;;;;;;;;;;
;participatory method;;;;;bag_of_words;;;;;;;;;;;;
;participatory process;;;;;bag_of_words;;;;;;;;;;;;
;participatory scenario development (and planning);;;;;bag_of_words;;;;;;;;;;;;
;particulate and gaseous pollutant;;;;;bag_of_words;;;;;;;;;;;;
;particulate matter;;;;;bag_of_words;;;;;;;;;;;;
;particulate organic carbon;;;;;bag_of_words;;;;;;;;;;;;
;particulate organic matter;;;;;bag_of_words;;;;;;;;;;;;
;partnership;;;;;bag_of_words;;;;;;;;;;;;
;passive restoration;;;;;bag_of_words;;;;;;;;;;;;
;pastoralism;;;;;bag_of_words;;;;;;;;;;;;
;pastoralist;;;;;bag_of_words;;;;;;;;;;;;
;path dependency;;;;;bag_of_words;;;;;;;;;;;;
;pathway management;;;;;bag_of_words;;;;;;;;;;;;
;pathways;;;;;bag_of_words;;;;;;;;;;;;
;patriarchy;;;;;bag_of_words;;;;;;;;;;;;
;patrimonial species;;;;;bag_of_words;;;;;;;;;;;;
;payment for ecosystem services;;;;;bag_of_words;;;;;;;;;;;;
;peatland;;;;;bag_of_words;;;;;;;;;;;;
;pedosphere;;;;;bag_of_words;;;;;;;;;;;;
;pelagic;;;;;bag_of_words;;;;;;;;;;;;
;people and plants initiative;;;;;bag_of_words;;;;;;;;;;;;
;perceptions;;;;;bag_of_words;;;;;;;;;;;;
;perennial;;;;;bag_of_words;;;;;;;;;;;;
;permaculture;;;;;bag_of_words;;;;;;;;;;;;
;permafrost;;;;;bag_of_words;;;;;;;;;;;;
;permeability;;;;;bag_of_words;;;;;;;;;;;;
;persistent organic pollutant;;;;;bag_of_words;;;;;;;;;;;;
;pest;;;;;bag_of_words;;;;;;;;;;;;
;pesticide;;;;;bag_of_words;;;;;;;;;;;;
;phenological shifts;;;;;bag_of_words;;;;;;;;;;;;
;phenology;;;;;bag_of_words;;;;;;;;;;;;
;phenotype;;;;;bag_of_words;;;;;;;;;;;;
;phenotypic attributes (biodiversity);;;;;bag_of_words;;;;;;;;;;;;
;phenotypic plasticity;;;;;bag_of_words;;;;;;;;;;;;
;phylogenetic diversity;;;;;bag_of_words;;;;;;;;;;;;
;phylogenetic endemism;;;;;bag_of_words;;;;;;;;;;;;
;phylum;;;;;bag_of_words;;;;;;;;;;;;
;phytophilia;;;;;bag_of_words;;;;;;;;;;;;
;phytoplankton;;;;;bag_of_words;;;;;;;;;;;;
;planetary boundary;;;;;bag_of_words;;;;;;;;;;;;
;planetary health;;;;;bag_of_words;;;;;;;;;;;;
;plankton;;;;;bag_of_words;;;;;;;;;;;;
;planned obsolescence;;;;;bag_of_words;;;;;;;;;;;;
;planning;;;;;bag_of_words;;;;;;;;;;;;
;planning and zoning;;;;;bag_of_words;;;;;;;;;;;;
;plant breeding system;;;;;bag_of_words;;;;;;;;;;;;
;plant mating system;;;;;bag_of_words;;;;;;;;;;;;
;plantation forest;;;;;bag_of_words;;;;;;;;;;;;
;plant-pollinator network;;;;;bag_of_words;;;;;;;;;;;;
;plausible futures;;;;;bag_of_words;;;;;;;;;;;;
;plenary;;;;;bag_of_words;;;;;;;;;;;;
;pluralism;;;;;bag_of_words;;;;;;;;;;;;
;plurality;;;;;bag_of_words;;;;;;;;;;;;
;pluriverse;;;;;bag_of_words;;;;;;;;;;;;
;poaching;;;;;bag_of_words;;;;;;;;;;;;
;point source;;;;;bag_of_words;;;;;;;;;;;;
;policy;;;;;bag_of_words;;;;;;;;;;;;
;policy and socio-political options;;;;;bag_of_words;;;;;;;;;;;;
;policy autonomy;;;;;bag_of_words;;;;;;;;;;;;
;policy coherence;;;;;bag_of_words;;;;;;;;;;;;
;policy context;;;;;bag_of_words;;;;;;;;;;;;
;policy cycle;;;;;bag_of_words;;;;;;;;;;;;
;policy inertia;;;;;bag_of_words;;;;;;;;;;;;
;policy instrument;;;;;bag_of_words;;;;;;;;;;;;
;policy instruments;;;;;bag_of_words;;;;;;;;;;;;
;policy mix;;;;;bag_of_words;;;;;;;;;;;;
;policy option;;;;;bag_of_words;;;;;;;;;;;;
;policy options (for the use of wild species);;;;;bag_of_words;;;;;;;;;;;;
;policy regime;;;;;bag_of_words;;;;;;;;;;;;
;policy scenarios;;;;;bag_of_words;;;;;;;;;;;;
;policy support tool;;;;;bag_of_words;;;;;;;;;;;;
;policy tool;;;;;bag_of_words;;;;;;;;;;;;
;policy-cycle;;;;;bag_of_words;;;;;;;;;;;;
;policy-evaluation scenarios;;;;;bag_of_words;;;;;;;;;;;;
;policymaking;;;;;bag_of_words;;;;;;;;;;;;
;policy-screening scenarios;;;;;bag_of_words;;;;;;;;;;;;
;policy-support tools;;;;;bag_of_words;;;;;;;;;;;;
;policy-support tools and methodologies;;;;;bag_of_words;;;;;;;;;;;;
;pollen limitation;;;;;bag_of_words;;;;;;;;;;;;
;pollination;;;;;bag_of_words;;;;;;;;;;;;
;pollination effectiveness;;;;;bag_of_words;;;;;;;;;;;;
;pollination efficiency;;;;;bag_of_words;;;;;;;;;;;;
;pollination service;;;;;bag_of_words;;;;;;;;;;;;
;pollination web;;;;;bag_of_words;;;;;;;;;;;;
;pollinator;;;;;bag_of_words;;;;;;;;;;;;
;pollinator decline;;;;;bag_of_words;;;;;;;;;;;;
;pollinator dependence;;;;;bag_of_words;;;;;;;;;;;;
;polluter-pays principle;;;;;bag_of_words;;;;;;;;;;;;
;pollution;;;;;bag_of_words;;;;;;;;;;;;
;polycentric governance;;;;;bag_of_words;;;;;;;;;;;;
;polycentric governance system;;;;;bag_of_words;;;;;;;;;;;;
;polycentricity;;;;;bag_of_words;;;;;;;;;;;;
;polycrisis;;;;;bag_of_words;;;;;;;;;;;;
;polyculture;;;;;bag_of_words;;;;;;;;;;;;
;polymerase chain reaction;;;;;bag_of_words;;;;;;;;;;;;
;polyphyletic taxon;;;;;bag_of_words;;;;;;;;;;;;
;population bottleneck;;;;;bag_of_words;;;;;;;;;;;;
;population dynamics;;;;;bag_of_words;;;;;;;;;;;;
;population genetic structure;;;;;bag_of_words;;;;;;;;;;;;
;pore-water pressure;;;;;bag_of_words;;;;;;;;;;;;
;poverty;;;;;bag_of_words;;;;;;;;;;;;
;poverty line;;;;;bag_of_words;;;;;;;;;;;;
;power;;;;;bag_of_words;;;;;;;;;;;;
;power relations;;;;;bag_of_words;;;;;;;;;;;;
;powerful actors;;;;;bag_of_words;;;;;;;;;;;;
;practice;;;;;bag_of_words;;;;;;;;;;;;
;practices;;;;;bag_of_words;;;;;;;;;;;;
;practices (type of wild species practices);;;;;bag_of_words;;;;;;;;;;;;
;precautionary approach;;;;;bag_of_words;;;;;;;;;;;;
;precautionary principle;;;;;bag_of_words;;;;;;;;;;;;
;prediction;;;;;bag_of_words;;;;;;;;;;;;
;predictive modelling;;;;;bag_of_words;;;;;;;;;;;;
;preference;;;;;bag_of_words;;;;;;;;;;;;
;preparedness (in the context of invasive alien species management);;;;;bag_of_words;;;;;;;;;;;;
;pressures;;;;;bag_of_words;;;;;;;;;;;;
;prevention;;;;;bag_of_words;;;;;;;;;;;;
;preventive response;;;;;bag_of_words;;;;;;;;;;;;
;price;;;;;bag_of_words;;;;;;;;;;;;
;primary production;;;;;bag_of_words;;;;;;;;;;;;
;primary vegetation;;;;;bag_of_words;;;;;;;;;;;;
;principle of compatibility;;;;;bag_of_words;;;;;;;;;;;;
;principles;;;;;bag_of_words;;;;;;;;;;;;
;prior informed consent;;;;;bag_of_words;;;;;;;;;;;;
;private deforestation;;;;;bag_of_words;;;;;;;;;;;;
;problem identification;;;;;bag_of_words;;;;;;;;;;;;
;procedural justice;;;;;bag_of_words;;;;;;;;;;;;
;procedures;;;;;bag_of_words;;;;;;;;;;;;
;process-based model;;;;;bag_of_words;;;;;;;;;;;;
;producer surplus;;;;;bag_of_words;;;;;;;;;;;;
;production function;;;;;bag_of_words;;;;;;;;;;;;
;profit;;;;;bag_of_words;;;;;;;;;;;;
;projection;;;;;bag_of_words;;;;;;;;;;;;
;propagule pressure;;;;;bag_of_words;;;;;;;;;;;;
;protected area;;;;;bag_of_words;;;;;;;;;;;;
;protected area downgrading, downsizing and degazettement;;;;;bag_of_words;;;;;;;;;;;;
;protected areas;;;;;bag_of_words;;;;;;;;;;;;
;protocols;;;;;bag_of_words;;;;;;;;;;;;
;provisioning service;;;;;bag_of_words;;;;;;;;;;;;
;public-private partnership;;;;;bag_of_words;;;;;;;;;;;;
;purchasing power parity;;;;;bag_of_words;;;;;;;;;;;;
;qualitative storyline;;;;;bag_of_words;;;;;;;;;;;;
;quality of life;;;;;bag_of_words;;;;;;;;;;;;
;quantitative model;;;;;bag_of_words;;;;;;;;;;;;
;racism;;;;;bag_of_words;;;;;;;;;;;;
;radiative forcing;;;;;bag_of_words;;;;;;;;;;;;
;ramsar convention on wetlands;;;;;bag_of_words;;;;;;;;;;;;
;ramsar site;;;;;bag_of_words;;;;;;;;;;;;
;range;;;;;bag_of_words;;;;;;;;;;;;
;range shift;;;;;bag_of_words;;;;;;;;;;;;
;rangeland;;;;;bag_of_words;;;;;;;;;;;;
;reactive nitrogen;;;;;bag_of_words;;;;;;;;;;;;
;reality;;;;;bag_of_words;;;;;;;;;;;;
;realm (biogeography);;;;;bag_of_words;;;;;;;;;;;;
;rebound effect;;;;;bag_of_words;;;;;;;;;;;;
;rebound effects;;;;;bag_of_words;;;;;;;;;;;;
;reciprocity;;;;;bag_of_words;;;;;;;;;;;;
;reclamation;;;;;bag_of_words;;;;;;;;;;;;
;recognition;;;;;bag_of_words;;;;;;;;;;;;
;recreational uses (of wild species);;;;;bag_of_words;;;;;;;;;;;;
;recreational values;;;;;bag_of_words;;;;;;;;;;;;
;recruitment;;;;;bag_of_words;;;;;;;;;;;;
;reduced impact logging;;;;;bag_of_words;;;;;;;;;;;;
;reducing emissions from deforestation and forest degradation;;;;;bag_of_words;;;;;;;;;;;;
;reflexivity;;;;;bag_of_words;;;;;;;;;;;;
;reforestation;;;;;bag_of_words;;;;;;;;;;;;
;reformist responses (in the context of biodiversity);;;;;bag_of_words;;;;;;;;;;;;
;regeneration;;;;;bag_of_words;;;;;;;;;;;;
;regenerative agriculture;;;;;bag_of_words;;;;;;;;;;;;
;regime;;;;;bag_of_words;;;;;;;;;;;;
;regime shift;;;;;bag_of_words;;;;;;;;;;;;
;regional;;;;;bag_of_words;;;;;;;;;;;;
;regional cooperation platform;;;;;bag_of_words;;;;;;;;;;;;
;regulations;;;;;bag_of_words;;;;;;;;;;;;
;rehabilitation;;;;;bag_of_words;;;;;;;;;;;;
;relational value;;;;;bag_of_words;;;;;;;;;;;;
;relational values;;;;;bag_of_words;;;;;;;;;;;;
;relations of domination;;;;;bag_of_words;;;;;;;;;;;;
;remediation;;;;;bag_of_words;;;;;;;;;;;;
;remote sensing;;;;;bag_of_words;;;;;;;;;;;;
;renewable energy;;;;;bag_of_words;;;;;;;;;;;;
;report;;;;;bag_of_words;;;;;;;;;;;;
;reporting;;;;;bag_of_words;;;;;;;;;;;;
;representation concentration pathway;;;;;bag_of_words;;;;;;;;;;;;
;representative concentration pathways;;;;;bag_of_words;;;;;;;;;;;;
;resilience;;;;;bag_of_words;;;;;;;;;;;;
;resilience (of socio-ecological systems);;;;;bag_of_words;;;;;;;;;;;;
;resolution (spatial or temporal);;;;;bag_of_words;;;;;;;;;;;;
;resources;;;;;bag_of_words;;;;;;;;;;;;
;respect (towards nature);;;;;bag_of_words;;;;;;;;;;;;
;response option;;;;;bag_of_words;;;;;;;;;;;;
;response options;;;;;bag_of_words;;;;;;;;;;;;
;responsibilities;;;;;bag_of_words;;;;;;;;;;;;
;responsibility;;;;;bag_of_words;;;;;;;;;;;;
;restoration;;;;;bag_of_words;;;;;;;;;;;;
;restore;;;;;bag_of_words;;;;;;;;;;;;
;retributive justice;;;;;bag_of_words;;;;;;;;;;;;
;revalorization;;;;;bag_of_words;;;;;;;;;;;;
;revitalization;;;;;bag_of_words;;;;;;;;;;;;
;rewilding;;;;;bag_of_words;;;;;;;;;;;;
;re-wilding;;;;;bag_of_words;;;;;;;;;;;;
;richness;;;;;bag_of_words;;;;;;;;;;;;
;richness (biodiversity);;;;;bag_of_words;;;;;;;;;;;;
;richness (species richness);;;;;bag_of_words;;;;;;;;;;;;
;rightholder;;;;;bag_of_words;;;;;;;;;;;;
;rights;;;;;bag_of_words;;;;;;;;;;;;
;rights based approach;;;;;bag_of_words;;;;;;;;;;;;
;rights-based and customary instrument;;;;;bag_of_words;;;;;;;;;;;;
;risk;;;;;bag_of_words;;;;;;;;;;;;
;risks;;;;;bag_of_words;;;;;;;;;;;;
;ritual uses (of wild species);;;;;bag_of_words;;;;;;;;;;;;
;roles;;;;;bag_of_words;;;;;;;;;;;;
;rotational grazing;;;;;bag_of_words;;;;;;;;;;;;
;roundwood (industrial);;;;;bag_of_words;;;;;;;;;;;;
;route of invasion;;;;;bag_of_words;;;;;;;;;;;;
;rubin causal model;;;;;bag_of_words;;;;;;;;;;;;
;rules and regulations;;;;;bag_of_words;;;;;;;;;;;;
;rural development;;;;;bag_of_words;;;;;;;;;;;;
;sacred grove;;;;;bag_of_words;;;;;;;;;;;;
;sacred natural sites;;;;;bag_of_words;;;;;;;;;;;;
;sacrilegious;;;;;bag_of_words;;;;;;;;;;;;
;safe trade;;;;;bag_of_words;;;;;;;;;;;;
;safeguards;;;;;bag_of_words;;;;;;;;;;;;
;saffu;;;;;bag_of_words;;;;;;;;;;;;
;salinization;;;;;bag_of_words;;;;;;;;;;;;
;satoyama initiative;;;;;bag_of_words;;;;;;;;;;;;
;satoyama, satoumi, fūdo;;;;;bag_of_words;;;;;;;;;;;;
;satoyama-satoumi;;;;;bag_of_words;;;;;;;;;;;;
;savanna;;;;;bag_of_words;;;;;;;;;;;;
;sawnwood;;;;;bag_of_words;;;;;;;;;;;;
;scale;;;;;bag_of_words;;;;;;;;;;;;
;scale paradox;;;;;bag_of_words;;;;;;;;;;;;
;scaling;;;;;bag_of_words;;;;;;;;;;;;
;scapes (land/sea) approach;;;;;bag_of_words;;;;;;;;;;;;
;scenario;;;;;bag_of_words;;;;;;;;;;;;
;scenario analysis;;;;;bag_of_words;;;;;;;;;;;;
;scenario archetypes;;;;;bag_of_words;;;;;;;;;;;;
;scenario storylines or narratives;;;;;bag_of_words;;;;;;;;;;;;
;scenarios;;;;;bag_of_words;;;;;;;;;;;;
;scenarios (nexus);;;;;bag_of_words;;;;;;;;;;;;
;scenarios archetypes (nexus);;;;;bag_of_words;;;;;;;;;;;;
;scenarios;;;;;bag_of_words;;;;;;;;;;;;
;science-policy interface;;;;;bag_of_words;;;;;;;;;;;;
;scientific uncertainty;;;;;bag_of_words;;;;;;;;;;;;
;sea ice;;;;;bag_of_words;;;;;;;;;;;;
;sea mount;;;;;bag_of_words;;;;;;;;;;;;
;sea surface temperature;;;;;bag_of_words;;;;;;;;;;;;
;sea-level rise;;;;;bag_of_words;;;;;;;;;;;;
;seascape;;;;;bag_of_words;;;;;;;;;;;;
;seasonal;;;;;bag_of_words;;;;;;;;;;;;
;second-growth forest;;;;;bag_of_words;;;;;;;;;;;;
;sector;;;;;bag_of_words;;;;;;;;;;;;
;sedentarization;;;;;bag_of_words;;;;;;;;;;;;
;sedimentary upper slope;;;;;bag_of_words;;;;;;;;;;;;
;selection pressure;;;;;bag_of_words;;;;;;;;;;;;
;selective hunting;;;;;bag_of_words;;;;;;;;;;;;
;selective logging;;;;;bag_of_words;;;;;;;;;;;;
;semi-natural ecosystem;;;;;bag_of_words;;;;;;;;;;;;
;sense of place;;;;;bag_of_words;;;;;;;;;;;;
;sentinel sites or locations;;;;;bag_of_words;;;;;;;;;;;;
;sessile;;;;;bag_of_words;;;;;;;;;;;;
;set-aside fields;;;;;bag_of_words;;;;;;;;;;;;
;sewage;;;;;bag_of_words;;;;;;;;;;;;
;shale gas;;;;;bag_of_words;;;;;;;;;;;;
;shamanism;;;;;bag_of_words;;;;;;;;;;;;
;shared socioeconomic pathways;;;;;bag_of_words;;;;;;;;;;;;
;shared socio-economic pathways;;;;;bag_of_words;;;;;;;;;;;;
;shared values;;;;;bag_of_words;;;;;;;;;;;;
;shareholder primacy;;;;;bag_of_words;;;;;;;;;;;;
;sharing;;;;;bag_of_words;;;;;;;;;;;;
;shelf ecosystem;;;;;bag_of_words;;;;;;;;;;;;
;shifting baseline syndrome;;;;;bag_of_words;;;;;;;;;;;;
;shifting cultivation;;;;;bag_of_words;;;;;;;;;;;;
;shinto shrine;;;;;bag_of_words;;;;;;;;;;;;
;short-lived climate forcers;;;;;bag_of_words;;;;;;;;;;;;
;short-lived climate pollutants;;;;;bag_of_words;;;;;;;;;;;;
;siida;;;;;bag_of_words;;;;;;;;;;;;
;siloed approach;;;;;bag_of_words;;;;;;;;;;;;
;silviculture;;;;;bag_of_words;;;;;;;;;;;;
;silvopastoralism;;;;;bag_of_words;;;;;;;;;;;;
;site-based management;;;;;bag_of_words;;;;;;;;;;;;
;slash-and-burn agriculture;;;;;bag_of_words;;;;;;;;;;;;
;small-scale fisheries;;;;;bag_of_words;;;;;;;;;;;;
;smart city;;;;;bag_of_words;;;;;;;;;;;;
;smriti veda;;;;;bag_of_words;;;;;;;;;;;;
;social and cultural based instrument;;;;;bag_of_words;;;;;;;;;;;;
;social behaviour;;;;;bag_of_words;;;;;;;;;;;;
;social capital;;;;;bag_of_words;;;;;;;;;;;;
;social construction;;;;;bag_of_words;;;;;;;;;;;;
;social inequality;;;;;bag_of_words;;;;;;;;;;;;
;social justice;;;;;bag_of_words;;;;;;;;;;;;
;social learning;;;;;bag_of_words;;;;;;;;;;;;
;social marginalization;;;;;bag_of_words;;;;;;;;;;;;
;social movements;;;;;bag_of_words;;;;;;;;;;;;
;social network;;;;;bag_of_words;;;;;;;;;;;;
;social norms;;;;;bag_of_words;;;;;;;;;;;;
;social responsibility;;;;;bag_of_words;;;;;;;;;;;;
;social safety net;;;;;bag_of_words;;;;;;;;;;;;
;social security;;;;;bag_of_words;;;;;;;;;;;;
;social tipping point;;;;;bag_of_words;;;;;;;;;;;;
;social values;;;;;bag_of_words;;;;;;;;;;;;
;social welfare;;;;;bag_of_words;;;;;;;;;;;;
;social-ecological resilience;;;;;bag_of_words;;;;;;;;;;;;
;social-ecological systems;;;;;bag_of_words;;;;;;;;;;;;
;socialism;;;;;bag_of_words;;;;;;;;;;;;
;societies;;;;;bag_of_words;;;;;;;;;;;;
;socio-cultural value;;;;;bag_of_words;;;;;;;;;;;;
;socio-ecological production landscapes and seascapes;;;;;bag_of_words;;;;;;;;;;;;
;socio-ecological systems;;;;;bag_of_words;;;;;;;;;;;;
;socio-economic driver;;;;;bag_of_words;;;;;;;;;;;;
;socio-economic system;;;;;bag_of_words;;;;;;;;;;;;
;socioeconomic transformations;;;;;bag_of_words;;;;;;;;;;;;
;socionature;;;;;bag_of_words;;;;;;;;;;;;
;sociotechnical infrastructures;;;;;bag_of_words;;;;;;;;;;;;
;sociotechnical transitions;;;;;bag_of_words;;;;;;;;;;;;
;soil;;;;;bag_of_words;;;;;;;;;;;;
;soil acidification;;;;;bag_of_words;;;;;;;;;;;;
;soil biodiversity loss;;;;;bag_of_words;;;;;;;;;;;;
;soil compaction;;;;;bag_of_words;;;;;;;;;;;;
;soil contamination;;;;;bag_of_words;;;;;;;;;;;;
;soil degradation;;;;;bag_of_words;;;;;;;;;;;;
;soil ecosystem function;;;;;bag_of_words;;;;;;;;;;;;
;soil fertility;;;;;bag_of_words;;;;;;;;;;;;
;soil formation rate;;;;;bag_of_words;;;;;;;;;;;;
;soil health;;;;;bag_of_words;;;;;;;;;;;;
;soil organic carbon;;;;;bag_of_words;;;;;;;;;;;;
;soil organic matter;;;;;bag_of_words;;;;;;;;;;;;
;soil pollution;;;;;bag_of_words;;;;;;;;;;;;
;soil process;;;;;bag_of_words;;;;;;;;;;;;
;soil quality;;;;;bag_of_words;;;;;;;;;;;;
;soil salinization;;;;;bag_of_words;;;;;;;;;;;;
;soil sealing;;;;;bag_of_words;;;;;;;;;;;;
;soil stability;;;;;bag_of_words;;;;;;;;;;;;
;soil structure;;;;;bag_of_words;;;;;;;;;;;;
;solitary bee;;;;;bag_of_words;;;;;;;;;;;;
;sovereignty principle;;;;;bag_of_words;;;;;;;;;;;;
;spatial;;;;;bag_of_words;;;;;;;;;;;;
;spatial downscaling;;;;;bag_of_words;;;;;;;;;;;;
;spatial scale;;;;;bag_of_words;;;;;;;;;;;;
;specialist species;;;;;bag_of_words;;;;;;;;;;;;
;species;;;;;bag_of_words;;;;;;;;;;;;
;species composition;;;;;bag_of_words;;;;;;;;;;;;
;species distribution model;;;;;bag_of_words;;;;;;;;;;;;
;species extirpation;;;;;bag_of_words;;;;;;;;;;;;
;species richness;;;;;bag_of_words;;;;;;;;;;;;
;species trait;;;;;bag_of_words;;;;;;;;;;;;
;species-area relationship;;;;;bag_of_words;;;;;;;;;;;;
;species-led management;;;;;bag_of_words;;;;;;;;;;;;
;specific values;;;;;bag_of_words;;;;;;;;;;;;
;speculative (certainty term (q.v.));;;;;bag_of_words;;;;;;;;;;;;
;spheres of influence;;;;;bag_of_words;;;;;;;;;;;;
;spillover;;;;;bag_of_words;;;;;;;;;;;;
;spillover (a. reference to populations, b. reference to disease transmission);;;;;bag_of_words;;;;;;;;;;;;
;spillover effect;;;;;bag_of_words;;;;;;;;;;;;
;spillover effects;;;;;bag_of_words;;;;;;;;;;;;
;spiritual reconnection;;;;;bag_of_words;;;;;;;;;;;;
;spirituality;;;;;bag_of_words;;;;;;;;;;;;
;stability (socio-ecological system);;;;;bag_of_words;;;;;;;;;;;;
;stages of invasion;;;;;bag_of_words;;;;;;;;;;;;
;stakeholder;;;;;bag_of_words;;;;;;;;;;;;
;state (socio-ecological system);;;;;bag_of_words;;;;;;;;;;;;
;statistical downscaling;;;;;bag_of_words;;;;;;;;;;;;
;statistical model;;;;;bag_of_words;;;;;;;;;;;;
;status;;;;;bag_of_words;;;;;;;;;;;;
;stewardship;;;;;bag_of_words;;;;;;;;;;;;
;stewardship practice;;;;;bag_of_words;;;;;;;;;;;;
;stingless bee;;;;;bag_of_words;;;;;;;;;;;;
;stochastic uncertainty;;;;;bag_of_words;;;;;;;;;;;;
;storyline;;;;;bag_of_words;;;;;;;;;;;;
;stranded assets;;;;;bag_of_words;;;;;;;;;;;;
;strategic environmental assessment;;;;;bag_of_words;;;;;;;;;;;;
;stratification (water column);;;;;bag_of_words;;;;;;;;;;;;
;strengths;;;;;bag_of_words;;;;;;;;;;;;
;stressor;;;;;bag_of_words;;;;;;;;;;;;
;structures;;;;;bag_of_words;;;;;;;;;;;;
;subregion;;;;;bag_of_words;;;;;;;;;;;;
;subsistence;;;;;bag_of_words;;;;;;;;;;;;
;subsistence agriculture;;;;;bag_of_words;;;;;;;;;;;;
;succession (ecological);;;;;bag_of_words;;;;;;;;;;;;
;suma qamaña;;;;;bag_of_words;;;;;;;;;;;;
;sumak kawsay and suma qamaña;;;;;bag_of_words;;;;;;;;;;;;
;summary for policymakers;;;;;bag_of_words;;;;;;;;;;;;
;supporting material;;;;;bag_of_words;;;;;;;;;;;;
;surface mining;;;;;bag_of_words;;;;;;;;;;;;
;surveillance;;;;;bag_of_words;;;;;;;;;;;;
;sustainability;;;;;bag_of_words;;;;;;;;;;;;
;sustainability transitions;;;;;bag_of_words;;;;;;;;;;;;
;sustainable community forestry;;;;;bag_of_words;;;;;;;;;;;;
;sustainable development;;;;;bag_of_words;;;;;;;;;;;;
;sustainable development goals;;;;;bag_of_words;;;;;;;;;;;;
;sustainable forest management;;;;;bag_of_words;;;;;;;;;;;;
;sustainable intensification;;;;;bag_of_words;;;;;;;;;;;;
;sustainable intensive agriculture;;;;;bag_of_words;;;;;;;;;;;;
;sustainable land management;;;;;bag_of_words;;;;;;;;;;;;
;sustainable land use;;;;;bag_of_words;;;;;;;;;;;;
;sustainable livelihood;;;;;bag_of_words;;;;;;;;;;;;
;sustainable resource management;;;;;bag_of_words;;;;;;;;;;;;
;sustainable soil management;;;;;bag_of_words;;;;;;;;;;;;
;sustainable use;;;;;bag_of_words;;;;;;;;;;;;
;sustainable use (of biodiversity and its components);;;;;bag_of_words;;;;;;;;;;;;
;sustainable use;;;;;bag_of_words;;;;;;;;;;;;
;sustainably-intensified agriculture;;;;;bag_of_words;;;;;;;;;;;;
;swidden;;;;;bag_of_words;;;;;;;;;;;;
;swidden agriculture;;;;;bag_of_words;;;;;;;;;;;;
;symbiosis;;;;;bag_of_words;;;;;;;;;;;;
;synergies;;;;;bag_of_words;;;;;;;;;;;;
;synergy;;;;;bag_of_words;;;;;;;;;;;;
;synthesis report;;;;;bag_of_words;;;;;;;;;;;;
;synthetic biology;;;;;bag_of_words;;;;;;;;;;;;
;system;;;;;bag_of_words;;;;;;;;;;;;
;systematic review;;;;;bag_of_words;;;;;;;;;;;;
;systems of life;;;;;bag_of_words;;;;;;;;;;;;
;systems thinking;;;;;bag_of_words;;;;;;;;;;;;
;taboo;;;;;bag_of_words;;;;;;;;;;;;
;target;;;;;bag_of_words;;;;;;;;;;;;
;target condition;;;;;bag_of_words;;;;;;;;;;;;
;target-seeking scenario;;;;;bag_of_words;;;;;;;;;;;;
;taxon;;;;;bag_of_words;;;;;;;;;;;;
;taxonomic diversity;;;;;bag_of_words;;;;;;;;;;;;
;technical paper;;;;;bag_of_words;;;;;;;;;;;;
;technical summary;;;;;bag_of_words;;;;;;;;;;;;
;technocracy;;;;;bag_of_words;;;;;;;;;;;;
;technology;;;;;bag_of_words;;;;;;;;;;;;
;technology transfer;;;;;bag_of_words;;;;;;;;;;;;
;teleconnection;;;;;bag_of_words;;;;;;;;;;;;
;telecoupling;;;;;bag_of_words;;;;;;;;;;;;
;tele-grabbing;;;;;bag_of_words;;;;;;;;;;;;
;temporal scale;;;;;bag_of_words;;;;;;;;;;;;
;temporal scales;;;;;bag_of_words;;;;;;;;;;;;
;tenure;;;;;bag_of_words;;;;;;;;;;;;
;tenure security;;;;;bag_of_words;;;;;;;;;;;;
;teratogen;;;;;bag_of_words;;;;;;;;;;;;
;term;;;;;bag_of_words;;;;;;;;;;;;
;terrestrial;;;;;bag_of_words;;;;;;;;;;;;
;terrestrial animal harvesting;;;;;bag_of_words;;;;;;;;;;;;
;terrestrial productivity;;;;;bag_of_words;;;;;;;;;;;;
;territorial use rights in fisheries;;;;;bag_of_words;;;;;;;;;;;;
;territories;;;;;bag_of_words;;;;;;;;;;;;
;territories of life;;;;;bag_of_words;;;;;;;;;;;;
;thermodynamics;;;;;bag_of_words;;;;;;;;;;;;
;threatened species;;;;;bag_of_words;;;;;;;;;;;;
;threats;;;;;bag_of_words;;;;;;;;;;;;
;threshold;;;;;bag_of_words;;;;;;;;;;;;
;threshold effect;;;;;bag_of_words;;;;;;;;;;;;
;tidal flat;;;;;bag_of_words;;;;;;;;;;;;
;tillage;;;;;bag_of_words;;;;;;;;;;;;
;timber line;;;;;bag_of_words;;;;;;;;;;;;
;tipping point;;;;;bag_of_words;;;;;;;;;;;;
;tiwizi (ⵜⵉⵡⵉⵣⵉ);;;;;bag_of_words;;;;;;;;;;;;
;top down;;;;;bag_of_words;;;;;;;;;;;;
;topsoil;;;;;bag_of_words;;;;;;;;;;;;
;total allowable catch;;;;;bag_of_words;;;;;;;;;;;;
;total economic value;;;;;bag_of_words;;;;;;;;;;;;
;totemism;;;;;bag_of_words;;;;;;;;;;;;
;trade (formal or informal);;;;;bag_of_words;;;;;;;;;;;;
;trade-off;;;;;bag_of_words;;;;;;;;;;;;
;traditional agriculture;;;;;bag_of_words;;;;;;;;;;;;
;traditional and community-based management system;;;;;bag_of_words;;;;;;;;;;;;
;traditional and local knowledge;;;;;bag_of_words;;;;;;;;;;;;
;traditional ecological knowledge;;;;;bag_of_words;;;;;;;;;;;;
;traditional ecological/environmental knowledge;;;;;bag_of_words;;;;;;;;;;;;
;traditional ecosystem healing principle;;;;;bag_of_words;;;;;;;;;;;;
;traditional farming;;;;;bag_of_words;;;;;;;;;;;;
;traditional knowledge;;;;;bag_of_words;;;;;;;;;;;;
;traditional medicinal practice;;;;;bag_of_words;;;;;;;;;;;;
;tragedy of the commons;;;;;bag_of_words;;;;;;;;;;;;
;transboundary;;;;;bag_of_words;;;;;;;;;;;;
;transboundary pollution;;;;;bag_of_words;;;;;;;;;;;;
;transdisciplinary;;;;;bag_of_words;;;;;;;;;;;;
;transformability (part of resilience);;;;;bag_of_words;;;;;;;;;;;;
;transformation;;;;;bag_of_words;;;;;;;;;;;;
;transformative capacities;;;;;bag_of_words;;;;;;;;;;;;
;transformative change;;;;;bag_of_words;;;;;;;;;;;;
;transformative governance;;;;;bag_of_words;;;;;;;;;;;;
;transformative innovation policy;;;;;bag_of_words;;;;;;;;;;;;
;transformative learning;;;;;bag_of_words;;;;;;;;;;;;
;transformative potential;;;;;bag_of_words;;;;;;;;;;;;
;transhumance;;;;;bag_of_words;;;;;;;;;;;;
;transition;;;;;bag_of_words;;;;;;;;;;;;
;transition (socio-technical);;;;;bag_of_words;;;;;;;;;;;;
;transition risk;;;;;bag_of_words;;;;;;;;;;;;
;transitional pathway;;;;;bag_of_words;;;;;;;;;;;;
;translocation;;;;;bag_of_words;;;;;;;;;;;;
;transmission;;;;;bag_of_words;;;;;;;;;;;;
;tree-covered area;;;;;bag_of_words;;;;;;;;;;;;
;trees outside forest;;;;;bag_of_words;;;;;;;;;;;;
;trend;;;;;bag_of_words;;;;;;;;;;;;
;trends;;;;;bag_of_words;;;;;;;;;;;;
;trophic cascades;;;;;bag_of_words;;;;;;;;;;;;
;trophic level;;;;;bag_of_words;;;;;;;;;;;;
;trophic transfer;;;;;bag_of_words;;;;;;;;;;;;
;trophy hunting;;;;;bag_of_words;;;;;;;;;;;;
;turbidity;;;;;bag_of_words;;;;;;;;;;;;
;typology;;;;;bag_of_words;;;;;;;;;;;;
;ubuntu;;;;;bag_of_words;;;;;;;;;;;;
;ukama;;;;;bag_of_words;;;;;;;;;;;;
;uncertainty;;;;;bag_of_words;;;;;;;;;;;;
;underlying causes;;;;;bag_of_words;;;;;;;;;;;;
;units of analysis;;;;;bag_of_words;;;;;;;;;;;;
;universal health coverage;;;;;bag_of_words;;;;;;;;;;;;
;unpredictability;;;;;bag_of_words;;;;;;;;;;;;
;unresolved (certainty term (q.v.));;;;;bag_of_words;;;;;;;;;;;;
;unsustainable;;;;;bag_of_words;;;;;;;;;;;;
;upanishad;;;;;bag_of_words;;;;;;;;;;;;
;upscaling;;;;;bag_of_words;;;;;;;;;;;;
;upwelling;;;;;bag_of_words;;;;;;;;;;;;
;urban;;;;;bag_of_words;;;;;;;;;;;;
;urban ecosystem;;;;;bag_of_words;;;;;;;;;;;;
;urban heat island effect;;;;;bag_of_words;;;;;;;;;;;;
;urban metabolism;;;;;bag_of_words;;;;;;;;;;;;
;urban planning;;;;;bag_of_words;;;;;;;;;;;;
;urbanization;;;;;bag_of_words;;;;;;;;;;;;
;use;;;;;bag_of_words;;;;;;;;;;;;
;use of wild species;;;;;bag_of_words;;;;;;;;;;;;
;users;;;;;bag_of_words;;;;;;;;;;;;
;usufruct right;;;;;bag_of_words;;;;;;;;;;;;
;validation (of models);;;;;bag_of_words;;;;;;;;;;;;
;valuation;;;;;bag_of_words;;;;;;;;;;;;
;valuation approach;;;;;bag_of_words;;;;;;;;;;;;
;valuation method;;;;;bag_of_words;;;;;;;;;;;;
;value;;;;;bag_of_words;;;;;;;;;;;;
;value (as importance);;;;;bag_of_words;;;;;;;;;;;;
;value (as measure);;;;;bag_of_words;;;;;;;;;;;;
;value (as preference);;;;;bag_of_words;;;;;;;;;;;;
;value (as principle);;;;;bag_of_words;;;;;;;;;;;;
;value (as principles);;;;;bag_of_words;;;;;;;;;;;;
;value action gap;;;;;bag_of_words;;;;;;;;;;;;
;value articulating institution;;;;;bag_of_words;;;;;;;;;;;;
;value chains;;;;;bag_of_words;;;;;;;;;;;;
;value chains (that link production systems, markets and consumers);;;;;bag_of_words;;;;;;;;;;;;
;value change;;;;;bag_of_words;;;;;;;;;;;;
;value expression;;;;;bag_of_words;;;;;;;;;;;;
;value formation;;;;;bag_of_words;;;;;;;;;;;;
;value indicator;;;;;bag_of_words;;;;;;;;;;;;
;value monism;;;;;bag_of_words;;;;;;;;;;;;
;value pluralism;;;;;bag_of_words;;;;;;;;;;;;
;value system;;;;;bag_of_words;;;;;;;;;;;;
;values;;;;;bag_of_words;;;;;;;;;;;;
;values of nature;;;;;bag_of_words;;;;;;;;;;;;
;values system;;;;;bag_of_words;;;;;;;;;;;;
;valuing;;;;;bag_of_words;;;;;;;;;;;;
;vector;;;;;bag_of_words;;;;;;;;;;;;
;vector-borne pathogen;;;;;bag_of_words;;;;;;;;;;;;
;vested interests;;;;;bag_of_words;;;;;;;;;;;;
;views;;;;;bag_of_words;;;;;;;;;;;;
;violence;;;;;bag_of_words;;;;;;;;;;;;
;virtual water;;;;;bag_of_words;;;;;;;;;;;;
;virtual water balance;;;;;bag_of_words;;;;;;;;;;;;
;vision;;;;;bag_of_words;;;;;;;;;;;;
;visioning;;;;;bag_of_words;;;;;;;;;;;;
;visions (of the future);;;;;bag_of_words;;;;;;;;;;;;
;volatilization;;;;;bag_of_words;;;;;;;;;;;;
;vulnerability;;;;;bag_of_words;;;;;;;;;;;;
;vulnerability reduction;;;;;bag_of_words;;;;;;;;;;;;
;vulnerable population;;;;;bag_of_words;;;;;;;;;;;;
;waka taurua;;;;;bag_of_words;;;;;;;;;;;;
;warinyi;;;;;bag_of_words;;;;;;;;;;;;
;water;;;;;bag_of_words;;;;;;;;;;;;
;water (virtual);;;;;bag_of_words;;;;;;;;;;;;
;water footprint;;;;;bag_of_words;;;;;;;;;;;;
;water governance;;;;;bag_of_words;;;;;;;;;;;;
;water grabbing;;;;;bag_of_words;;;;;;;;;;;;
;water logging;;;;;bag_of_words;;;;;;;;;;;;
;water purification;;;;;bag_of_words;;;;;;;;;;;;
;water security;;;;;bag_of_words;;;;;;;;;;;;
;water security index;;;;;bag_of_words;;;;;;;;;;;;
;water stress;;;;;bag_of_words;;;;;;;;;;;;
;water table;;;;;bag_of_words;;;;;;;;;;;;
;water use efficiency;;;;;bag_of_words;;;;;;;;;;;;
;weaving;;;;;bag_of_words;;;;;;;;;;;;
;weed;;;;;bag_of_words;;;;;;;;;;;;
;welfare;;;;;bag_of_words;;;;;;;;;;;;
;well established (certainty term (q.v.));;;;;bag_of_words;;;;;;;;;;;;
;wellbeing;;;;;bag_of_words;;;;;;;;;;;;
;well-being;;;;;bag_of_words;;;;;;;;;;;;
;wellbeing (human);;;;;bag_of_words;;;;;;;;;;;;
;western culture;;;;;bag_of_words;;;;;;;;;;;;
;western science;;;;;bag_of_words;;;;;;;;;;;;
;wetland;;;;;bag_of_words;;;;;;;;;;;;
;whakapapa;;;;;bag_of_words;;;;;;;;;;;;
;whakataukī;;;;;bag_of_words;;;;;;;;;;;;
;widespread species;;;;;bag_of_words;;;;;;;;;;;;
;wild food;;;;;bag_of_words;;;;;;;;;;;;
;wild habitat;;;;;bag_of_words;;;;;;;;;;;;
;wild meat;;;;;bag_of_words;;;;;;;;;;;;
;wild pollinator;;;;;bag_of_words;;;;;;;;;;;;
;wild relative;;;;;bag_of_words;;;;;;;;;;;;
;wild species;;;;;bag_of_words;;;;;;;;;;;;
;wild species watching;;;;;bag_of_words;;;;;;;;;;;;
;wild;;;;;bag_of_words;;;;;;;;;;;;
;wilderness;;;;;bag_of_words;;;;;;;;;;;;
;wildlife;;;;;bag_of_words;;;;;;;;;;;;
;willingness-to-accept;;;;;bag_of_words;;;;;;;;;;;;
;willingness-to-pay;;;;;bag_of_words;;;;;;;;;;;;
;woody encroachment;;;;;bag_of_words;;;;;;;;;;;;
;world heritage site;;;;;bag_of_words;;;;;;;;;;;;
;worldview;;;;;bag_of_words;;;;;;;;;;;;
;worldviews;;;;;bag_of_words;;;;;;;;;;;;
;yindyamarra;;;;;bag_of_words;;;;;;;;;;;;
;zoonotic disease;;;;;bag_of_words;;;;;;;;;;;;
